{
  "type": "plane",
  "std_start_time": "04-27",
  "orig_start_time": "0855",
  "std_end_time": "",
  "orig_end_time": "",
  "std_invoice_time": "2025-04-27",
  "orig_invoice_time": "27APR",
  "place": "",
  "departure": "United Arab Emirates-Dubai",
  "arrival": "United Kingdom-London",
  "std_curr": "USD",
  "orig_curr": [],
  "std_total": "0.00",
  "orig_total": "",
  "buyer_name": [],
  "seller_name": [
    "Emirates"
  ],
  "seller_address": [],
  "invoice_number": "",
  "tax_number": "",
  "detail": []
}