{
  "type": "plane",
  "std_start_time": "2023-01-20",
  "orig_start_time": "20JAN23",
  "std_end_time": "",
  "orig_end_time": "",
  "std_invoice_time": "2023-01-20",
  "orig_invoice_time": "20JAN23",
  "place": "",
  "departure": "Indonesia-Jakarta",
  "arrival": "Indonesia-Medan",
  "std_curr": "USD",
  "orig_curr": [],
  "std_total": "0.00",
  "orig_total": "",
  "buyer_name": [
    "RAMLI / HANDY"
  ],
  "seller_name": [
    "AirAsia"
  ],
  "seller_address": [],
  "invoice_number": "",
  "tax_number": "",
  "detail": []
}