{
  "type": "plane",
  "std_start_time": "2022-11-30",
  "orig_start_time": "30 NOV 22",
  "std_end_time": "",
  "orig_end_time": "",
  "std_invoice_time": "2022-11-30",
  "orig_invoice_time": "30 NOV 22",
  "place": "",
  "departure": "United States-Boston",
  "arrival": "United States-San Francisco",
  "std_curr": "USD",
  "orig_curr": [],
  "std_total": "0.00",
  "orig_total": "",
  "buyer_name": [],
  "seller_name": [
    "jetBlue"
  ],
  "seller_address": [],
  "invoice_number": "2797873166770",
  "tax_number": "",
  "detail": []
}