{
  "type": "plane",
  "std_start_time": "2025-04-19",
  "orig_start_time": "19 APR 2025 0655 Hrs",
  "std_end_time": "",
  "orig_end_time": "",
  "std_invoice_time": "2025-04-19",
  "orig_invoice_time": "19 APR 2025",
  "place": "",
  "departure": "India-Kolkata",
  "arrival": "India-Silchar",
  "std_curr": "INR",
  "orig_curr": [
    "CCU IXS"
  ],
  "std_total": "0.00",
  "orig_total": "",
  "buyer_name": [],
  "seller_name": [
    "diGo"
  ],
  "seller_address": [
    "India-Kolkata"
  ],
  "invoice_number": "",
  "tax_number": "",
  "detail": []
}