{
  "type": "plane",
  "std_start_time": "2020-09-16",
  "orig_start_time": "16SEP20",
  "std_end_time": "",
  "orig_end_time": "",
  "std_invoice_time": "2020-09-16",
  "orig_invoice_time": "16SEP20",
  "place": "",
  "departure": "Indonesia-Pekanbaru",
  "arrival": "Indonesia-Jakarta",
  "std_curr": "IDR",
  "orig_curr": [
    "PEKANBARU"
  ],
  "std_total": "0.00",
  "orig_total": "",
  "buyer_name": [
    "RAMLI/HANDY MR"
  ],
  "seller_name": [
    "Garuda Indonesia"
  ],
  "seller_address": [],
  "invoice_number": "126212060905101",
  "tax_number": "",
  "detail": []
}