{
  "type": "plane",
  "std_start_time": "05-13",
  "orig_start_time": "13MAY 08:55",
  "std_end_time": "",
  "orig_end_time": "",
  "std_invoice_time": "2025-05-13",
  "orig_invoice_time": "13MAY",
  "place": "",
  "departure": "Vietnam-Ho Chi Minh City",
  "arrival": "Indonesia-Jakarta",
  "std_curr": "USD",
  "orig_curr": [],
  "std_total": "0.00",
  "orig_total": "",
  "buyer_name": [],
  "seller_name": [
    "Vietjet Air"
  ],
  "seller_address": [],
  "invoice_number": "",
  "tax_number": "",
  "detail": []
}