{
  "type": "plane",
  "std_start_time": "04-23",
  "orig_start_time": "23APR",
  "std_end_time": "",
  "orig_end_time": "",
  "std_invoice_time": "2025-04-23",
  "orig_invoice_time": "23APR",
  "place": "",
  "departure": "United States-Boston",
  "arrival": "",
  "std_curr": "USD",
  "orig_curr": [],
  "std_total": "0.00",
  "orig_total": "",
  "buyer_name": [
    "RAMLI/HANDYMR"
  ],
  "seller_name": [
    "Emirates"
  ],
  "seller_address": [],
  "invoice_number": "1766320223370-2",
  "tax_number": "",
  "detail": []
}