{
  "type": "plane",
  "std_start_time": "10-19",
  "orig_start_time": "19OCT",
  "std_end_time": "",
  "orig_end_time": "",
  "std_invoice_time": "2025-10-19",
  "orig_invoice_time": "19OCT",
  "place": "",
  "departure": "Vietnam-Ho Chi Minh City",
  "arrival": "Germany-Frankfurt",
  "std_curr": "USD",
  "orig_curr": [],
  "std_total": "0.00",
  "orig_total": "",
  "buyer_name": [],
  "seller_name": [
    "Vietnam Airlines"
  ],
  "seller_address": [],
  "invoice_number": "7382428765216",
  "tax_number": "",
  "detail": []
}