{
  "type": "plane",
  "std_start_time": "2023-11-11",
  "orig_start_time": "1525",
  "std_end_time": "",
  "orig_end_time": "",
  "std_invoice_time": "2023-11-11",
  "orig_invoice_time": "11Nov2023",
  "place": "",
  "departure": "India-Amritsar",
  "arrival": "India-Delhi",
  "std_curr": "USD",
  "orig_curr": [],
  "std_total": "0.00",
  "orig_total": "",
  "buyer_name": [],
  "seller_name": [
    "VISTARA"
  ],
  "seller_address": [],
  "invoice_number": "552YP7",
  "tax_number": "",
  "detail": []
}