{
  "type": "plane",
  "std_start_time": "2025-03-26",
  "orig_start_time": "26MAR25",
  "std_end_time": "",
  "orig_end_time": "",
  "std_invoice_time": "2025-03-26",
  "orig_invoice_time": "26MAR25",
  "place": "",
  "departure": "Italy-Milan",
  "arrival": "South Korea-Seoul",
  "std_curr": "USD",
  "orig_curr": [],
  "std_total": "0.00",
  "orig_total": "",
  "buyer_name": [],
  "seller_name": [
    "Korean Air"
  ],
  "seller_address": [],
  "invoice_number": "",
  "tax_number": "",
  "detail": []
}