{
  "type": "plane",
  "std_start_time": "05-01",
  "orig_start_time": "1MAY",
  "std_end_time": "",
  "orig_end_time": "",
  "std_invoice_time": "2025-05-01",
  "orig_invoice_time": "1MAY",
  "place": "",
  "departure": "Indonesia-Pekanbaru",
  "arrival": "Indonesia-Jakarta",
  "std_curr": "USD",
  "orig_curr": [],
  "std_total": "0.00",
  "orig_total": "",
  "buyer_name": [],
  "seller_name": [
    "PELITA AIR"
  ],
  "seller_address": [],
  "invoice_number": "",
  "tax_number": "",
  "detail": []
}