{
  "type": "plane",
  "std_start_time": "2025-02-10",
  "orig_start_time": "10 FEB 2025",
  "std_end_time": "",
  "orig_end_time": "",
  "std_invoice_time": "2025-02-10",
  "orig_invoice_time": "10 FEB 2025",
  "place": "",
  "departure": "India-Kolkata",
  "arrival": "India-Lucknow",
  "std_curr": "INR",
  "orig_curr": [
    "KOLKATA",
    "LUCKNOW"
  ],
  "std_total": "0.00",
  "orig_total": "",
  "buyer_name": [],
  "seller_name": [
    "IndiGo"
  ],
  "seller_address": [],
  "invoice_number": "",
  "tax_number": "",
  "detail": []
}