{
  "type": "plane",
  "std_start_time": "2023-06-21",
  "orig_start_time": "0730",
  "std_end_time": "",
  "orig_end_time": "",
  "std_invoice_time": "2025-06-21",
  "orig_invoice_time": "21JUN",
  "place": "",
  "departure": "United Arab Emirates-Dubai",
  "arrival": "Spain-Barcelona",
  "std_curr": "USD",
  "orig_curr": [],
  "std_total": "0.00",
  "orig_total": "",
  "buyer_name": [],
  "seller_name": [
    "Emirates"
  ],
  "seller_address": [],
  "invoice_number": "176979627990-2",
  "tax_number": "",
  "detail": []
}