{
  "type": "plane",
  "std_start_time": "2023-10-01",
  "orig_start_time": "01 OCT 2023 1125 Hrs",
  "std_end_time": "",
  "orig_end_time": "",
  "std_invoice_time": "2023-10-01",
  "orig_invoice_time": "01 OCT 2023 ",
  "place": "",
  "departure": "India-Mumbai",
  "arrival": "Nepal-Kathmandu",
  "std_curr": "USD",
  "orig_curr": [],
  "std_total": "0.00",
  "orig_total": "",
  "buyer_name": [],
  "seller_name": [],
  "seller_address": [],
  "invoice_number": "",
  "tax_number": "",
  "detail": []
}