{
  "type": "plane",
  "std_start_time": "12-29",
  "orig_start_time": "29DEC",
  "std_end_time": "",
  "orig_end_time": "",
  "std_invoice_time": "2025-12-29",
  "orig_invoice_time": "29DEC",
  "place": "",
  "departure": "Egypt-Cairo",
  "arrival": "Kuwait-Kuwait City",
  "std_curr": "USD",
  "orig_curr": [],
  "std_total": "0.00",
  "orig_total": "",
  "buyer_name": [
    "JADHAV/SHRIKANT MR"
  ],
  "seller_name": [
    "KUWAIT AIRWAYS"
  ],
  "seller_address": [],
  "invoice_number": "229510174623403",
  "tax_number": "",
  "detail": []
}