{
  "type": "plane",
  "std_start_time": "2023-07-05",
  "orig_start_time": "05JUL2023",
  "std_end_time": "",
  "orig_end_time": "",
  "std_invoice_time": "",
  "orig_invoice_time": "",
  "place": "",
  "departure": "Indonesia-Jakarta",
  "arrival": "Japan-Tokyo",
  "std_curr": "USD",
  "orig_curr": [],
  "std_total": "0.00",
  "orig_total": "",
  "buyer_name": [
    "RAMLI/HANDY MR"
  ],
  "seller_name": [
    "JAL Japan Airlines"
  ],
  "seller_address": [
    "Indonesia-Jakarta"
  ],
  "invoice_number": "",
  "tax_number": "",
  "detail": []
}