{
  "type": "plane",
  "std_start_time": "2012-09-28",
  "orig_start_time": "28SEP12 ",
  "std_end_time": "",
  "orig_end_time": "",
  "std_invoice_time": "2012-09-28",
  "orig_invoice_time": "28SEP12 ",
  "place": "",
  "departure": "China-Hong Kong",
  "arrival": "Australia - Sydney",
  "std_curr": "USD",
  "orig_curr": [],
  "std_total": "0.00",
  "orig_total": "",
  "buyer_name": [],
  "seller_name": [
    "Cathay Pacific"
  ],
  "seller_address": [],
  "invoice_number": "",
  "tax_number": "",
  "detail": []
}