{
  "type": "plane",
  "std_start_time": "2017-10-04",
  "orig_start_time": "04 OCT 2017",
  "std_end_time": "",
  "orig_end_time": "",
  "std_invoice_time": "2017-10-04",
  "orig_invoice_time": "04 OCT 2017",
  "place": "",
  "departure": "India-Guwahati",
  "arrival": "India-Kolkata",
  "std_curr": "USD",
  "orig_curr": [],
  "std_total": "0.00",
  "orig_total": "",
  "buyer_name": [],
  "seller_name": [
    "Jet Airways"
  ],
  "seller_address": [],
  "invoice_number": "ZONE 4",
  "tax_number": "",
  "detail": []
}