{
  "type": "plane",
  "std_start_time": "2022-09-26",
  "orig_start_time": "26SEP22 17:10",
  "std_end_time": "",
  "orig_end_time": "",
  "std_invoice_time": "2022-09-26",
  "orig_invoice_time": "26SEP22",
  "place": "",
  "departure": "Indonesia-Jakarta",
  "arrival": "Indonesia-Balikpapan",
  "std_curr": "USD",
  "orig_curr": [],
  "std_total": "0.00",
  "orig_total": "",
  "buyer_name": [],
  "seller_name": [
    "SUPER AIR JET"
  ],
  "seller_address": [],
  "invoice_number": "",
  "tax_number": "",
  "detail": []
}