{
  "type": "plane",
  "std_start_time": "2024-08-13",
  "orig_start_time": "18:40",
  "std_end_time": "",
  "orig_end_time": "",
  "std_invoice_time": "2024-08-13",
  "orig_invoice_time": "13AUG24",
  "place": "",
  "departure": "Thailand-Bangkok",
  "arrival": "Vietnam-Ho Chi Minh City",
  "std_curr": "USD",
  "orig_curr": [],
  "std_total": "0.00",
  "orig_total": "",
  "buyer_name": [],
  "seller_name": [
    "Vietnam Airlines"
  ],
  "seller_address": [
    "Vietnam"
  ],
  "invoice_number": "7382303159689",
  "tax_number": "",
  "detail": []
}