{
  "type": "plane",
  "std_start_time": "2023-06-19",
  "orig_start_time": "19JUN23 ",
  "std_end_time": "",
  "orig_end_time": "",
  "std_invoice_time": "2023-06-19",
  "orig_invoice_time": "19JUN23 ",
  "place": "",
  "departure": "India-Hyderabad",
  "arrival": "India-Mumbai",
  "std_curr": "USD",
  "orig_curr": [],
  "std_total": "0.00",
  "orig_total": "",
  "buyer_name": [],
  "seller_name": [
    "AIR INDIA"
  ],
  "seller_address": [],
  "invoice_number": " 098970698133901",
  "tax_number": "",
  "detail": []
}