{
  "type": "plane",
  "std_start_time": "2019-10-20",
  "orig_start_time": "200ct19",
  "std_end_time": "",
  "orig_end_time": "",
  "std_invoice_time": "",
  "orig_invoice_time": "",
  "place": "Singapore-Singapore",
  "departure": "Singapore-Singapore",
  "arrival": "Indonesia-Jakarta",
  "std_curr": "USD",
  "orig_curr": [],
  "std_total": "0.00",
  "orig_total": "",
  "buyer_name": [],
  "seller_name": [
    "AirAsia"
  ],
  "seller_address": [],
  "invoice_number": "API47Y",
  "tax_number": "",
  "detail": []
}