{
  "type": "plane",
  "std_start_time": "2023-11-24",
  "orig_start_time": "24 NOV 2023",
  "std_end_time": "",
  "orig_end_time": "",
  "std_invoice_time": "2023-11-24",
  "orig_invoice_time": "24 NOV 2023",
  "place": "",
  "departure": "India-Chennai",
  "arrival": "India-Thiruvananthapuram",
  "std_curr": "USD",
  "orig_curr": [],
  "std_total": "0.00",
  "orig_total": "",
  "buyer_name": [],
  "seller_name": [
    "IndiGo"
  ],
  "seller_address": [],
  "invoice_number": "",
  "tax_number": "",
  "detail": []
}