{
  "type": "plane",
  "std_start_time": "06-23",
  "orig_start_time": "23JUN",
  "std_end_time": "",
  "orig_end_time": "",
  "std_invoice_time": "2025-06-23",
  "orig_invoice_time": "23JUN",
  "place": "",
  "departure": "Barbados-Bridgetown",
  "arrival": "St. Lucia",
  "std_curr": "USD",
  "orig_curr": [],
  "std_total": "0.00",
  "orig_total": "",
  "buyer_name": [],
  "seller_name": [
    "Caribbean Airlines"
  ],
  "seller_address": [],
  "invoice_number": "106707947144001",
  "tax_number": "",
  "detail": []
}