{
  "type": "plane",
  "std_start_time": "04-19",
  "orig_start_time": "19APR",
  "std_end_time": "",
  "orig_end_time": "",
  "std_invoice_time": "2025-04-19",
  "orig_invoice_time": "19APR",
  "place": "",
  "departure": "Bangladesh - Dhaka",
  "arrival": "Bangladesh - Jessore",
  "std_curr": "USD",
  "orig_curr": [],
  "std_total": "0.00",
  "orig_total": "",
  "buyer_name": [],
  "seller_name": [
    "Biman Bangladesh Airlines Ltd."
  ],
  "seller_address": [],
  "invoice_number": "9972502535826C1",
  "tax_number": "",
  "detail": []
}