{
  "type": "plane",
  "std_start_time": "2016-02-26",
  "orig_start_time": "6:30 PM",
  "std_end_time": "",
  "orig_end_time": "",
  "std_invoice_time": "2016-02-26",
  "orig_invoice_time": "26FEB2016",
  "place": "",
  "departure": "United States-New York",
  "arrival": "United States-Myrtle Beach",
  "std_curr": "USD",
  "orig_curr": [],
  "std_total": "0.00",
  "orig_total": "",
  "buyer_name": [],
  "seller_name": [
    "Spirit Airlines"
  ],
  "seller_address": [],
  "invoice_number": " G8U18J",
  "tax_number": "",
  "detail": []
}