{
  "type": "plane",
  "std_start_time": "03-08",
  "orig_start_time": "08MAR",
  "std_end_time": "",
  "orig_end_time": "",
  "std_invoice_time": "2025-03-08",
  "orig_invoice_time": "08MAR",
  "place": "",
  "departure": "Indonesia-Jakarta",
  "arrival": "Indonesia-Batam",
  "std_curr": "USD",
  "orig_curr": [],
  "std_total": "0.00",
  "orig_total": "",
  "buyer_name": [],
  "seller_name": [
    "Garuda Indonesia"
  ],
  "seller_address": [],
  "invoice_number": "126212459586201",
  "tax_number": "",
  "detail": []
}