{
  "type": "plane",
  "std_start_time": "2024-06-13",
  "orig_start_time": "JUN 13, 2024",
  "std_end_time": "",
  "orig_end_time": "",
  "std_invoice_time": "",
  "orig_invoice_time": "",
  "place": "",
  "departure": "USA-New York City",
  "arrival": "USA-Fort Lauderdale",
  "std_curr": "USD",
  "orig_curr": [],
  "std_total": "0.00",
  "orig_total": "",
  "buyer_name": [
    "Sudhir Kum Chaudhary"
  ],
  "seller_name": [
    "Delta Air Lines"
  ],
  "seller_address": [],
  "invoice_number": "006 2242613809",
  "tax_number": "",
  "detail": []
}