{
  "type": "plane",
  "std_start_time": "2025-03-11",
  "orig_start_time": "11 MAR 2025",
  "std_end_time": "",
  "orig_end_time": "",
  "std_invoice_time": "2025-03-11",
  "orig_invoice_time": "11 MAR 2025",
  "place": "",
  "departure": "India-Delhi",
  "arrival": "India-Raipur",
  "std_curr": "USD",
  "orig_curr": [],
  "std_total": "0.00",
  "orig_total": "",
  "buyer_name": [],
  "seller_name": [
    "AIR INDIA"
  ],
  "seller_address": [],
  "invoice_number": "",
  "tax_number": "",
  "detail": []
}