{
  "type": "plane",
  "std_start_time": "01-01",
  "orig_start_time": "01JAN",
  "std_end_time": "",
  "orig_end_time": "",
  "std_invoice_time": "2025-01-01",
  "orig_invoice_time": "01JAN",
  "place": "",
  "departure": "Bangladesh-Sylhet",
  "arrival": "Bangladesh-Dhaka",
  "std_curr": "USD",
  "orig_curr": [],
  "std_total": "0.00",
  "orig_total": "",
  "buyer_name": [],
  "seller_name": [
    "Biman Bangladesh Airlines"
  ],
  "seller_address": [],
  "invoice_number": "9974799149697C2",
  "tax_number": "",
  "detail": []
}