{
  "type": "plane",
  "std_start_time": "2023-11-04",
  "orig_start_time": "04NOV 0930",
  "std_end_time": "",
  "orig_end_time": "",
  "std_invoice_time": "2025-11-04",
  "orig_invoice_time": "04NOV",
  "place": "",
  "departure": "United Arab Emirates-Abu Dhabi",
  "arrival": "Egypt-Cairo",
  "std_curr": "USD",
  "orig_curr": [],
  "std_total": "0.00",
  "orig_total": "",
  "buyer_name": [],
  "seller_name": [
    "Etihad Airways"
  ],
  "seller_address": [],
  "invoice_number": "",
  "tax_number": "",
  "detail": []
}