{
  "type": "plane",
  "std_start_time": "2025-04-16",
  "orig_start_time": "16 APR 2025 1810 Hrs",
  "std_end_time": "",
  "orig_end_time": "",
  "std_invoice_time": "2025-04-16",
  "orig_invoice_time": "16 APR 2025",
  "place": "India-Kolkata-India-Chennai",
  "departure": "India-Kolkata",
  "arrival": "India-Chennai",
  "std_curr": "INR",
  "orig_curr": [
    "CCU MAA"
  ],
  "std_total": "0.00",
  "orig_total": "",
  "buyer_name": [],
  "seller_name": [
    "IndiGo"
  ],
  "seller_address": [],
  "invoice_number": "",
  "tax_number": "",
  "detail": []
}