{
  "type": "plane",
  "std_start_time": "2023-01-26",
  "orig_start_time": "26JAN23",
  "std_end_time": "",
  "orig_end_time": "",
  "std_invoice_time": "2023-01-26",
  "orig_invoice_time": "26JAN23",
  "place": "",
  "departure": "India-Mumbai",
  "arrival": "India-Bhuj",
  "std_curr": "USD",
  "orig_curr": [],
  "std_total": "0.00",
  "orig_total": "",
  "buyer_name": [],
  "seller_name": [],
  "seller_address": [],
  "invoice_number": "53127369",
  "tax_number": "",
  "detail": []
}