{
  "type": "plane",
  "std_start_time": "2023-01-09",
  "orig_start_time": "09 JAN 2023",
  "std_end_time": "",
  "orig_end_time": "",
  "std_invoice_time": "2023-01-09",
  "orig_invoice_time": "09 JAN 2023",
  "place": "",
  "departure": "India-Ahmedabad",
  "arrival": "India-Bengaluru",
  "std_curr": "USD",
  "orig_curr": [],
  "std_total": "0.00",
  "orig_total": "",
  "buyer_name": [
    "CHAUDHARY/SUDHIRKUMA"
  ],
  "seller_name": [
    "IndiGo"
  ],
  "seller_address": [],
  "invoice_number": "",
  "tax_number": "",
  "detail": []
}