{
  "type": "plane",
  "std_start_time": "11-25",
  "orig_start_time": "25NOV ",
  "std_end_time": "",
  "orig_end_time": "",
  "std_invoice_time": "",
  "orig_invoice_time": "",
  "place": "",
  "departure": "Singapore-Singapore",
  "arrival": "Bangladesh-Dhaka",
  "std_curr": "USD",
  "orig_curr": [],
  "std_total": "0.00",
  "orig_total": "",
  "buyer_name": [
    "STEVENSON CLARKE MR"
  ],
  "seller_name": [
    "BIMAN BANGLADESH AIRLINES"
  ],
  "seller_address": [],
  "invoice_number": "",
  "tax_number": "",
  "detail": []
}