{
  "type": "plane",
  "std_start_time": "05-23",
  "orig_start_time": "23MAY",
  "std_end_time": "",
  "orig_end_time": "",
  "std_invoice_time": "",
  "orig_invoice_time": "",
  "place": "",
  "departure": "Thailand-Bangkok",
  "arrival": "Bangladesh-Dhaka",
  "std_curr": "USD",
  "orig_curr": [],
  "std_total": "0.00",
  "orig_total": "",
  "buyer_name": [],
  "seller_name": [
    "Biman Bangladesh Airlines Ltd."
  ],
  "seller_address": [
    "Bangladesh - Dhaka"
  ],
  "invoice_number": "9971353729300C1",
  "tax_number": "",
  "detail": []
}