{
  "type": "plane",
  "std_start_time": "2013-12-20",
  "orig_start_time": "20DEC13",
  "std_end_time": "",
  "orig_end_time": "",
  "std_invoice_time": "2013-12-20",
  "orig_invoice_time": "20DEC13",
  "place": "",
  "departure": "Malaysia-Kuala Lumpur",
  "arrival": "China-Beijing",
  "std_curr": "USD",
  "orig_curr": [],
  "std_total": "0.00",
  "orig_total": "",
  "buyer_name": [],
  "seller_name": [
    "Malaysia Airlines"
  ],
  "seller_address": [],
  "invoice_number": "2324613591146",
  "tax_number": "",
  "detail": []
}