{
  "type": "plane",
  "std_start_time": "2025-05-26",
  "orig_start_time": "26May25",
  "std_end_time": "",
  "orig_end_time": "",
  "std_invoice_time": "2025-05-26",
  "orig_invoice_time": "26May25",
  "place": "",
  "departure": "India-New Delhi",
  "arrival": "Malaysia-Kuala Lumpur",
  "std_curr": "USD",
  "orig_curr": [],
  "std_total": "0.00",
  "orig_total": "",
  "buyer_name": [],
  "seller_name": [
    "AirAsia"
  ],
  "seller_address": [],
  "invoice_number": "",
  "tax_number": "",
  "detail": []
}