{
  "type": "plane",
  "std_start_time": "05-24",
  "orig_start_time": "24MAY 06:50",
  "std_end_time": "",
  "orig_end_time": "",
  "std_invoice_time": "2025-05-24",
  "orig_invoice_time": "24MAY",
  "place": "",
  "departure": "Turkey-Istanbul",
  "arrival": "Italy-Venice",
  "std_curr": "USD",
  "orig_curr": [],
  "std_total": "0.00",
  "orig_total": "",
  "buyer_name": [],
  "seller_name": [
    "Turkish Airlines"
  ],
  "seller_address": [],
  "invoice_number": "",
  "tax_number": "",
  "detail": []
}