{
  "type": "plane",
  "std_start_time": "01-29",
  "orig_start_time": "29JAN",
  "std_end_time": "",
  "orig_end_time": "",
  "std_invoice_time": "2025-01-29",
  "orig_invoice_time": "29JAN",
  "place": "",
  "departure": "India-Calcutta",
  "arrival": "Bhutan-Paro",
  "std_curr": "USD",
  "orig_curr": [],
  "std_total": "0.00",
  "orig_total": "",
  "buyer_name": [],
  "seller_name": [
    "Drukair Royal Bhutan Airlines"
  ],
  "seller_address": [],
  "invoice_number": "",
  "tax_number": "",
  "detail": []
}