{
  "type": "plane",
  "std_start_time": "2023-07-12",
  "orig_start_time": "12JUL830P",
  "std_end_time": "",
  "orig_end_time": "",
  "std_invoice_time": "2023-07-12",
  "orig_invoice_time": "12JUL23",
  "place": "",
  "departure": "United States-Phoenix",
  "arrival": "United States-Los Angeles",
  "std_curr": "USD",
  "orig_curr": [],
  "std_total": "0.00",
  "orig_total": "",
  "buyer_name": [],
  "seller_name": [
    "American Airlines"
  ],
  "seller_address": [],
  "invoice_number": "00131027452061",
  "tax_number": "",
  "detail": []
}