{
  "type": "plane",
  "std_start_time": "09-29",
  "orig_start_time": "29SEP",
  "std_end_time": "",
  "orig_end_time": "",
  "std_invoice_time": "2025-09-29",
  "orig_invoice_time": "29SEP",
  "place": "",
  "departure": "India-Mumbai",
  "arrival": "United Kingdom-London",
  "std_curr": "USD",
  "orig_curr": [],
  "std_total": "0.00",
  "orig_total": "",
  "buyer_name": [],
  "seller_name": [
    "BRITISH AIRWAYS"
  ],
  "seller_address": [],
  "invoice_number": "5H9V4V",
  "tax_number": "",
  "detail": []
}