{
  "type": "plane",
  "std_start_time": "2023-06-03",
  "orig_start_time": "03Jun2023",
  "std_end_time": "",
  "orig_end_time": "",
  "std_invoice_time": "",
  "orig_invoice_time": "",
  "place": "",
  "departure": "India-Delhi",
  "arrival": "India-Chennai",
  "std_curr": "USD",
  "orig_curr": [],
  "std_total": "0.00",
  "orig_total": "",
  "buyer_name": [
    "PAUL/ AJOY/ MR"
  ],
  "seller_name": [
    "Vistara"
  ],
  "seller_address": [],
  "invoice_number": "2289705817310",
  "tax_number": "",
  "detail": []
}