{
  "type": "plane",
  "std_start_time": "2023-09-10",
  "orig_start_time": "10SEP 22:20",
  "std_end_time": "",
  "orig_end_time": "",
  "std_invoice_time": "2025-09-10",
  "orig_invoice_time": "10SEP",
  "place": "",
  "departure": "Vietnam-Hanoi",
  "arrival": "Germany-Frankfurt",
  "std_curr": "USD",
  "orig_curr": [],
  "std_total": "0.00",
  "orig_total": "",
  "buyer_name": [],
  "seller_name": [
    "Vietnam Airlines"
  ],
  "seller_address": [],
  "invoice_number": "7382444649804",
  "tax_number": "",
  "detail": []
}