{
  "type": "plane",
  "std_start_time": "2025-03-23",
  "orig_start_time": "23 MAR 2025 1415 Hrs",
  "std_end_time": "",
  "orig_end_time": "",
  "std_invoice_time": "2025-03-23",
  "orig_invoice_time": "23 MAR 2025",
  "place": "",
  "departure": "India-Mumbai",
  "arrival": "India-Goa",
  "std_curr": "USD",
  "orig_curr": [],
  "std_total": "0.00",
  "orig_total": "",
  "buyer_name": [],
  "seller_name": [
    "IndiGo"
  ],
  "seller_address": [],
  "invoice_number": "",
  "tax_number": "",
  "detail": []
}