{
  "type": "plane",
  "std_start_time": "2024-11-08",
  "orig_start_time": "08NOV24",
  "std_end_time": "",
  "orig_end_time": "",
  "std_invoice_time": "2024-11-08",
  "orig_invoice_time": "08NOV24",
  "place": "",
  "departure": "",
  "arrival": "Vietnam-Ho Chi Minh City",
  "std_curr": "USD",
  "orig_curr": [],
  "std_total": "0.00",
  "orig_total": "",
  "buyer_name": [],
  "seller_name": [
    "Vietnam Airlines"
  ],
  "seller_address": [],
  "invoice_number": "7382305301145",
  "tax_number": "",
  "detail": []
}