{
  "type": "plane",
  "std_start_time": "2025-05-23",
  "orig_start_time": "23 MAY 2025",
  "std_end_time": "",
  "orig_end_time": "",
  "std_invoice_time": "",
  "orig_invoice_time": "",
  "place": "India-Kolkata",
  "departure": "India-Silchar",
  "arrival": "India-Kolkata",
  "std_curr": "INR",
  "orig_curr": [
    "Kolkata"
  ],
  "std_total": "0.00",
  "orig_total": "",
  "buyer_name": [],
  "seller_name": [
    "AIR INDIA"
  ],
  "seller_address": [
    "India-Kolkata"
  ],
  "invoice_number": "098286474786",
  "tax_number": "",
  "detail": []
}