{
  "type": "plane",
  "std_start_time": "2019-11-29",
  "orig_start_time": "29NOV19",
  "std_end_time": "",
  "orig_end_time": "",
  "std_invoice_time": "",
  "orig_invoice_time": "",
  "place": "Bangladesh-Dhaka",
  "departure": "Bangladesh-Chittagong",
  "arrival": "Bangladesh-Dhaka",
  "std_curr": "BDT",
  "orig_curr": [
    "CHITTAGONG CGP"
  ],
  "std_total": "0.00",
  "orig_total": "",
  "buyer_name": [],
  "seller_name": [
    "US-BANGLA AIRLINES"
  ],
  "seller_address": [
    "Bangladesh-Dhaka"
  ],
  "invoice_number": "",
  "tax_number": "",
  "detail": []
}