{
  "type": "plane",
  "std_start_time": "12-29",
  "orig_start_time": "29DEC ",
  "std_end_time": "",
  "orig_end_time": "",
  "std_invoice_time": "",
  "orig_invoice_time": "",
  "place": "",
  "departure": "Kuwait-Kuwait City",
  "arrival": "India-Mumbai",
  "std_curr": "USD",
  "orig_curr": [],
  "std_total": "0.00",
  "orig_total": "",
  "buyer_name": [
    "JADHAV/SHRIKANT MR"
  ],
  "seller_name": [
    "Kuwait Airways"
  ],
  "seller_address": [],
  "invoice_number": "",
  "tax_number": "",
  "detail": []
}