{
  "type": "plane",
  "std_start_time": "2020-01-14",
  "orig_start_time": "14JAN20",
  "std_end_time": "",
  "orig_end_time": "",
  "std_invoice_time": "2020-01-14",
  "orig_invoice_time": "14JAN20",
  "place": "",
  "departure": "Bangladesh-Chittagong",
  "arrival": "Bangladesh-Dhaka",
  "std_curr": "USD",
  "orig_curr": [],
  "std_total": "0.00",
  "orig_total": "",
  "buyer_name": [],
  "seller_name": [
    "US-BANGLA AIRLINES"
  ],
  "seller_address": [],
  "invoice_number": "7792403645844",
  "tax_number": "",
  "detail": []
}