{
  "type": "plane",
  "std_start_time": "2023-04-25",
  "orig_start_time": "25Apr2023",
  "std_end_time": "",
  "orig_end_time": "",
  "std_invoice_time": "",
  "orig_invoice_time": "",
  "place": "",
  "departure": "India-Mumbai",
  "arrival": "India-Chandigarh",
  "std_curr": "USD",
  "orig_curr": [],
  "std_total": "0.00",
  "orig_total": "",
  "buyer_name": [],
  "seller_name": [
    "Vistara"
  ],
  "seller_address": [
    " India - Gurugram"
  ],
  "invoice_number": "2282406953066",
  "tax_number": "",
  "detail": []
}