{
  "type": "plane",
  "std_start_time": "09-04",
  "orig_start_time": "04SEP",
  "std_end_time": "",
  "orig_end_time": "",
  "std_invoice_time": "2025-09-04",
  "orig_invoice_time": "04SEP",
  "place": "",
  "departure": "India-Mumbai",
  "arrival": "Vietnam-Ho Chi Minh City",
  "std_curr": "USD",
  "orig_curr": [],
  "std_total": "0.00",
  "orig_total": "",
  "buyer_name": [],
  "seller_name": [
    "Vietnam Airlines"
  ],
  "seller_address": [],
  "invoice_number": "7389655705565",
  "tax_number": "",
  "detail": []
}