{
  "type": "plane",
  "std_start_time": "06-19",
  "orig_start_time": "19JUN",
  "std_end_time": "",
  "orig_end_time": "",
  "std_invoice_time": "2025-06-19",
  "orig_invoice_time": "19JUN",
  "place": "",
  "departure": "Indonesia-Jakarta",
  "arrival": "Indonesia-Malang",
  "std_curr": "USD",
  "orig_curr": [],
  "std_total": "0.00",
  "orig_total": "",
  "buyer_name": [],
  "seller_name": [],
  "seller_address": [],
  "invoice_number": "126213529535701",
  "tax_number": "",
  "detail": []
}