{
  "type": "plane",
  "std_start_time": "2024-10-16",
  "orig_start_time": "16OCT24",
  "std_end_time": "",
  "orig_end_time": "",
  "std_invoice_time": "2024-10-16",
  "orig_invoice_time": "16OCT24",
  "place": "",
  "departure": "nan",
  "arrival": "Vietnam-Ho Chi Minh City",
  "std_curr": "USD",
  "orig_curr": [],
  "std_total": "0.00",
  "orig_total": "",
  "buyer_name": [],
  "seller_name": [
    "Vietnam Airlines"
  ],
  "seller_address": [],
  "invoice_number": "078/BKK/GH2010",
  "tax_number": "",
  "detail": []
}