{
  "type": "plane",
  "std_start_time": "04-02",
  "orig_start_time": "02APR",
  "std_end_time": "",
  "orig_end_time": "",
  "std_invoice_time": "2025-04-02",
  "orig_invoice_time": "02APR",
  "place": "",
  "departure": "Italy-Milan",
  "arrival": "China-Taipei",
  "std_curr": "USD",
  "orig_curr": [],
  "std_total": "0.00",
  "orig_total": "",
  "buyer_name": [],
  "seller_name": [
    "EVA AIR"
  ],
  "seller_address": [],
  "invoice_number": "6952453114811",
  "tax_number": "",
  "detail": []
}