{
  "type": "plane",
  "std_start_time": "2023-09-12",
  "orig_start_time": "12SEP23",
  "std_end_time": "",
  "orig_end_time": "",
  "std_invoice_time": "2023-09-12",
  "orig_invoice_time": "12SEP23",
  "place": "",
  "departure": "India-Guwahati",
  "arrival": "India-Bengaluru",
  "std_curr": "USD",
  "orig_curr": [],
  "std_total": "0.00",
  "orig_total": "",
  "buyer_name": [],
  "seller_name": [
    "AirAsia"
  ],
  "seller_address": [],
  "invoice_number": "",
  "tax_number": "",
  "detail": []
}