{
  "type": "plane",
  "std_start_time": "2023-11-29",
  "orig_start_time": "29 NOV 2023 1455 Hrs",
  "std_end_time": "",
  "orig_end_time": "",
  "std_invoice_time": "2023-11-29",
  "orig_invoice_time": "29 NOV 2023 ",
  "place": "India-Kolkata",
  "departure": "India-Kolkata",
  "arrival": "India-Raipur",
  "std_curr": "INR",
  "orig_curr": [
    "KOLKATA RAIPUR"
  ],
  "std_total": "0.00",
  "orig_total": "",
  "buyer_name": [],
  "seller_name": [
    "IndiGo"
  ],
  "seller_address": [],
  "invoice_number": "",
  "tax_number": "",
  "detail": []
}