{
  "type": "plane",
  "std_start_time": "2024-06-16",
  "orig_start_time": "16JUN24",
  "std_end_time": "",
  "orig_end_time": "",
  "std_invoice_time": "2024-06-16",
  "orig_invoice_time": "16JUN24",
  "place": "US-San Francisco",
  "departure": "United States-San Francisco",
  "arrival": "United States-Los Angeles",
  "std_curr": "USD",
  "orig_curr": [],
  "std_total": "0.00",
  "orig_total": "",
  "buyer_name": [],
  "seller_name": [
    "AMERICAN AIRLINES"
  ],
  "seller_address": [],
  "invoice_number": "",
  "tax_number": "",
  "detail": []
}