{
  "type": "plane",
  "std_start_time": "2023-06-15",
  "orig_start_time": "15JUN 10:20",
  "std_end_time": "",
  "orig_end_time": "",
  "std_invoice_time": "2025-06-15",
  "orig_invoice_time": "15JUN ",
  "place": "",
  "departure": "Bangladesh-Chittagong",
  "arrival": "Bangladesh-Dhaka",
  "std_curr": "BDT",
  "orig_curr": [
    "CGP",
    "DAC"
  ],
  "std_total": "0.00",
  "orig_total": "",
  "buyer_name": [],
  "seller_name": [
    "Biman Bangladesh Airlines Ltd."
  ],
  "seller_address": [],
  "invoice_number": "",
  "tax_number": "",
  "detail": []
}