{
  "type": "plane",
  "std_start_time": "2012-10-09",
  "orig_start_time": "1:25PM",
  "std_end_time": "",
  "orig_end_time": "",
  "std_invoice_time": "2023-10-12",
  "orig_invoice_time": "09OCT12",
  "place": "",
  "departure": "Canada-Edmonton",
  "arrival": "Canada-Quebec City",
  "std_curr": "USD",
  "orig_curr": [],
  "std_total": "0.00",
  "orig_total": "",
  "buyer_name": [],
  "seller_name": [
    "WESTJET"
  ],
  "seller_address": [],
  "invoice_number": "090CT12",
  "tax_number": "",
  "detail": []
}