{
  "type": "plane",
  "std_start_time": "2025-03-29",
  "orig_start_time": "29MAR",
  "std_end_time": "",
  "orig_end_time": "",
  "std_invoice_time": "2025-03-29",
  "orig_invoice_time": "29MAR",
  "place": "",
  "departure": "United Arab Emirates-Dubai",
  "arrival": "China-Hong Kong",
  "std_curr": "USD",
  "orig_curr": [],
  "std_total": "0.00",
  "orig_total": "",
  "buyer_name": [],
  "seller_name": [
    "CATHAY PACIFIC"
  ],
  "seller_address": [],
  "invoice_number": "",
  "tax_number": "",
  "detail": []
}