{
  "type": "plane",
  "std_start_time": "08-30",
  "orig_start_time": "30AUG ",
  "std_end_time": "",
  "orig_end_time": "",
  "std_invoice_time": "2025-08-30",
  "orig_invoice_time": "30 AUG ",
  "place": "",
  "departure": "India-Delhi",
  "arrival": "Sri Lanka-Colombo",
  "std_curr": "USD",
  "orig_curr": [],
  "std_total": "0.00",
  "orig_total": "",
  "buyer_name": [],
  "seller_name": [
    "SriLankan Airlines"
  ],
  "seller_address": [],
  "invoice_number": " 6039381557754-1",
  "tax_number": "",
  "detail": []
}