{
  "type": "plane",
  "std_start_time": "04-15",
  "orig_start_time": "15APR",
  "std_end_time": "",
  "orig_end_time": "",
  "std_invoice_time": "",
  "orig_invoice_time": "",
  "place": "",
  "departure": "Germany-Hanover",
  "arrival": "Qatar-Doha",
  "std_curr": "QAR",
  "orig_curr": [],
  "std_total": "0.00",
  "orig_total": "",
  "buyer_name": [],
  "seller_name": [
    "QATAR AIRWAYS"
  ],
  "seller_address": [],
  "invoice_number": "",
  "tax_number": "",
  "detail": []
}