{
  "type": "plane",
  "std_start_time": "2024-12-12",
  "orig_start_time": "12 Dec 24",
  "std_end_time": "",
  "orig_end_time": "",
  "std_invoice_time": "",
  "orig_invoice_time": "",
  "place": "Australia-Adelaide",
  "departure": "Australia-Adelaide",
  "arrival": "Australia-Brisbane",
  "std_curr": "USD",
  "orig_curr": [],
  "std_total": "0.00",
  "orig_total": "",
  "buyer_name": [],
  "seller_name": [
    "Virgin Australia"
  ],
  "seller_address": [],
  "invoice_number": "",
  "tax_number": "",
  "detail": []
}