{
  "type": "plane",
  "std_start_time": "11-16",
  "orig_start_time": "16NOV",
  "std_end_time": "",
  "orig_end_time": "",
  "std_invoice_time": "2025-11-16",
  "orig_invoice_time": "16NOV",
  "place": "",
  "departure": "Indonesia-Malang",
  "arrival": "Indonesia-Jakarta",
  "std_curr": "USD",
  "orig_curr": [],
  "std_total": "0.00",
  "orig_total": "",
  "buyer_name": [
    "RAMLI/HANDY MR"
  ],
  "seller_name": [
    "Garuda Indonesia"
  ],
  "seller_address": [],
  "invoice_number": "126212723457301",
  "tax_number": "",
  "detail": []
}