{
  "type": "plane",
  "std_start_time": "2024-05-11",
  "orig_start_time": "11MAY24",
  "std_end_time": "",
  "orig_end_time": "",
  "std_invoice_time": "2024-05-11",
  "orig_invoice_time": "11MAY24",
  "place": "",
  "departure": "France-Paris",
  "arrival": "United States-Atlanta",
  "std_curr": "USD",
  "orig_curr": [],
  "std_total": "0.00",
  "orig_total": "",
  "buyer_name": [],
  "seller_name": [
    "AIR FRANCE"
  ],
  "seller_address": [],
  "invoice_number": "0573073734390",
  "tax_number": "",
  "detail": []
}