{
  "type": "plane",
  "std_start_time": "01-15",
  "orig_start_time": "15JAN",
  "std_end_time": "",
  "orig_end_time": "",
  "std_invoice_time": "2025-01-15",
  "orig_invoice_time": "15JAN",
  "place": "",
  "departure": "Indonesia-Jakarta",
  "arrival": "Indonesia-Medan",
  "std_curr": "USD",
  "orig_curr": [],
  "std_total": "0.00",
  "orig_total": "",
  "buyer_name": [],
  "seller_name": [
    "Garuda Indonesia"
  ],
  "seller_address": [],
  "invoice_number": "126211863226301",
  "tax_number": "",
  "detail": []
}