{
  "type": "plane",
  "std_start_time": "10-11",
  "orig_start_time": "11OCT ",
  "std_end_time": "",
  "orig_end_time": "",
  "std_invoice_time": "2025-10-11",
  "orig_invoice_time": "11OCT ",
  "place": "",
  "departure": "Bangladesh-RajshahI",
  "arrival": "Bangladesh-Dhaka",
  "std_curr": "BTD",
  "orig_curr": [
    "RJH",
    "DAC"
  ],
  "std_total": "0.00",
  "orig_total": "",
  "buyer_name": [],
  "seller_name": [
    "Biman Bangladesh Airlines Ltd."
  ],
  "seller_address": [],
  "invoice_number": "",
  "tax_number": "",
  "detail": []
}