{
  "type": "plane",
  "std_start_time": "2023-06-17",
  "orig_start_time": "17JUN23 13.15",
  "std_end_time": "",
  "orig_end_time": "",
  "std_invoice_time": "2023-06-17",
  "orig_invoice_time": "17JUN23 ",
  "place": "",
  "departure": "Indonesia-Pekanbaru",
  "arrival": "Indonesia-Jakarta",
  "std_curr": "IDR",
  "orig_curr": [
    "PEKANBARU",
    "JAKARTA"
  ],
  "std_total": "0.00",
  "orig_total": "",
  "buyer_name": [],
  "seller_name": [
    "Citilink"
  ],
  "seller_address": [],
  "invoice_number": "",
  "tax_number": "",
  "detail": []
}