{
  "type": "plane",
  "std_start_time": "2023-06-04",
  "orig_start_time": "04JUN2023 21:05",
  "std_end_time": "",
  "orig_end_time": "",
  "std_invoice_time": "2023-06-04",
  "orig_invoice_time": "04JUN2023",
  "place": "",
  "departure": "India-Mumbai",
  "arrival": "Bahrain-Bahrain",
  "std_curr": "USD",
  "orig_curr": [],
  "std_total": "0.00",
  "orig_total": "",
  "buyer_name": [],
  "seller_name": [
    "GULF AIR"
  ],
  "seller_address": [],
  "invoice_number": "072 1190304844 1",
  "tax_number": "",
  "detail": []
}