{
  "type": "plane",
  "std_start_time": "2022-12-03",
  "orig_start_time": "03Dec2022",
  "std_end_time": "",
  "orig_end_time": "",
  "std_invoice_time": "2022-12-03",
  "orig_invoice_time": "03Dec2022",
  "place": "",
  "departure": "India-Delhi",
  "arrival": "India-Dhaka",
  "std_curr": "USD",
  "orig_curr": [],
  "std_total": "0.00",
  "orig_total": "",
  "buyer_name": [],
  "seller_name": [
    "Vistara"
  ],
  "seller_address": [],
  "invoice_number": "2286748910879",
  "tax_number": "",
  "detail": []
}