{
  "type": "plane",
  "std_start_time": "02-20",
  "orig_start_time": "20FEB",
  "std_end_time": "",
  "orig_end_time": "",
  "std_invoice_time": "2025-02-20",
  "orig_invoice_time": "20FEB",
  "place": "",
  "departure": "Vietnam-Ho Chi Minh City",
  "arrival": "China-Chong qing",
  "std_curr": "USD",
  "orig_curr": [],
  "std_total": "0.00",
  "orig_total": "",
  "buyer_name": [],
  "seller_name": [
    "AIR CHINA"
  ],
  "seller_address": [],
  "invoice_number": "9992436657285/1",
  "tax_number": "",
  "detail": []
}