{
  "type": "plane",
  "std_start_time": "2024-11-28",
  "orig_start_time": "NOVEMBER 28 2024",
  "std_end_time": "",
  "orig_end_time": "",
  "std_invoice_time": "2024-11-28",
  "orig_invoice_time": "NOVEMBER 28 2024",
  "place": "",
  "departure": "United States-Nashville",
  "arrival": "United States-Washington",
  "std_curr": "USD",
  "orig_curr": [],
  "std_total": "0.00",
  "orig_total": "",
  "buyer_name": [],
  "seller_name": [
    "UNITED"
  ],
  "seller_address": [],
  "invoice_number": "HZXC16",
  "tax_number": "",
  "detail": []
}