{
  "type": "plane",
  "std_start_time": "07-10",
  "orig_start_time": "10JUL",
  "std_end_time": "",
  "orig_end_time": "",
  "std_invoice_time": "2025-07-10",
  "orig_invoice_time": "10JUL",
  "place": "",
  "departure": "Qatar-Doha",
  "arrival": "France-Paris",
  "std_curr": "USD",
  "orig_curr": [],
  "std_total": "0.00",
  "orig_total": "",
  "buyer_name": [],
  "seller_name": [
    "QATAR AIRWAYS"
  ],
  "seller_address": [],
  "invoice_number": "",
  "tax_number": "",
  "detail": []
}