{
  "type": "plane",
  "std_start_time": "2025-01-18",
  "orig_start_time": "18 JAN 2025 17:10",
  "std_end_time": "",
  "orig_end_time": "",
  "std_invoice_time": "2025-01-18",
  "orig_invoice_time": "18 JAN 2025",
  "place": "",
  "departure": "India-Delhi",
  "arrival": "India-Kolkata",
  "std_curr": "USD",
  "orig_curr": [],
  "std_total": "0.00",
  "orig_total": "",
  "buyer_name": [],
  "seller_name": [
    "AIR INDIA"
  ],
  "seller_address": [],
  "invoice_number": "098302272962101",
  "tax_number": "",
  "detail": []
}