{
  "type": "plane",
  "std_start_time": "08-26",
  "orig_start_time": "26AUG ",
  "std_end_time": "",
  "orig_end_time": "",
  "std_invoice_time": "2025-08-26",
  "orig_invoice_time": "26AUG ",
  "place": "",
  "departure": "South Africa-Johannesburg",
  "arrival": "United Arab Emirates-Dubai",
  "std_curr": "USD",
  "orig_curr": [],
  "std_total": "0.00",
  "orig_total": "",
  "buyer_name": [],
  "seller_name": [],
  "seller_address": [],
  "invoice_number": "",
  "tax_number": "",
  "detail": []
}