{
  "type": "plane",
  "std_start_time": "2023-11-02",
  "orig_start_time": "18:25",
  "std_end_time": "",
  "orig_end_time": "",
  "std_invoice_time": "2025-11-02",
  "orig_invoice_time": " 02NOV",
  "place": "",
  "departure": "Indonesia-Jakarta",
  "arrival": "Thailand-Bangkok",
  "std_curr": "USD",
  "orig_curr": [],
  "std_total": "0.00",
  "orig_total": "",
  "buyer_name": [],
  "seller_name": [
    "THAI"
  ],
  "seller_address": [],
  "invoice_number": "CGK5130338",
  "tax_number": "",
  "detail": []
}