{
  "type": "plane",
  "std_start_time": "12-18",
  "orig_start_time": "18DEC",
  "std_end_time": "",
  "orig_end_time": "",
  "std_invoice_time": "2025-12-18",
  "orig_invoice_time": "18DEC",
  "place": "",
  "departure": "France-Paris",
  "arrival": "India-Mumbai",
  "std_curr": "USD",
  "orig_curr": [],
  "std_total": "0.00",
  "orig_total": "",
  "buyer_name": [],
  "seller_name": [
    "Delta Air Lines"
  ],
  "seller_address": [],
  "invoice_number": "",
  "tax_number": "",
  "detail": []
}