{
  "type": "plane",
  "std_start_time": "01-31",
  "orig_start_time": "31JAN",
  "std_end_time": "",
  "orig_end_time": "",
  "std_invoice_time": "2025-01-31",
  "orig_invoice_time": "31JAN",
  "place": "",
  "departure": "Vietnam-Hanoi",
  "arrival": "United Kingdom-London",
  "std_curr": "USD",
  "orig_curr": [],
  "std_total": "0.00",
  "orig_total": "",
  "buyer_name": [],
  "seller_name": [
    "Vietnam Airlines"
  ],
  "seller_address": [],
  "invoice_number": "7386083940644",
  "tax_number": "",
  "detail": []
}