{
  "type": "plane",
  "std_start_time": "2023-11-27",
  "orig_start_time": "27 Nov 23 1455",
  "std_end_time": "",
  "orig_end_time": "",
  "std_invoice_time": "2023-11-27",
  "orig_invoice_time": "27 Nov 23 ",
  "place": "",
  "departure": "India-Bangalore",
  "arrival": "India-Guwahati",
  "std_curr": "INR",
  "orig_curr": [
    "BLR",
    "GAU"
  ],
  "std_total": "0.00",
  "orig_total": "",
  "buyer_name": [],
  "seller_name": [
    "AIR INDIA EXPRESS"
  ],
  "seller_address": [],
  "invoice_number": "",
  "tax_number": "",
  "detail": []
}