{
  "type": "plane",
  "std_start_time": "05-18",
  "orig_start_time": "18MAY 0045",
  "std_end_time": "",
  "orig_end_time": "",
  "std_invoice_time": "2025-05-18",
  "orig_invoice_time": "18MAY",
  "place": "",
  "departure": "Vietnam-Hanoi",
  "arrival": "United Arab Emirates-Dubai",
  "std_curr": "USD",
  "orig_curr": [],
  "std_total": "0.00",
  "orig_total": "",
  "buyer_name": [],
  "seller_name": [
    "Emirates"
  ],
  "seller_address": [],
  "invoice_number": "EK-701271550",
  "tax_number": "",
  "detail": []
}