{
  "type": "plane",
  "std_start_time": "2025-05-14",
  "orig_start_time": "14MAY25",
  "std_end_time": "",
  "orig_end_time": "",
  "std_invoice_time": "2025-05-14",
  "orig_invoice_time": "14MAY25",
  "place": "",
  "departure": "Vietnam-Ho Chi Minh City",
  "arrival": "China-Hong Kong",
  "std_curr": "USD",
  "orig_curr": [],
  "std_total": "0.00",
  "orig_total": "",
  "seller_name": [
    "Vietnam Airlines"
  ],
  "seller_address": [],
  "invoice_number": "7382310452527",
  "tax_number": "",
  "detail": []
}