{
  "type": "plane",
  "std_start_time": "2024-02-19",
  "orig_start_time": "19FEB2024 18:10",
  "std_end_time": "",
  "orig_end_time": "",
  "std_invoice_time": "2024-02-19",
  "orig_invoice_time": "19FEB2024 ",
  "place": "",
  "departure": "Japan-Tokyo",
  "arrival": "United States-Boston",
  "std_curr": "USD",
  "orig_curr": [],
  "std_total": "0.00",
  "orig_total": "",
  "buyer_name": [],
  "seller_name": [
    "Japan Airlines"
  ],
  "seller_address": [],
  "invoice_number": "JL344000187",
  "tax_number": "",
  "detail": []
}