{
  "type": "plane",
  "std_start_time": "12-12",
  "orig_start_time": "12DEC",
  "std_end_time": "",
  "orig_end_time": "",
  "std_invoice_time": "2025-12-12",
  "orig_invoice_time": "12DEC",
  "place": "",
  "departure": "India-Mumbai",
  "arrival": "UAE-Abu Dhabi",
  "std_curr": "USD",
  "orig_curr": [],
  "std_total": "0.00",
  "orig_total": "",
  "buyer_name": [],
  "seller_name": [
    "Etihad Airways"
  ],
  "seller_address": [],
  "invoice_number": "6071092671572-1",
  "tax_number": "",
  "detail": []
}