{
  "type": "plane",
  "std_start_time": "04-10",
  "orig_start_time": "10APR",
  "std_end_time": "",
  "orig_end_time": "",
  "std_invoice_time": "2025-04-10",
  "orig_invoice_time": "10APR",
  "place": "",
  "departure": "Thailand-Bangkok",
  "arrival": "Vietnam-Ho Chi Minh",
  "std_curr": "USD",
  "orig_curr": [],
  "std_total": "0.00",
  "orig_total": "",
  "buyer_name": [],
  "seller_name": [
    "Vietjet Air"
  ],
  "seller_address": [],
  "invoice_number": "",
  "tax_number": "",
  "detail": []
}