{
  "type": "plane",
  "std_start_time": "2025-01-04",
  "orig_start_time": "04 JAN 2025",
  "std_end_time": "",
  "orig_end_time": "",
  "std_invoice_time": "2025-01-04",
  "orig_invoice_time": "04 JAN 2025",
  "place": "",
  "departure": "India-Agartala",
  "arrival": "India-Delhi",
  "std_curr": "USD",
  "orig_curr": [],
  "std_total": "0.00",
  "orig_total": "",
  "buyer_name": [],
  "seller_name": [
    "IndiGo"
  ],
  "seller_address": [],
  "invoice_number": "0101",
  "tax_number": "",
  "detail": []
}