{
  "type": "plane",
  "std_start_time": "12-24",
  "orig_start_time": "24DEC 19:00",
  "std_end_time": "",
  "orig_end_time": "",
  "std_invoice_time": "2025-12-24",
  "orig_invoice_time": "24DEC ",
  "place": "",
  "departure": "Bangladesh-Dhaka",
  "arrival": "Bangladesh-Jessore",
  "std_curr": "BDT",
  "orig_curr": [
    "DHAKA",
    "JESSORE"
  ],
  "std_total": "0.00",
  "orig_total": "",
  "buyer_name": [],
  "seller_name": [
    "US-BANGLA AIRLINES"
  ],
  "seller_address": [],
  "invoice_number": "",
  "tax_number": "",
  "detail": []
}