{
  "type": "plane",
  "std_start_time": "2024-11-13",
  "orig_start_time": "13NOV24",
  "std_end_time": "",
  "orig_end_time": "",
  "std_invoice_time": "",
  "orig_invoice_time": "",
  "place": "",
  "departure": "Indonesia-Jakarta",
  "arrival": "Indonesia-Batam",
  "std_curr": "USD",
  "orig_curr": [],
  "std_total": "0.00",
  "orig_total": "",
  "buyer_name": [
    "RAMLI/HANDY"
  ],
  "seller_name": [
    "Citilink"
  ],
  "seller_address": [],
  "invoice_number": "WI45VT",
  "tax_number": "",
  "detail": []
}