{
  "type": "plane",
  "std_start_time": "2019-01-30",
  "orig_start_time": "JANUARY 30 2019",
  "std_end_time": "",
  "orig_end_time": "",
  "std_invoice_time": "",
  "orig_invoice_time": "",
  "place": "",
  "departure": "United States-Newark",
  "arrival": "Japan-Narita",
  "std_curr": "USD",
  "orig_curr": [],
  "std_total": "0.00",
  "orig_total": "",
  "buyer_name": [
    "BETTS/ANNEMARIEMS"
  ],
  "seller_name": [
    "UNITED"
  ],
  "seller_address": [],
  "invoice_number": "014 2105751477",
  "tax_number": "",
  "detail": []
}