{
  "type": "plane",
  "std_start_time": "2024-02-05",
  "orig_start_time": "05FEB24 1230",
  "std_end_time": "",
  "orig_end_time": "",
  "std_invoice_time": "2024-02-05",
  "orig_invoice_time": "05FEB24",
  "place": "",
  "departure": "Indonesia-Jakarta",
  "arrival": "Indonesia-Kuala Namu",
  "std_curr": "USD",
  "orig_curr": [],
  "std_total": "0.00",
  "orig_total": "",
  "buyer_name": [],
  "seller_name": [
    "Citilink"
  ],
  "seller_address": [],
  "invoice_number": "",
  "tax_number": "",
  "detail": []
}