{
  "type": "plane",
  "std_start_time": "2024-12-13",
  "orig_start_time": "13DEC24",
  "std_end_time": "",
  "orig_end_time": "",
  "std_invoice_time": "2024-12-13",
  "orig_invoice_time": "13DEC24",
  "place": "",
  "departure": "Thailand-Bangkok",
  "arrival": "Vietnam-Ho Chi Minh City",
  "std_curr": "USD",
  "orig_curr": [],
  "std_total": "0.00",
  "orig_total": "",
  "seller_name": [
    "Vietnam Airlines"
  ],
  "seller_address": [],
  "invoice_number": "7382306274553",
  "tax_number": "",
  "detail": []
}