{
  "type": "plane",
  "std_start_time": "2023-12-08",
  "orig_start_time": "08Dec23",
  "std_end_time": "",
  "orig_end_time": "",
  "std_invoice_time": "2023-12-08",
  "orig_invoice_time": "08Dec23",
  "place": "",
  "departure": "India-Darbhanga",
  "arrival": "India-Mumbai",
  "std_curr": "INR",
  "orig_curr": [
    "Darbhanga",
    "Mumbai"
  ],
  "std_total": "0.00",
  "orig_total": "",
  "buyer_name": [],
  "seller_name": [
    "SpiceJet"
  ],
  "seller_address": [],
  "invoice_number": "",
  "tax_number": "",
  "detail": []
}