{
  "type": "plane",
  "std_start_time": "2023-09-16",
  "orig_start_time": "16SEP 1230P",
  "std_end_time": "",
  "orig_end_time": "",
  "std_invoice_time": "2025-09-16",
  "orig_invoice_time": "16SEP ",
  "place": "",
  "departure": "United States-Chicago",
  "arrival": "United States-Los Angeles",
  "std_curr": "USD",
  "orig_curr": [],
  "std_total": "0.00",
  "orig_total": "",
  "buyer_name": [],
  "seller_name": [
    "UNITED"
  ],
  "seller_address": [],
  "invoice_number": "",
  "tax_number": "",
  "detail": []
}