{
  "type": "plane",
  "std_start_time": "05-15",
  "orig_start_time": "15MAY",
  "std_end_time": "",
  "orig_end_time": "",
  "std_invoice_time": "2025-05-15",
  "orig_invoice_time": "15MAY",
  "place": "",
  "departure": "Japan-Tokyo",
  "arrival": "USA-San Francisco",
  "std_curr": "USD",
  "orig_curr": [],
  "std_total": "0.00",
  "orig_total": "",
  "buyer_name": [],
  "seller_name": [
    "ANA\nUNITED AIRLINES"
  ],
  "seller_address": [],
  "invoice_number": "01623982193991",
  "tax_number": "",
  "detail": []
}