{
  "type": "plane",
  "std_start_time": "01-08",
  "orig_start_time": "08JAN",
  "std_end_time": "",
  "orig_end_time": "",
  "std_invoice_time": "2025-01-08",
  "orig_invoice_time": "08JAN",
  "place": "",
  "departure": "Thailand-Bangkok",
  "arrival": "India-Mumbai",
  "std_curr": "USD",
  "orig_curr": [],
  "std_total": "0.00",
  "orig_total": "",
  "buyer_name": [],
  "seller_name": [
    "THAI"
  ],
  "seller_address": [],
  "invoice_number": "217904027106701",
  "tax_number": "",
  "detail": []
}