{
  "type": "plane",
  "std_start_time": "12-21",
  "orig_start_time": "21DEC",
  "std_end_time": "",
  "orig_end_time": "",
  "std_invoice_time": "2025-12-21",
  "orig_invoice_time": "21DEC",
  "place": "",
  "departure": "New Zealand-Auckland",
  "arrival": "nan",
  "std_curr": "USD",
  "orig_curr": [],
  "std_total": "0.00",
  "orig_total": "",
  "buyer_name": [],
  "seller_name": [
    "AIR NEW ZEALAND"
  ],
  "seller_address": [],
  "invoice_number": "S8910983C",
  "tax_number": "",
  "detail": []
}