{
  "type": "plane",
  "std_start_time": "2024-05-11",
  "orig_start_time": "11MAY24 12:30",
  "std_end_time": "",
  "orig_end_time": "",
  "std_invoice_time": "2024-05-11",
  "orig_invoice_time": "11MAY24",
  "place": "",
  "departure": "Indonesia-Jakarta",
  "arrival": "Indonesia-Medan",
  "std_curr": "IDR",
  "orig_curr": [
    "JAKARTA SOEKARNO    MEDAN KUALA NAMU"
  ],
  "std_total": "0.00",
  "orig_total": "",
  "buyer_name": [],
  "seller_name": [
    "Super Air Jet"
  ],
  "seller_address": [],
  "invoice_number": "",
  "tax_number": "",
  "detail": []
}