{
  "type": "plane",
  "std_start_time": "2020-03-09",
  "orig_start_time": "09MAR20 ",
  "std_end_time": "",
  "orig_end_time": "",
  "std_invoice_time": "",
  "orig_invoice_time": "",
  "place": "",
  "departure": "Indonesia-Jakarta",
  "arrival": "Indonesia-Surakarta",
  "std_curr": "USD",
  "orig_curr": [],
  "std_total": "0.00",
  "orig_total": "",
  "buyer_name": [],
  "seller_name": [
    "Lion Air"
  ],
  "seller_address": [
    "Indonesia-Jakarta"
  ],
  "invoice_number": "",
  "tax_number": "",
  "detail": []
}