{
  "type": "plane",
  "std_start_time": "2023-11-11",
  "orig_start_time": "11NOV23 22:00",
  "std_end_time": "",
  "orig_end_time": "",
  "std_invoice_time": "2023-11-11",
  "orig_invoice_time": "11NOV23",
  "place": "",
  "departure": "India-Delhi",
  "arrival": "India-Kolkata",
  "std_curr": "USD",
  "orig_curr": [],
  "std_total": "0.00",
  "orig_total": "",
  "buyer_name": [],
  "seller_name": [
    "Air India"
  ],
  "seller_address": [],
  "invoice_number": "BN0188",
  "tax_number": "",
  "detail": []
}