{
  "type": "plane",
  "std_start_time": "2021-10-17",
  "orig_start_time": "17OCT21",
  "std_end_time": "",
  "orig_end_time": "",
  "std_invoice_time": "2021-10-17",
  "orig_invoice_time": "17OCT21",
  "place": "",
  "departure": "Indonesia-Jakarta",
  "arrival": "Indonesia-Medan",
  "std_curr": "USD",
  "orig_curr": [
    "JAKARTA SOEKARNO ",
    "MEDAN KUALA NAMU"
  ],
  "std_total": "0.00",
  "orig_total": "",
  "buyer_name": [],
  "seller_name": [
    "SUPER AIR JET"
  ],
  "seller_address": [],
  "invoice_number": "",
  "tax_number": "",
  "detail": []
}