{
  "type": "plane",
  "std_start_time": "2020-02-16",
  "orig_start_time": "16FEB20 ",
  "std_end_time": "",
  "orig_end_time": "",
  "std_invoice_time": "2020-02-16",
  "orig_invoice_time": "16FEB20 ",
  "place": "",
  "departure": "Indonesia-Jakarta",
  "arrival": "Indonesia-Solo",
  "std_curr": "USD",
  "orig_curr": [],
  "std_total": "0.00",
  "orig_total": "",
  "buyer_name": [],
  "seller_name": [
    "Lion Air"
  ],
  "seller_address": [],
  "invoice_number": "",
  "tax_number": "",
  "detail": []
}