{
  "type": "plane",
  "std_start_time": "2024-10-28",
  "orig_start_time": "28 OCT 2024 0230 Hrs",
  "std_end_time": "",
  "orig_end_time": "",
  "std_invoice_time": "2024-10-28",
  "orig_invoice_time": "28 OCT 2024 ",
  "place": "",
  "departure": "India-Delhi",
  "arrival": "India-Kolkata",
  "std_curr": "USD",
  "orig_curr": [],
  "std_total": "0.00",
  "orig_total": "",
  "buyer_name": [],
  "seller_name": [],
  "seller_address": [],
  "invoice_number": "",
  "tax_number": "",
  "detail": []
}