{
  "type": "plane",
  "std_start_time": "09-19",
  "orig_start_time": "19SEP ",
  "std_end_time": "",
  "orig_end_time": "",
  "std_invoice_time": "2025-09-19",
  "orig_invoice_time": "19SEP ",
  "place": "",
  "departure": "Vietnam-Hanoi",
  "arrival": "Vietnam-Ho Chi Minh City",
  "std_curr": "USD",
  "orig_curr": [],
  "std_total": "0.00",
  "orig_total": "",
  "buyer_name": [
    "NGUYEN/CONG PHAN MR"
  ],
  "seller_name": [
    "Vietnam Airlines"
  ],
  "seller_address": [],
  "invoice_number": "7382431981390",
  "tax_number": "",
  "detail": []
}