{
  "type": "plane",
  "std_start_time": "02-02",
  "orig_start_time": "02FEB",
  "std_end_time": "",
  "orig_end_time": "",
  "std_invoice_time": "2025-02-02",
  "orig_invoice_time": "02FEB",
  "place": "",
  "departure": "Indonesia-Kualanamu",
  "arrival": "Indonesia-Jakarta",
  "std_curr": "USD",
  "orig_curr": [],
  "std_total": "0.00",
  "orig_total": "",
  "buyer_name": [],
  "seller_name": [
    "Sriwijaya Air"
  ],
  "seller_address": [],
  "invoice_number": "9771077432290",
  "tax_number": "",
  "detail": []
}