{
  "type": "plane",
  "std_start_time": "2022-03-21",
  "orig_start_time": " MARCH 21 2022",
  "std_end_time": "",
  "orig_end_time": "",
  "std_invoice_time": "2022-03-21",
  "orig_invoice_time": " MARCH 21 2022",
  "place": "",
  "departure": "Spain-Barcelona",
  "arrival": "USA-Newark",
  "std_curr": "USD",
  "orig_curr": [],
  "std_total": "0.00",
  "orig_total": "",
  "buyer_name": [],
  "seller_name": [
    "UNITED"
  ],
  "seller_address": [],
  "invoice_number": "E88MLN",
  "tax_number": "",
  "detail": []
}