{
  "type": "plane",
  "std_start_time": "03-12",
  "orig_start_time": "12MAR",
  "std_end_time": "",
  "orig_end_time": "",
  "std_invoice_time": "2025-03-12",
  "orig_invoice_time": "12MAR",
  "place": "",
  "departure": "Vietnam-Ho Chi Minh City",
  "arrival": "Singapore-Singapore",
  "std_curr": "USD",
  "orig_curr": [],
  "std_total": "0.00",
  "orig_total": "",
  "buyer_name": [],
  "seller_name": [
    "QATAR AIRWAYS"
  ],
  "seller_address": [],
  "invoice_number": "1855",
  "tax_number": "",
  "detail": []
}