{
  "type": "plane",
  "std_start_time": "05-03",
  "orig_start_time": "03 May 25 05:45",
  "std_end_time": "",
  "orig_end_time": "",
  "std_invoice_time": "2025-05-03",
  "orig_invoice_time": "03 May 25",
  "place": "",
  "departure": "India-Mumbai",
  "arrival": "India-Mangalore",
  "std_curr": "USD",
  "orig_curr": [],
  "std_total": "0.00",
  "orig_total": "",
  "buyer_name": [],
  "seller_name": [
    "Air India Express"
  ],
  "seller_address": [],
  "invoice_number": "",
  "tax_number": "",
  "detail": []
}