{
  "type": "plane",
  "std_start_time": "2023-06-20",
  "orig_start_time": "20JUN23",
  "std_end_time": "",
  "orig_end_time": "",
  "std_invoice_time": "2023-06-20",
  "orig_invoice_time": "20JUN23",
  "place": "",
  "departure": "India-Kolkata",
  "arrival": "India-Silchar",
  "std_curr": "USD",
  "orig_curr": [],
  "std_total": "0.00",
  "orig_total": "",
  "buyer_name": [],
  "seller_name": [
    "AIR INDIA"
  ],
  "seller_address": [],
  "invoice_number": "098970698133903",
  "tax_number": "",
  "detail": []
}