{
  "type": "plane",
  "std_start_time": "2023-07-06",
  "orig_start_time": "06JUL2023",
  "std_end_time": "",
  "orig_end_time": "",
  "std_invoice_time": "2023-07-06",
  "orig_invoice_time": "06JUL2023",
  "place": "",
  "departure": "Japan-Tokyo",
  "arrival": "United States-San Francisco",
  "std_curr": "USD",
  "orig_curr": [],
  "std_total": "0.00",
  "orig_total": "",
  "buyer_name": [],
  "seller_name": [
    "JAPAN AIRLINES"
  ],
  "seller_address": [],
  "invoice_number": "",
  "tax_number": "",
  "detail": []
}