{
  "type": "plane",
  "std_start_time": "2025-05-31",
  "orig_start_time": "31 MAY 2025",
  "std_end_time": "",
  "orig_end_time": "",
  "std_invoice_time": "2025-05-31",
  "orig_invoice_time": "31 MAY 2025",
  "place": "",
  "departure": "nan",
  "arrival": "UAE-Dubai",
  "std_curr": "USD",
  "orig_curr": [],
  "std_total": "0.00",
  "orig_total": "",
  "buyer_name": [],
  "seller_name": [
    "Emirates"
  ],
  "seller_address": [],
  "invoice_number": "1767172413963-1",
  "tax_number": "",
  "detail": []
}