{
  "type": "plane",
  "std_start_time": "05-26",
  "orig_start_time": " 26MAY",
  "std_end_time": "",
  "orig_end_time": "",
  "std_invoice_time": "2025-05-26",
  "orig_invoice_time": " 26MAY",
  "place": "",
  "departure": "Vietnam-Hanoi",
  "arrival": "South Korea-Seoul",
  "std_curr": "USD",
  "orig_curr": [],
  "std_total": "0.00",
  "orig_total": "",
  "buyer_name": [],
  "seller_name": [
    "Vietnam Airlines"
  ],
  "seller_address": [],
  "invoice_number": "7382439688610",
  "tax_number": "",
  "detail": []
}