{
  "type": "plane",
  "std_start_time": "2024-01-30",
  "orig_start_time": "30JAN24",
  "std_end_time": "",
  "orig_end_time": "",
  "std_invoice_time": "2024-01-30",
  "orig_invoice_time": "30JAN24",
  "place": "",
  "departure": "United States-Phoenix",
  "arrival": "United States-San Diego",
  "std_curr": "USD",
  "orig_curr": [],
  "std_total": "0.00",
  "orig_total": "",
  "buyer_name": [
    "RAMLI / HANDYMR"
  ],
  "seller_name": [
    "AMERICAN AIRLINES"
  ],
  "seller_address": [],
  "invoice_number": "00131396280775",
  "tax_number": "",
  "detail": []
}