{
  "type": "plane",
  "std_start_time": "2025-01-19",
  "orig_start_time": "19 JAN 2025",
  "std_end_time": "",
  "orig_end_time": "",
  "std_invoice_time": "",
  "orig_invoice_time": "",
  "place": "",
  "departure": "India-Kolkata",
  "arrival": "India-Silchar",
  "std_curr": "USD",
  "orig_curr": [],
  "std_total": "0.00",
  "orig_total": "",
  "buyer_name": [
    "PAUL AJOY"
  ],
  "seller_name": [
    "AIR INDIA"
  ],
  "seller_address": [],
  "invoice_number": "098302272962102",
  "tax_number": "",
  "detail": []
}