{
  "type": "plane",
  "std_start_time": "2021-10-29",
  "orig_start_time": "FRI OCTOBER 29 2021 FLIGHT DEPARTS: 11:35 PM",
  "std_end_time": "",
  "orig_end_time": "",
  "std_invoice_time": "2021-10-29",
  "orig_invoice_time": "DATE MAY CHANGE BOARDING BEGINS: 10:45P BOARDING ENDS: 11:20 PM",
  "place": "",
  "departure": "India-Delhi",
  "arrival": "USA-Newark",
  "std_curr": "USD",
  "orig_curr": [],
  "std_total": "0.00",
  "orig_total": "",
  "buyer_name": [],
  "seller_name": [
    "UNITED"
  ],
  "seller_address": [],
  "invoice_number": "EGDWD6",
  "tax_number": "",
  "detail": []
}