{
  "type": "plane",
  "std_start_time": "2024-05-16",
  "orig_start_time": "16 MAY 2024",
  "std_end_time": "",
  "orig_end_time": "",
  "std_invoice_time": "2024-05-16",
  "orig_invoice_time": "16 MAY 2024",
  "place": "",
  "departure": "India-Ahmedabad",
  "arrival": "India-Delhi",
  "std_curr": "USD",
  "orig_curr": [],
  "std_total": "0.00",
  "orig_total": "",
  "buyer_name": [],
  "seller_name": [
    "AIR INDIA"
  ],
  "seller_address": [],
  "invoice_number": "098937480115901",
  "tax_number": "",
  "detail": []
}