{
  "type": "plane",
  "std_start_time": "2021-12-12",
  "orig_start_time": "12DEC21 13:30",
  "std_end_time": "",
  "orig_end_time": "",
  "std_invoice_time": "2021-12-12",
  "orig_invoice_time": "12DEC21",
  "place": "",
  "departure": "Indonesia-Jakarta",
  "arrival": "Indonesia-Batam Batu Besar",
  "std_curr": "USD",
  "orig_curr": [],
  "std_total": "0.00",
  "orig_total": "",
  "buyer_name": [],
  "seller_name": [
    "Batik Air"
  ],
  "seller_address": [],
  "invoice_number": "",
  "tax_number": "",
  "detail": []
}