{
  "type": "plane",
  "std_start_time": "2025-04-26",
  "orig_start_time": "26APR25",
  "std_end_time": "",
  "orig_end_time": "",
  "std_invoice_time": "2025-04-26",
  "orig_invoice_time": "26APR25",
  "place": "",
  "departure": "Philippines-Tacloban",
  "arrival": "Philippines-Cebu",
  "std_curr": "USD",
  "orig_curr": [],
  "std_total": "0.00",
  "orig_total": "",
  "buyer_name": [],
  "seller_name": [
    "Philippine Airlines"
  ],
  "seller_address": [],
  "invoice_number": "",
  "tax_number": "",
  "detail": []
}