{
  "type": "plane",
  "std_start_time": "2024-09-06",
  "orig_start_time": "06SEP24 22:55",
  "std_end_time": "",
  "orig_end_time": "",
  "std_invoice_time": "2024-09-06",
  "orig_invoice_time": "06SEP24",
  "place": "",
  "departure": "Vietnam-Hanoi",
  "arrival": "Germany-Frankfurt",
  "std_curr": "USD",
  "orig_curr": [],
  "std_total": "0.00",
  "orig_total": "",
  "buyer_name": [],
  "seller_name": [
    "Vietnam Airlines"
  ],
  "seller_address": [],
  "invoice_number": "7382303763123",
  "tax_number": "",
  "detail": []
}