{
  "type": "plane",
  "std_start_time": "2023-10-27",
  "orig_start_time": "27 OCT 2023 1750 Hrs",
  "std_end_time": "",
  "orig_end_time": "",
  "std_invoice_time": "2025-06-01",
  "orig_invoice_time": "2025/6/1 21:46",
  "place": "",
  "departure": "India-Bengaluru",
  "arrival": "India-Pune",
  "std_curr": "USD",
  "orig_curr": [],
  "std_total": "0.00",
  "orig_total": "",
  "buyer_name": [],
  "seller_name": [
    "Akasa Air"
  ],
  "seller_address": [],
  "invoice_number": "0117",
  "tax_number": "",
  "detail": []
}