{
  "type": "plane",
  "std_start_time": "10-18",
  "orig_start_time": "18OCT ",
  "std_end_time": "",
  "orig_end_time": "",
  "std_invoice_time": "",
  "orig_invoice_time": "",
  "place": "",
  "departure": "Indonesia-Jakarta",
  "arrival": "Indonesia-Yogyakarta",
  "std_curr": "USD",
  "orig_curr": [],
  "std_total": "0.00",
  "orig_total": "",
  "buyer_name": [],
  "seller_name": [
    "TransNusa"
  ],
  "seller_address": [
    "Indone"
  ],
  "invoice_number": "",
  "tax_number": "",
  "detail": []
}