{
  "type": "plane",
  "std_start_time": "2016-05-06",
  "orig_start_time": "06 May 16",
  "std_end_time": "",
  "orig_end_time": "",
  "std_invoice_time": "2016-05-06",
  "orig_invoice_time": "06 May 16",
  "place": "",
  "departure": "Malaysia-Kuala Lumpur",
  "arrival": "Vietnam-Hanoi",
  "std_curr": "USD",
  "orig_curr": [],
  "std_total": "0.00",
  "orig_total": "",
  "buyer_name": [],
  "seller_name": [],
  "seller_address": [],
  "invoice_number": "",
  "tax_number": "",
  "detail": []
}