{
  "type": "plane",
  "std_start_time": "2025-01-23",
  "orig_start_time": "08:40",
  "std_end_time": "",
  "orig_end_time": "",
  "std_invoice_time": "2025-01-23",
  "orig_invoice_time": "23JAN25",
  "place": "",
  "departure": "Vietnam-Ho Chi Minh City",
  "arrival": "Thailand-Bangkok",
  "std_curr": "USD",
  "orig_curr": [],
  "std_total": "0.00",
  "orig_total": "",
  "buyer_name": [],
  "seller_name": [
    "Vietnam Airlines"
  ],
  "seller_address": [],
  "invoice_number": "",
  "tax_number": "",
  "detail": []
}