{
  "type": "plane",
  "std_start_time": "2024-06-01",
  "orig_start_time": "JUNE 1 2024",
  "std_end_time": "",
  "orig_end_time": "",
  "std_invoice_time": "2024-06-01",
  "orig_invoice_time": "JUNE 1 2024",
  "place": "",
  "departure": "United States-Houston",
  "arrival": "United States-New York",
  "std_curr": "USD",
  "orig_curr": [],
  "std_total": "0.00",
  "orig_total": "",
  "buyer_name": [],
  "seller_name": [
    "UNITED"
  ],
  "seller_address": [],
  "invoice_number": "",
  "tax_number": "",
  "detail": []
}