{
  "type": "plane",
  "std_start_time": "2019-11-06",
  "orig_start_time": "06 NOV 2019",
  "std_end_time": "",
  "orig_end_time": "",
  "std_invoice_time": "",
  "orig_invoice_time": "",
  "place": "",
  "departure": "Malaysia-Kuala Lumpur",
  "arrival": "Indonesia-Jakarta",
  "std_curr": "USD",
  "orig_curr": [],
  "std_total": "0.00",
  "orig_total": "",
  "buyer_name": [
    "RAMLI/HANDY MR"
  ],
  "seller_name": [
    "Malaysia Airlines"
  ],
  "seller_address": [],
  "invoice_number": "2322459814343",
  "tax_number": "",
  "detail": []
}