{
  "type": "plane",
  "std_start_time": "10-11",
  "orig_start_time": "11OCT",
  "std_end_time": "",
  "orig_end_time": "",
  "std_invoice_time": "",
  "orig_invoice_time": "",
  "place": "",
  "departure": "Thailand-Bangkok",
  "arrival": "Indonesia-Jakarta",
  "std_curr": "USD",
  "orig_curr": [],
  "std_total": "0.00",
  "orig_total": "",
  "buyer_name": [],
  "seller_name": [
    "Thai Lion Air"
  ],
  "seller_address": [
    "Thailand - Bangkok"
  ],
  "invoice_number": "",
  "tax_number": "",
  "detail": []
}