{
  "type": "plane",
  "std_start_time": "12-22",
  "orig_start_time": "22DEC ",
  "std_end_time": "",
  "orig_end_time": "",
  "std_invoice_time": "2025-12-22",
  "orig_invoice_time": "22DEC ",
  "place": "",
  "departure": "Bangladesh-Dhaka",
  "arrival": "Bangladesh-Jessore",
  "std_curr": "USD",
  "orig_curr": [],
  "std_total": "0.00",
  "orig_total": "",
  "buyer_name": [],
  "seller_name": [
    "US-Bangla Airlines"
  ],
  "seller_address": [],
  "invoice_number": "",
  "tax_number": "",
  "detail": []
}