{
  "type": "plane",
  "std_start_time": "12-14",
  "orig_start_time": "14DEC ",
  "std_end_time": "",
  "orig_end_time": "",
  "std_invoice_time": "",
  "orig_invoice_time": "",
  "place": "",
  "departure": "India-Delhi",
  "arrival": "India-Kolkata",
  "std_curr": "USD",
  "orig_curr": [],
  "std_total": "0.00",
  "orig_total": "",
  "buyer_name": [
    "ATHREYA JOTHIRAM"
  ],
  "seller_name": [
    "JET AIRWAYS"
  ],
  "seller_address": [],
  "invoice_number": "",
  "tax_number": "",
  "detail": []
}