{
  "type": "plane",
  "std_start_time": "02-04",
  "orig_start_time": "04FEB",
  "std_end_time": "",
  "orig_end_time": "",
  "std_invoice_time": "2025-02-04",
  "orig_invoice_time": "04FEB",
  "place": "",
  "departure": "Bangladesh-Dhaka",
  "arrival": "United Arab Emirates-Abu Dhabi",
  "std_curr": "USD",
  "orig_curr": [],
  "std_total": "0.00",
  "orig_total": "",
  "buyer_name": [],
  "seller_name": [
    "Biman Bangladesh Airlines Ltd."
  ],
  "seller_address": [],
  "invoice_number": "9972300588663C2",
  "tax_number": "",
  "detail": []
}