{
  "type": "plane",
  "std_start_time": "2025-04-16",
  "orig_start_time": "16 APR 2025",
  "std_end_time": "",
  "orig_end_time": "",
  "std_invoice_time": "",
  "orig_invoice_time": "",
  "place": "",
  "departure": "India-Silchar",
  "arrival": "India-Kolkata",
  "std_curr": "USD",
  "orig_curr": [],
  "std_total": "0.00",
  "orig_total": "",
  "buyer_name": [],
  "seller_name": [
    "IndiGo"
  ],
  "seller_address": [
    "India - Gurugram"
  ],
  "invoice_number": "",
  "tax_number": "",
  "detail": []
}