{
  "type": "plane",
  "std_start_time": "2024-06-07",
  "orig_start_time": "06:10",
  "std_end_time": "",
  "orig_end_time": "",
  "std_invoice_time": "2024-06-07",
  "orig_invoice_time": "07JUN2024",
  "place": "",
  "departure": "Indonesia-Jakarta",
  "arrival": "Japan-Tokyo",
  "std_curr": "USD",
  "orig_curr": [],
  "std_total": "0.00",
  "orig_total": "",
  "buyer_name": [],
  "seller_name": [
    "JAPAN AIRLINES"
  ],
  "seller_address": [],
  "invoice_number": "JL344000187",
  "tax_number": "",
  "detail": []
}