{
  "type": "plane",
  "std_start_time": "2023-01-17",
  "orig_start_time": "17 JAN 2023",
  "std_end_time": "",
  "orig_end_time": "",
  "std_invoice_time": "2023-01-17",
  "orig_invoice_time": "17 JAN 2023",
  "place": "",
  "departure": "India-Bengaluru",
  "arrival": "India-Hyderabad",
  "std_curr": "INR",
  "orig_curr": [
    "BENGALURU",
    "HYDERABAD"
  ],
  "std_total": "0.00",
  "orig_total": "",
  "buyer_name": [],
  "seller_name": [
    "IndiGo"
  ],
  "seller_address": [],
  "invoice_number": "",
  "tax_number": "",
  "detail": []
}