{
  "type": "plane",
  "std_start_time": "2021-08-22",
  "orig_start_time": "22AUG21 09:30",
  "std_end_time": "",
  "orig_end_time": "",
  "std_invoice_time": "2021-08-22",
  "orig_invoice_time": "22AUG21",
  "place": "",
  "departure": "Indonesia-Jakarta",
  "arrival": "Indonesia-Medan",
  "std_curr": "IDR",
  "orig_curr": [
    "JAKARTA SOEKARNO",
    "MEDAN KUALA NAMU"
  ],
  "std_total": "0.00",
  "orig_total": "",
  "buyer_name": [],
  "seller_name": [
    "Batik Air"
  ],
  "seller_address": [],
  "invoice_number": "",
  "tax_number": "",
  "detail": []
}