{
  "type": "plane",
  "std_start_time": "01-21",
  "orig_start_time": "21JAN",
  "std_end_time": "",
  "orig_end_time": "",
  "std_invoice_time": "2025-01-21",
  "orig_invoice_time": "21JAN",
  "place": "",
  "departure": "Bangladesh-Dhaka",
  "arrival": "Bangladesh-Jessore",
  "std_curr": "USD",
  "orig_curr": [],
  "std_total": "0.00",
  "orig_total": "",
  "buyer_name": [],
  "seller_name": [
    "US-BANGLA AIRLINES"
  ],
  "seller_address": [],
  "invoice_number": "779 404405692/1",
  "tax_number": "",
  "detail": []
}