{
  "type": "plane",
  "std_start_time": "2024-06-25",
  "orig_start_time": "25JUN24 22:05",
  "std_end_time": "",
  "orig_end_time": "",
  "std_invoice_time": "",
  "orig_invoice_time": "",
  "place": "Vietnam-Hanoi",
  "departure": "Vietnam-Hanoi",
  "arrival": "Germany-Frankfurt",
  "std_curr": "USD",
  "orig_curr": [],
  "std_total": "0.00",
  "orig_total": "",
  "buyer_name": [],
  "seller_name": [
    "Vietnam Airlines"
  ],
  "seller_address": [
    "Vietnam-Hanoi"
  ],
  "invoice_number": "7382301254063",
  "tax_number": "",
  "detail": []
}