{
  "type": "plane",
  "std_start_time": "2024-10-12",
  "orig_start_time": "12OCT24",
  "std_end_time": "",
  "orig_end_time": "",
  "std_invoice_time": "",
  "orig_invoice_time": "",
  "place": "Vietnam-Ho Chi Minh City",
  "departure": "Vietnam-Ho Chi Minh City",
  "arrival": "Thailand-Bangkok",
  "std_curr": "VND",
  "orig_curr": [
    "SGN"
  ],
  "std_total": "0.00",
  "orig_total": "",
  "buyer_name": [],
  "seller_name": [
    "Vietnam Airlines"
  ],
  "seller_address": [
    "Vietnam - Hanoi"
  ],
  "invoice_number": "",
  "tax_number": "",
  "detail": []
}