{
  "type": "plane",
  "std_start_time": "2024-08-16",
  "orig_start_time": "16 AUG 2024 15:05 Hrs",
  "std_end_time": "",
  "orig_end_time": "",
  "std_invoice_time": "2024-08-16",
  "orig_invoice_time": "16 AUG 2024 ",
  "place": "",
  "departure": "Nepal-Kathmandu",
  "arrival": "India-Mumbai",
  "std_curr": "USD",
  "orig_curr": [],
  "std_total": "0.00",
  "orig_total": "",
  "buyer_name": [],
  "seller_name": [
    "IndiGo"
  ],
  "seller_address": [],
  "invoice_number": "",
  "tax_number": "",
  "detail": []
}