{
  "type": "plane",
  "std_start_time": "2024-10-26",
  "orig_start_time": "26OCT24",
  "std_end_time": "",
  "orig_end_time": "",
  "std_invoice_time": "2024-10-26",
  "orig_invoice_time": "26OCT24",
  "place": "",
  "departure": "United States-Nashville",
  "arrival": "United States-New York",
  "std_curr": "USD",
  "orig_curr": [],
  "std_total": "0.00",
  "orig_total": "",
  "buyer_name": [],
  "seller_name": [
    "AMERICAN AIRLINES"
  ],
  "seller_address": [],
  "invoice_number": "4 125 6369659276 2",
  "tax_number": "",
  "detail": []
}