{
  "type": "plane",
  "std_start_time": "2023-09-26",
  "orig_start_time": "07:55",
  "std_end_time": "",
  "orig_end_time": "",
  "std_invoice_time": "2025-09-26",
  "orig_invoice_time": "26SEP",
  "place": "",
  "departure": "United Arab Emirates-Dubai",
  "arrival": "Switzerland-Zurich",
  "std_curr": "USD",
  "orig_curr": [],
  "std_total": "0.00",
  "orig_total": "",
  "buyer_name": [],
  "seller_name": [
    "Emirates"
  ],
  "seller_address": [],
  "invoice_number": "1769383247009-2",
  "tax_number": "",
  "detail": []
}