{
  "type": "plane",
  "std_start_time": "01-19",
  "orig_start_time": "19JAN ",
  "std_end_time": "",
  "orig_end_time": "",
  "std_invoice_time": "2025-01-19",
  "orig_invoice_time": "19JAN ",
  "place": "",
  "departure": "Bangladesh-Chattogram",
  "arrival": "Bangladesh-Dhaka",
  "std_curr": "USD",
  "orig_curr": [],
  "std_total": "0.00",
  "orig_total": "",
  "buyer_name": [
    "SARDER/JAVERS ARGHO MR"
  ],
  "seller_name": [
    "US-BANGLA AIRLINES"
  ],
  "seller_address": [],
  "invoice_number": "7792406849409/1",
  "tax_number": "",
  "detail": []
}