{
  "type": "plane",
  "std_start_time": "2024-01-24",
  "orig_start_time": "24JAN2024",
  "std_end_time": "",
  "orig_end_time": "",
  "std_invoice_time": "2024-01-24",
  "orig_invoice_time": "24JAN2024",
  "place": "",
  "departure": "Indonesia-Jakarta",
  "arrival": "Japan-Tokyo",
  "std_curr": "USD",
  "orig_curr": [],
  "std_total": "0.00",
  "orig_total": "",
  "seller_name": [
    "JAPAN AIRLINES"
  ],
  "seller_address": [],
  "invoice_number": "1312641648040",
  "tax_number": "",
  "detail": []
}