{
  "type": "plane",
  "std_start_time": "2018-08-14",
  "orig_start_time": "14 AUG 2018",
  "std_end_time": "",
  "orig_end_time": "",
  "std_invoice_time": "2018-08-14",
  "orig_invoice_time": "14 AUG 2018",
  "place": "",
  "departure": "United States-San Diego",
  "arrival": "United States-Chicago",
  "std_curr": "USD",
  "orig_curr": [],
  "std_total": "0.00",
  "orig_total": "",
  "buyer_name": [
    "SCOTTMR"
  ],
  "seller_name": [
    "UNITED"
  ],
  "seller_address": [],
  "invoice_number": "",
  "tax_number": "",
  "detail": []
}