{
  "type": "plane",
  "std_start_time": "05-23",
  "orig_start_time": "23MAY",
  "std_end_time": "",
  "orig_end_time": "",
  "std_invoice_time": "2025-05-23",
  "orig_invoice_time": "23MAY",
  "place": "",
  "departure": "China-Guangzhou",
  "arrival": "Sri Lanka-Colombo",
  "std_curr": "USD",
  "orig_curr": [],
  "std_total": "0.00",
  "orig_total": "",
  "buyer_name": [],
  "seller_name": [
    "SriLankan Airlines"
  ],
  "seller_address": [
    " "
  ],
  "invoice_number": "6032114598847-1",
  "tax_number": "",
  "detail": []
}