{
  "type": "plane",
  "std_start_time": "06-04",
  "orig_start_time": "04JUN",
  "std_end_time": "",
  "orig_end_time": "",
  "std_invoice_time": "2025-06-04",
  "orig_invoice_time": "04JUN",
  "place": "",
  "departure": "Bangladesh-Dhaka",
  "arrival": "Bangladesh-Chittagong",
  "std_curr": "USD",
  "orig_curr": [],
  "std_total": "0.00",
  "orig_total": "",
  "buyer_name": [],
  "seller_name": [
    "Biman Bangladesh Airlines Ltd."
  ],
  "seller_address": [],
  "invoice_number": "9976801892922C1",
  "tax_number": "",
  "detail": []
}