{
  "type": "plane",
  "std_start_time": "2024-02-16",
  "orig_start_time": "16FEB 09:30",
  "std_end_time": "",
  "orig_end_time": "",
  "std_invoice_time": "2025-02-16",
  "orig_invoice_time": "16FEB ",
  "place": "",
  "departure": "Indonesia-Medan",
  "arrival": "Indonesia-Jakarta",
  "std_curr": "USD",
  "orig_curr": [],
  "std_total": "0.00",
  "orig_total": "",
  "buyer_name": [],
  "seller_name": [],
  "seller_address": [],
  "invoice_number": "",
  "tax_number": "",
  "detail": []
}