{
  "type": "plane",
  "std_start_time": "2022-03-11",
  "orig_start_time": "11Mar22",
  "std_end_time": "",
  "orig_end_time": "",
  "std_invoice_time": "",
  "orig_invoice_time": "",
  "place": "",
  "departure": "Indonesia-Bandung",
  "arrival": "Indonesia-Jakarta",
  "std_curr": "USD",
  "orig_curr": [],
  "std_total": "0.00",
  "orig_total": "",
  "buyer_name": [
    "RAMLI/HANDY"
  ],
  "seller_name": [
    "CITILINK"
  ],
  "seller_address": [],
  "invoice_number": "",
  "tax_number": "",
  "detail": []
}