{
  "type": "plane",
  "std_start_time": "2023-04-12",
  "orig_start_time": "12Apr23",
  "std_end_time": "",
  "orig_end_time": "",
  "std_invoice_time": "2023-04-12",
  "orig_invoice_time": "12Apr23",
  "place": "",
  "departure": "Philippines-Manila",
  "arrival": "Philippines-Caticlan-Boracay",
  "std_curr": "USD",
  "orig_curr": [],
  "std_total": "0.00",
  "orig_total": "",
  "buyer_name": [],
  "seller_name": [
    "Cebu Pacific"
  ],
  "seller_address": [],
  "invoice_number": "",
  "tax_number": "",
  "detail": []
}