{
  "type": "plane",
  "std_start_time": "10-26",
  "orig_start_time": "26OCT",
  "std_end_time": "",
  "orig_end_time": "",
  "std_invoice_time": "2025-10-26",
  "orig_invoice_time": "26OCT",
  "place": "",
  "departure": "United States-New York",
  "arrival": "United Kingdom-London",
  "std_curr": "USD",
  "orig_curr": [],
  "std_total": "0.00",
  "orig_total": "",
  "buyer_name": [],
  "seller_name": [
    "American British Airways"
  ],
  "seller_address": [],
  "invoice_number": "",
  "tax_number": "",
  "detail": []
}