{
  "type": "plane",
  "std_start_time": "2018-11-10",
  "orig_start_time": "NOVEMBER 10 2018 ",
  "std_end_time": "",
  "orig_end_time": "",
  "std_invoice_time": "2018-11-10",
  "orig_invoice_time": "NOVEMBER 10 2018",
  "place": "",
  "departure": "United States-Houston",
  "arrival": "United Kingdom-London",
  "std_curr": "USD",
  "orig_curr": [],
  "std_total": "0.00",
  "orig_total": "",
  "buyer_name": [],
  "seller_name": [
    "UNITED"
  ],
  "seller_address": [],
  "invoice_number": "",
  "tax_number": "",
  "detail": []
}