{
  "type": "plane",
  "std_start_time": "2024-05-30",
  "orig_start_time": "01:40",
  "std_end_time": "",
  "orig_end_time": "",
  "std_invoice_time": "2024-05-30",
  "orig_invoice_time": "30 MAY 2024",
  "place": "",
  "departure": "India-Mumbai",
  "arrival": "USA-New York",
  "std_curr": "USD",
  "orig_curr": [],
  "std_total": "0.00",
  "orig_total": "",
  "buyer_name": [],
  "seller_name": [
    "AIR INDIA"
  ],
  "seller_address": [],
  "invoice_number": "0059",
  "tax_number": "",
  "detail": []
}