{
  "type": "plane",
  "std_start_time": "2024-07-02",
  "orig_start_time": "02JUL 2024",
  "std_end_time": "",
  "orig_end_time": "",
  "std_invoice_time": "2024-07-02",
  "orig_invoice_time": "2024 Y 02JUL",
  "place": "",
  "departure": "Barbados-Bridgetown",
  "arrival": "India-Delhi",
  "std_curr": "USD",
  "orig_curr": [],
  "std_total": "0.00",
  "orig_total": "",
  "buyer_name": [],
  "seller_name": [
    "Caribbean Aircraft Handling Co. Ltd."
  ],
  "seller_address": [],
  "invoice_number": "",
  "tax_number": "",
  "detail": []
}