{
  "type": "plane",
  "std_start_time": "2023-04-25",
  "orig_start_time": "25Apr2023 06:05",
  "std_end_time": "",
  "orig_end_time": "",
  "std_invoice_time": "2023-04-25",
  "orig_invoice_time": "25Apr2023",
  "place": "",
  "departure": "India-Mumbai",
  "arrival": "India-Amritsar",
  "std_curr": "USD",
  "orig_curr": [],
  "std_total": "0.00",
  "orig_total": "",
  "buyer_name": [],
  "seller_name": [],
  "seller_address": [],
  "invoice_number": "2282406953062",
  "tax_number": "",
  "detail": []
}