{
  "type": "plane",
  "std_start_time": "04-14",
  "orig_start_time": "14APR ",
  "std_end_time": "",
  "orig_end_time": "",
  "std_invoice_time": "2025-04-14",
  "orig_invoice_time": "14APR ",
  "place": "",
  "departure": "Bangladesh-Jessore",
  "arrival": "Bangladesh-Dhaka",
  "std_curr": "USD",
  "orig_curr": [],
  "std_total": "0.00",
  "orig_total": "",
  "buyer_name": [],
  "seller_name": [
    "Biman Bangladesh Airlines Ltd."
  ],
  "seller_address": [],
  "invoice_number": "9973978858628C1",
  "tax_number": "",
  "detail": []
}