{
  "type": "plane",
  "std_start_time": "2023-11-27",
  "orig_start_time": "0750",
  "std_end_time": "",
  "orig_end_time": "",
  "std_invoice_time": "2023-11-27",
  "orig_invoice_time": "27 NOV 23",
  "place": "",
  "departure": "Israel-Tel Aviv",
  "arrival": "India-Bangalore",
  "std_curr": "INR",
  "orig_curr": [
    "TRV",
    "BLR"
  ],
  "std_total": "0.00",
  "orig_total": "",
  "buyer_name": [],
  "seller_name": [
    "AIR INDIA EXPRESS"
  ],
  "seller_address": [],
  "invoice_number": "",
  "tax_number": "",
  "detail": []
}