{
  "type": "plane",
  "std_start_time": "2025-04-04",
  "orig_start_time": "04 Apr 25",
  "std_end_time": "",
  "orig_end_time": "",
  "std_invoice_time": "2025-04-04",
  "orig_invoice_time": "04 Apr 25",
  "place": "",
  "departure": "South Africa-Johannesburg",
  "arrival": "Vietnam-Ho Chi Minh City",
  "std_curr": "USD",
  "orig_curr": [],
  "std_total": "0.00",
  "orig_total": "",
  "buyer_name": [],
  "seller_name": [
    "AirAsia"
  ],
  "seller_address": [],
  "invoice_number": "",
  "tax_number": "",
  "detail": []
}