{
  "type": "plane",
  "std_start_time": "2025-05-27",
  "orig_start_time": "27MAY25 ",
  "std_end_time": "",
  "orig_end_time": "",
  "std_invoice_time": "",
  "orig_invoice_time": "",
  "place": "",
  "departure": "Vietnam-Ho Chi Minh City",
  "arrival": "South Korea-Seoul",
  "std_curr": "USD",
  "orig_curr": [
    "Vietnam"
  ],
  "std_total": "0.00",
  "orig_total": "",
  "buyer_name": [
    "LE/HUU TRONG MR"
  ],
  "seller_name": [
    "Vietnam Airlines"
  ],
  "seller_address": [
    "Vietnam-Hanoi"
  ],
  "invoice_number": "141/SGN/VA05383",
  "tax_number": "",
  "detail": []
}