{
  "type": "plane",
  "std_start_time": "2024-09-05",
  "orig_start_time": "05SEP24 22:50",
  "std_end_time": "",
  "orig_end_time": "",
  "std_invoice_time": "2024-09-05",
  "orig_invoice_time": "05SE24",
  "place": "",
  "departure": "Vietnam-Ho Chi Minh City",
  "arrival": "France-Paris",
  "std_curr": "USD",
  "orig_curr": [],
  "std_total": "0.00",
  "orig_total": "",
  "buyer_name": [],
  "seller_name": [
    "Vietnam Airlines"
  ],
  "seller_address": [],
  "invoice_number": "738684866190",
  "tax_number": "",
  "detail": []
}