{
  "type": "plane",
  "std_start_time": "2025-02-23",
  "orig_start_time": "23FEB25",
  "std_end_time": "",
  "orig_end_time": "",
  "std_invoice_time": "",
  "orig_invoice_time": "",
  "place": "",
  "departure": "India-Mumbai",
  "arrival": "United Arab Emirates-Sharjah",
  "std_curr": "USD",
  "orig_curr": [],
  "std_total": "0.00",
  "orig_total": "",
  "buyer_name": [],
  "seller_name": [
    "AirArabia"
  ],
  "seller_address": [
    "United Arab Emirates - Sharjah"
  ],
  "invoice_number": "514237079838501",
  "tax_number": "",
  "detail": []
}