{
  "type": "plane",
  "std_start_time": "2023-06-02",
  "orig_start_time": "02:05 02JUN",
  "std_end_time": "",
  "orig_end_time": "",
  "std_invoice_time": "2025-06-02",
  "orig_invoice_time": "02JUN",
  "place": "",
  "departure": "Indonesia-Makassar",
  "arrival": "Indonesia-Biak",
  "std_curr": "USD",
  "orig_curr": [],
  "std_total": "0.00",
  "orig_total": "",
  "buyer_name": [],
  "seller_name": [
    "Garuda Indonesia"
  ],
  "seller_address": [],
  "invoice_number": "126212549033401",
  "tax_number": "",
  "detail": []
}