{
  "type": "plane",
  "std_start_time": "2025-03-26",
  "orig_start_time": "26MAR25",
  "std_end_time": "",
  "orig_end_time": "",
  "std_invoice_time": "",
  "orig_invoice_time": "",
  "place": "",
  "departure": "South Korea-Seoul",
  "arrival": "South Korea-Incheon",
  "std_curr": "USD",
  "orig_curr": [],
  "std_total": "0.00",
  "orig_total": "",
  "buyer_name": [],
  "seller_name": [
    "KOREAN AIR"
  ],
  "seller_address": [
    "South Korea-Seoul"
  ],
  "invoice_number": "180 3589388393C1",
  "tax_number": "",
  "detail": []
}