{
  "type": "plane",
  "std_start_time": "2017-11-25",
  "orig_start_time": "25 NOV 2017",
  "std_end_time": "",
  "orig_end_time": "",
  "std_invoice_time": "",
  "orig_invoice_time": "",
  "place": "",
  "departure": "Cambodia-Siem Reap",
  "arrival": "Malaysia-Kuala Lumpur",
  "std_curr": "USD",
  "orig_curr": [],
  "std_total": "0.00",
  "orig_total": "",
  "buyer_name": [
    "DE ABREW/K S K MR"
  ],
  "seller_name": [
    "Malaysia Airlines"
  ],
  "seller_address": [],
  "invoice_number": "2325682062027",
  "tax_number": "",
  "detail": []
}