{
  "type": "plane",
  "std_start_time": "1997-12-21",
  "orig_start_time": "21DEC97",
  "std_end_time": "",
  "orig_end_time": "",
  "std_invoice_time": "1997-12-21",
  "orig_invoice_time": "21DEC97",
  "place": "",
  "departure": "United States-Cleveland",
  "arrival": "United States-Charlotte",
  "std_curr": "USD",
  "orig_curr": [],
  "std_total": "0.00",
  "orig_total": "",
  "buyer_name": [],
  "seller_name": [
    "US AIRWAYS"
  ],
  "seller_address": [],
  "invoice_number": "",
  "tax_number": "",
  "detail": []
}