{
  "type": "plane",
  "std_start_time": "06-28",
  "orig_start_time": "28JUN",
  "std_end_time": "",
  "orig_end_time": "",
  "std_invoice_time": "2025-06-28",
  "orig_invoice_time": "28JUN",
  "place": "",
  "departure": "Georgetown-Guiana",
  "arrival": "Barbados-Barbados",
  "std_curr": "USD",
  "orig_curr": [],
  "std_total": "0.00",
  "orig_total": "",
  "buyer_name": [],
  "seller_name": [
    "Fly All Ways"
  ],
  "seller_address": [],
  "invoice_number": "",
  "tax_number": "",
  "detail": []
}