{
  "type": "plane",
  "std_start_time": "03-13",
  "orig_start_time": "13MAR",
  "std_end_time": "",
  "orig_end_time": "",
  "std_invoice_time": "2025-03-13",
  "orig_invoice_time": "13MAR",
  "place": "",
  "departure": "Indonesia-Surakarta",
  "arrival": "Indonesia-Java Island",
  "std_curr": "USD",
  "orig_curr": [],
  "std_total": "0.00",
  "orig_total": "",
  "buyer_name": [],
  "seller_name": [
    "Lion Air\nWings Air\nBatik Air"
  ],
  "seller_address": [],
  "invoice_number": "",
  "tax_number": "",
  "detail": []
}