{
  "type": "plane",
  "std_start_time": "2019-03-29",
  "orig_start_time": "29MAR19",
  "std_end_time": "",
  "orig_end_time": "",
  "std_invoice_time": "2019-03-29",
  "orig_invoice_time": "29MAR19",
  "place": "",
  "departure": "Singapore-Singapore City",
  "arrival": "Indonesia-Jakarta",
  "std_curr": "USD",
  "orig_curr": [],
  "std_total": "0.00",
  "orig_total": "",
  "buyer_name": [
    "RAMLI HANDY MR"
  ],
  "seller_name": [
    "SINGAPORE AIRLINES"
  ],
  "seller_address": [],
  "invoice_number": "",
  "tax_number": "",
  "detail": []
}