{
  "type": "plane",
  "std_start_time": "02-13",
  "orig_start_time": "13FEB",
  "std_end_time": "",
  "orig_end_time": "",
  "std_invoice_time": "2025-02-13",
  "orig_invoice_time": "13FEB",
  "place": "",
  "departure": "Indonesia-Medan",
  "arrival": "Indonesia-Jakarta",
  "std_curr": "USD",
  "orig_curr": [],
  "std_total": "0.00",
  "orig_total": "",
  "buyer_name": [
    "RAMLI/HANDY MR"
  ],
  "seller_name": [
    "Batik Air"
  ],
  "seller_address": [],
  "invoice_number": "",
  "tax_number": "",
  "detail": []
}