{
  "type": "plane",
  "std_start_time": "10-11",
  "orig_start_time": "11OCT",
  "std_end_time": "",
  "orig_end_time": "",
  "std_invoice_time": "",
  "orig_invoice_time": "",
  "place": "",
  "departure": "Thailand-Chiang Mai",
  "arrival": "Thailand - Bangkok DonMueang",
  "std_curr": "USD",
  "orig_curr": [],
  "std_total": "0.00",
  "orig_total": "",
  "buyer_name": [
    "RAMLI HANDY MR"
  ],
  "seller_name": [
    "Thai Lion Air"
  ],
  "seller_address": [],
  "invoice_number": "",
  "tax_number": "",
  "detail": []
}