{
  "type": "plane",
  "std_start_time": "2023-09-20",
  "orig_start_time": "20 SEP 2023 1720 Hrs",
  "std_end_time": "",
  "orig_end_time": "",
  "std_invoice_time": "2023-09-20",
  "orig_invoice_time": "20 SEP 2023",
  "place": "",
  "departure": "India-Chennai",
  "arrival": "India-Mumbai",
  "std_curr": "INR",
  "orig_curr": [
    "MAA",
    "BOM"
  ],
  "std_total": "0.00",
  "orig_total": "",
  "buyer_name": [],
  "seller_name": [
    "IndiGo"
  ],
  "seller_address": [],
  "invoice_number": "",
  "tax_number": "",
  "detail": []
}