{
  "type": "plane",
  "std_start_time": "08-19",
  "orig_start_time": "19AUG",
  "std_end_time": "",
  "orig_end_time": "",
  "std_invoice_time": "2025-08-19",
  "orig_invoice_time": "19AUG",
  "place": "",
  "departure": "Bangladesh-Jashore",
  "arrival": "Bangladesh-Dhaka",
  "std_curr": "USD",
  "orig_curr": [],
  "std_total": "0.00",
  "orig_total": "",
  "buyer_name": [],
  "seller_name": [
    "NOVOAIR"
  ],
  "seller_address": [],
  "invoice_number": "1011443762-1",
  "tax_number": "",
  "detail": []
}