{
  "type": "plane",
  "std_start_time": "2023-03-27",
  "orig_start_time": "27MAR 2140",
  "std_end_time": "",
  "orig_end_time": "",
  "std_invoice_time": "2025-03-27",
  "orig_invoice_time": "27MAR",
  "place": "",
  "departure": "Italy-Milan",
  "arrival": "United Arab Emirates-Dubai",
  "std_curr": "USD",
  "orig_curr": [],
  "std_total": "0.00",
  "orig_total": "",
  "buyer_name": [],
  "seller_name": [
    "Emirates"
  ],
  "seller_address": [],
  "invoice_number": "1761602030771-1",
  "tax_number": "",
  "detail": []
}