{
  "type": "plane",
  "std_start_time": "2024-06-16",
  "orig_start_time": "16JUN24",
  "std_end_time": "",
  "orig_end_time": "",
  "std_invoice_time": "2024-06-16",
  "orig_invoice_time": "16JUN24",
  "place": "",
  "departure": "United States-Fort Lauderdale",
  "arrival": "United States-New York City",
  "std_curr": "USD",
  "orig_curr": [],
  "std_total": "0.00",
  "orig_total": "",
  "buyer_name": [
    "CHAUDHARY/SUDHIR KUMAR MR"
  ],
  "seller_name": [
    "jetBlue"
  ],
  "seller_address": [],
  "invoice_number": "279 7104603092",
  "tax_number": "",
  "detail": []
}