{
  "type": "plane",
  "std_start_time": "06-09",
  "orig_start_time": "09JUN",
  "std_end_time": "",
  "orig_end_time": "",
  "std_invoice_time": "2025-06-09",
  "orig_invoice_time": "09JUN",
  "place": "",
  "departure": "Bangladesh-Jessore",
  "arrival": "Bangladesh-Dhaka",
  "std_curr": "USD",
  "orig_curr": [],
  "std_total": "0.00",
  "orig_total": "",
  "buyer_name": [],
  "seller_name": [
    "Biman Bangladesh Airlines"
  ],
  "seller_address": [],
  "invoice_number": "9972303668351C1",
  "tax_number": "",
  "detail": []
}