{
  "type": "plane",
  "std_start_time": "08-08",
  "orig_start_time": "08AUG",
  "std_end_time": "",
  "orig_end_time": "",
  "std_invoice_time": "2025-08-08",
  "orig_invoice_time": "08AUG",
  "place": "",
  "departure": "Indonesia-Praya",
  "arrival": "Indonesia-Denpasar-Bali",
  "std_curr": "USD",
  "orig_curr": [],
  "std_total": "0.00",
  "orig_total": "",
  "buyer_name": [],
  "seller_name": [
    "Garuda Indonesia"
  ],
  "seller_address": [],
  "invoice_number": "126211406549301",
  "tax_number": "",
  "detail": []
}