{
  "type": "plane",
  "std_start_time": "2025-04-18",
  "orig_start_time": "18APR2025 23:00",
  "std_end_time": "",
  "orig_end_time": "",
  "std_invoice_time": "2025-04-18",
  "orig_invoice_time": "18APR2025",
  "place": "",
  "departure": "Vietnam-Ho Chi Minh City",
  "arrival": "Japan-Tokyo",
  "std_curr": "USD",
  "orig_curr": [],
  "std_total": "0.00",
  "orig_total": "",
  "buyer_name": [],
  "seller_name": [
    "JAPAN AIRLINES"
  ],
  "seller_address": [],
  "invoice_number": "",
  "tax_number": "",
  "detail": []
}