{
  "type": "plane",
  "std_start_time": "2023-06-02",
  "orig_start_time": "02JUN 1230",
  "std_end_time": "",
  "orig_end_time": "",
  "std_invoice_time": "2025-06-02",
  "orig_invoice_time": "02JUN",
  "place": "",
  "departure": "Bangladesh-Dhaka",
  "arrival": "Bangladesh-Jashore",
  "std_curr": "USD",
  "orig_curr": [],
  "std_total": "0.00",
  "orig_total": "",
  "buyer_name": [],
  "seller_name": [
    "NOVOAIR"
  ],
  "seller_address": [],
  "invoice_number": "E-TKT1012207882-1",
  "tax_number": "",
  "detail": []
}