{
  "type": "plane",
  "std_start_time": "12-17",
  "orig_start_time": "17DEC 127P",
  "std_end_time": "",
  "orig_end_time": "",
  "std_invoice_time": "2025-12-17",
  "orig_invoice_time": "17DEC ",
  "place": "",
  "departure": "United States-Nashville",
  "arrival": "United States-Detroit",
  "std_curr": "USD",
  "orig_curr": [],
  "std_total": "0.00",
  "orig_total": "",
  "buyer_name": [],
  "seller_name": [
    "DELTA AIR LINES INC"
  ],
  "seller_address": [],
  "invoice_number": "",
  "tax_number": "",
  "detail": []
}