{
  "type": "plane",
  "std_start_time": "2024-07-07",
  "orig_start_time": "07JUL24",
  "std_end_time": "",
  "orig_end_time": "",
  "std_invoice_time": "",
  "orig_invoice_time": "",
  "place": "Vietnam-Hanoi",
  "departure": "Vietnam-Hanoi",
  "arrival": "India-Delhi",
  "std_curr": "USD",
  "orig_curr": [],
  "std_total": "0.00",
  "orig_total": "",
  "buyer_name": [],
  "seller_name": [
    "Vietnam Airlines"
  ],
  "seller_address": [
    "Vietnam-Hanoi"
  ],
  "invoice_number": "7382401035277",
  "tax_number": "",
  "detail": []
}