{
  "type": "plane",
  "std_start_time": "2022-10-28",
  "orig_start_time": "10:30",
  "std_end_time": "",
  "orig_end_time": "",
  "std_invoice_time": "2022-10-28",
  "orig_invoice_time": "28Oct22",
  "place": "",
  "departure": "Australia-Sydney",
  "arrival": "Australia-Perth",
  "std_curr": "USD",
  "orig_curr": [],
  "std_total": "0.00",
  "orig_total": "",
  "buyer_name": [],
  "seller_name": [
    "Jetstar"
  ],
  "seller_address": [],
  "invoice_number": "",
  "tax_number": "",
  "detail": []
}