{
  "type": "plane",
  "std_start_time": "09-29",
  "orig_start_time": "29SEP ",
  "std_end_time": "",
  "orig_end_time": "",
  "std_invoice_time": "",
  "orig_invoice_time": "",
  "place": "",
  "departure": "United Kingdom-London",
  "arrival": "United States-Austin",
  "std_curr": "USD",
  "orig_curr": [],
  "std_total": "0.00",
  "orig_total": "",
  "buyer_name": [],
  "seller_name": [
    "BRITISH AIRWAYS"
  ],
  "seller_address": [
    " United Kingdom - London"
  ],
  "invoice_number": "",
  "tax_number": "",
  "detail": []
}