{
  "type": "plane",
  "std_start_time": "04-27",
  "orig_start_time": "27APR",
  "std_end_time": "",
  "orig_end_time": "",
  "std_invoice_time": "",
  "orig_invoice_time": "27APR",
  "place": "",
  "departure": "China-Taipei",
  "arrival": "United States-New York",
  "std_curr": "USD",
  "orig_curr": [],
  "std_total": "0.00",
  "orig_total": "",
  "buyer_name": [],
  "seller_name": [
    "EVA AIR"
  ],
  "seller_address": [],
  "invoice_number": "6952456784260 ",
  "tax_number": "",
  "detail": []
}