{
  "type": "plane",
  "std_start_time": "10-20",
  "orig_start_time": "200CT",
  "std_end_time": "",
  "orig_end_time": "",
  "std_invoice_time": "2025-10-20",
  "orig_invoice_time": "200CT",
  "place": "",
  "departure": "Indonesia-Medan",
  "arrival": "Indonesia-Jakarta",
  "std_curr": "USD",
  "orig_curr": [],
  "std_total": "0.00",
  "orig_total": "",
  "buyer_name": [],
  "seller_name": [
    "Batik Air"
  ],
  "seller_address": [],
  "invoice_number": "",
  "tax_number": "",
  "detail": []
}