{
  "type": "plane",
  "std_start_time": "06-05",
  "orig_start_time": "05JUN",
  "std_end_time": "",
  "orig_end_time": "",
  "std_invoice_time": "2025-06-05",
  "orig_invoice_time": "05JUN",
  "place": "",
  "departure": "Indonesia-Sultan Hasanuddin",
  "arrival": "Indonesia-Jakarta Soekarno",
  "std_curr": "USD",
  "orig_curr": [],
  "std_total": "0.00",
  "orig_total": "",
  "buyer_name": [],
  "seller_name": [
    "Lion Air\nWings Air\nBatik Air"
  ],
  "seller_address": [],
  "invoice_number": "",
  "tax_number": "",
  "detail": []
}