{
  "type": "plane",
  "std_start_time": "2025-02-13",
  "orig_start_time": "13 FEB 2025 1350 Hrs",
  "std_end_time": "",
  "orig_end_time": "",
  "std_invoice_time": "2025-02-13",
  "orig_invoice_time": "13 FEB 2025",
  "place": "",
  "departure": "India-Silchar",
  "arrival": "India-Kolkata",
  "std_curr": "USD",
  "orig_curr": [],
  "std_total": "0.00",
  "orig_total": "",
  "seller_name": [
    "IndiGo"
  ],
  "seller_address": [
    "India"
  ],
  "invoice_number": "",
  "tax_number": "",
  "detail": []
}