{
  "type": "plane",
  "std_start_time": "2019-10-09",
  "orig_start_time": "09OCT19 05:45",
  "std_end_time": "",
  "orig_end_time": "",
  "std_invoice_time": "2019-10-09",
  "orig_invoice_time": "09OCT19",
  "place": "",
  "departure": "Indonesia-Jakarta",
  "arrival": "Thailand-Bangkok",
  "std_curr": "USD",
  "orig_curr": [],
  "std_total": "0.00",
  "orig_total": "",
  "buyer_name": [],
  "seller_name": [
    "Thai Lion Air"
  ],
  "seller_address": [],
  "invoice_number": "",
  "tax_number": "",
  "detail": []
}