{
  "type": "plane",
  "std_start_time": "2023-11-29",
  "orig_start_time": "29NOV 1330",
  "std_end_time": "",
  "orig_end_time": "",
  "std_invoice_time": "",
  "orig_invoice_time": "",
  "place": "",
  "departure": "Thailand-Don Mueang",
  "arrival": "Vietnam-Ho Chi Minh City",
  "std_curr": "USD",
  "orig_curr": [],
  "std_total": "0.00",
  "orig_total": "",
  "buyer_name": [],
  "seller_name": [
    "AOTGA"
  ],
  "seller_address": [],
  "invoice_number": "TKNE-9262412446376",
  "tax_number": "",
  "detail": []
}