{
  "type": "plane",
  "std_start_time": "09-14",
  "orig_start_time": "14SEP",
  "std_end_time": "",
  "orig_end_time": "",
  "std_invoice_time": "2025-09-14",
  "orig_invoice_time": "14SEP",
  "place": "",
  "departure": "Indonesia-Jakarta",
  "arrival": "Indonesia-Pekanbaru",
  "std_curr": "USD",
  "orig_curr": [],
  "std_total": "0.00",
  "orig_total": "",
  "buyer_name": [],
  "seller_name": [
    "Garuda Indonesia"
  ],
  "seller_address": [],
  "invoice_number": "126212058284401",
  "tax_number": "",
  "detail": []
}