{
  "type": "plane",
  "std_start_time": "2022-09-09",
  "orig_start_time": "09SEP22 ",
  "std_end_time": "",
  "orig_end_time": "",
  "std_invoice_time": "2022-09-09",
  "orig_invoice_time": "09SEP22 ",
  "place": "",
  "departure": "United Arab Emirates-Dubai",
  "arrival": "India-Lucknow",
  "std_curr": "USD",
  "orig_curr": [],
  "std_total": "0.00",
  "orig_total": "",
  "buyer_name": [
    "CHAUDHARY/SUDHIRKU"
  ],
  "seller_name": [
    "Economy Class"
  ],
  "seller_address": [],
  "invoice_number": "",
  "tax_number": "",
  "detail": []
}