{
  "type": "plane",
  "std_start_time": "03-11",
  "orig_start_time": "11MAR",
  "std_end_time": "",
  "orig_end_time": "",
  "std_invoice_time": "2025-03-11",
  "orig_invoice_time": "11MAR",
  "place": "",
  "departure": "Bangladesh-Dhaka",
  "arrival": "Bangladesh-Jashore",
  "std_curr": "USD",
  "orig_curr": [],
  "std_total": "0.00",
  "orig_total": "",
  "buyer_name": [],
  "seller_name": [
    "US-BANGLA AIRLINES"
  ],
  "seller_address": [],
  "invoice_number": "7792410095847/1",
  "tax_number": "",
  "detail": []
}