{
  "type": "plane",
  "std_start_time": "2022-06-01",
  "orig_start_time": "01JUN22 0600",
  "std_end_time": "",
  "orig_end_time": "",
  "std_invoice_time": "2022-06-01",
  "orig_invoice_time": "01JUN22 ",
  "place": "",
  "departure": "Indonesia-Kupang",
  "arrival": "Indonesia-Surabaya",
  "std_curr": "IDR",
  "orig_curr": [
    "KUPANG",
    "SURABAYA"
  ],
  "std_total": "0.00",
  "orig_total": "",
  "buyer_name": [],
  "seller_name": [
    "Lion Air"
  ],
  "seller_address": [],
  "invoice_number": "",
  "tax_number": "",
  "detail": []
}