{
  "type": "plane",
  "std_start_time": "2021-12-15",
  "orig_start_time": "14:10",
  "std_end_time": "",
  "orig_end_time": "",
  "std_invoice_time": "2021-12-15",
  "orig_invoice_time": "15Des21",
  "place": "",
  "departure": "Indonesia-Batam",
  "arrival": "Indonesia-Jakarta",
  "std_curr": "IDR",
  "orig_curr": [
    "BTH",
    "CGK"
  ],
  "std_total": "0.00",
  "orig_total": "",
  "buyer_name": [],
  "seller_name": [
    "CITILINK"
  ],
  "seller_address": [],
  "invoice_number": "",
  "tax_number": "",
  "detail": []
}