{
  "type": "plane",
  "std_start_time": "06-15",
  "orig_start_time": "15Jun ",
  "std_end_time": "",
  "orig_end_time": "",
  "std_invoice_time": "",
  "orig_invoice_time": "",
  "place": "",
  "departure": "Vietnam-Haiphong",
  "arrival": "Vietnam-Ho Chi Minh City",
  "std_curr": "USD",
  "orig_curr": [],
  "std_total": "0.00",
  "orig_total": "",
  "buyer_name": [
    "NGUYEN/THITHUHAMRS"
  ],
  "seller_name": [
    "VIETJET AIR"
  ],
  "seller_address": [],
  "invoice_number": "",
  "tax_number": "",
  "detail": []
}