{
  "type": "plane",
  "std_start_time": "2021-07-03",
  "orig_start_time": "03JUL21 09:25",
  "std_end_time": "",
  "orig_end_time": "",
  "std_invoice_time": "2021-07-03",
  "orig_invoice_time": "03JUL21 ",
  "place": "",
  "departure": "Indonesia-Jakarta",
  "arrival": "Indonesia-Pekanbaru",
  "std_curr": "USD",
  "orig_curr": [],
  "std_total": "0.00",
  "orig_total": "",
  "buyer_name": [],
  "seller_name": [
    "Batik Air"
  ],
  "seller_address": [],
  "invoice_number": "",
  "tax_number": "",
  "detail": []
}