{
  "type": "plane",
  "std_start_time": "2025-05-25",
  "orig_start_time": "25-MAY-25",
  "std_end_time": "",
  "orig_end_time": "",
  "std_invoice_time": "2025-05-09",
  "orig_invoice_time": "9MAY 2025",
  "place": "",
  "departure": "China-Shanghai",
  "arrival": "China-Shanghai",
  "std_curr": "CNY",
  "orig_curr": [
    "CNY"
  ],
  "std_total": "0.00",
  "orig_total": "3759.00",
  "buyer_name": [],
  "seller_name": [
    "Gulf Air"
  ],
  "seller_address": [],
  "invoice_number": "1128139217842774",
  "tax_number": "",
  "detail": [
    {
      "content": "FARE",
      "amount": "658.00",
      "ifTax": false
    },
    {
      "content": "TAX",
      "amount": "3,101.00",
      "ifTax": true
    }
  ]
}