{
  "type": "plane",
  "std_start_time": "2023-09-25",
  "orig_start_time": "25SEP 2310",
  "std_end_time": "",
  "orig_end_time": "",
  "std_invoice_time": "2025-09-25",
  "orig_invoice_time": "25SEP ",
  "place": "",
  "departure": "Vietnam-Ho Chi Minh City",
  "arrival": "United Arab Emirates-Dubai",
  "std_curr": "USD",
  "orig_curr": [],
  "std_total": "0.00",
  "orig_total": "",
  "buyer_name": [],
  "seller_name": [
    "Emirates"
  ],
  "seller_address": [],
  "invoice_number": "",
  "tax_number": "",
  "detail": []
}