{
  "type": "bus",
  "std_start_time": "2018-06-04",
  "orig_start_time": "04-06-18",
  "std_end_time": "",
  "orig_end_time": "",
  "std_invoice_time": "2018-06-04",
  "orig_invoice_time": "04-06-18",
  "place": "Bangladesh-Khulna",
  "departure": "Bangladesh-Khulna",
  "arrival": "Bangladesh-Dhaka",
  "std_curr": "BDT",
  "orig_curr": [
    "Tk",
    "Khulna"
  ],
  "std_total": "0.00",
  "orig_total": "1100",
  "buyer_name": [
    "MR. UDVASH"
  ],
  "seller_name": [
    "GREEN LINE PARIBAHAN"
  ],
  "seller_address": [],
  "invoice_number": "000625",
  "tax_number": "0009959201",
  "detail": [
    {
      "content": "Ticket Price",
      "amount": "0.00",
      "ifTax": true
    }
  ]
}