{
  "type": "bus",
  "std_start_time": "2018-03-20",
  "orig_start_time": "20 Mar 2018",
  "std_end_time": "",
  "orig_end_time": "",
  "std_invoice_time": "2018-03-20",
  "orig_invoice_time": "20 Mar 2018",
  "place": "Bangladesh-Dhaka",
  "departure": "Bangladesh-Dhaka",
  "arrival": "Bangladesh-Bogra",
  "std_curr": "BDT",
  "orig_curr": [
    "TK",
    "Dhaka"
  ],
  "std_total": "0.00",
  "orig_total": "1000.00",
  "buyer_name": [
    "MR.NAZMUL"
  ],
  "seller_name": [
    "SR PLUS AC Coach"
  ],
  "seller_address": [
    "Bangladesh-Dhaka"
  ],
  "invoice_number": "85235",
  "tax_number": "",
  "detail": [
    {
      "content": "Seat Fare",
      "amount": "0.00",
      "ifTax": false
    }
  ]
}