{
  "type": "bus",
  "std_start_time": "2024-09-19",
  "orig_start_time": "19/09/2024",
  "std_end_time": "",
  "orig_end_time": "",
  "std_invoice_time": "2024-09-19",
  "orig_invoice_time": "19/09/2024",
  "place": "India-Dehradun",
  "departure": "",
  "arrival": "",
  "std_curr": "INR",
  "orig_curr": [
    "Rs",
    "DEHRADUN"
  ],
  "std_total": "90.00",
  "orig_total": "90",
  "buyer_name": [],
  "seller_name": [
    "DEHRADUN SMART CITY LTD"
  ],
  "seller_address": [
    "India-Dehradun"
  ],
  "invoice_number": "",
  "tax_number": "",
  "detail": [
    {
      "content": "Bus Ticket Fare",
      "amount": "90.00",
      "ifTax": false
    }
  ]
}