{
  "type": "bus",
  "std_start_time": "2017-12-22",
  "orig_start_time": "22-12-17",
  "std_end_time": "",
  "orig_end_time": "",
  "std_invoice_time": "2017-12-22",
  "orig_invoice_time": "22-12-17",
  "place": "",
  "departure": "Bangladesh-Sylhet",
  "arrival": "Bangladesh-Dhaka",
  "std_curr": "BDT",
  "orig_curr": [
    "TK",
    "Sylhet"
  ],
  "std_total": "0.00",
  "orig_total": "1200",
  "buyer_name": [],
  "seller_name": [
    "GREEN LINE PARIBAHAN"
  ],
  "seller_address": [
    "Bangladesh"
  ],
  "invoice_number": "23/1712984",
  "tax_number": "7011088666",
  "detail": [
    {
      "content": "Ticket Price",
      "amount": "0.00",
      "ifTax": true
    }
  ]
}