{
  "type": "other",
  "std_start_time": "2019-06-08",
  "orig_start_time": "06/08/19",
  "std_end_time": "",
  "orig_end_time": "",
  "std_invoice_time": "2019-06-08",
  "orig_invoice_time": "06/08/19",
  "place": "USA-Orange Beach",
  "departure": "",
  "arrival": "",
  "std_curr": "USD",
  "orig_curr": [
    "Orange Beach"
  ],
  "std_total": "34.12",
  "orig_total": "34.12",
  "buyer_name": [],
  "seller_name": [
    "Villaggio Grille"
  ],
  "seller_address": [
    "USA-Orange Beach"
  ],
  "invoice_number": "9862",
  "tax_number": "",
  "detail": [
    {
      "content": "P-VILLAGIO BREEZE",
      "amount": "0.01",
      "ifTax": false
    },
    {
      "content": "ADD SALAD",
      "amount": "3.00",
      "ifTax": false
    },
    {
      "content": "LUNCH SEAFOOD PASTA",
      "amount": "14.00",
      "ifTax": false
    },
    {
      "content": "KID PEPERONI PIZZA",
      "amount": "7.00",
      "ifTax": false
    },
    {
      "content": "KID ALFREDO",
      "amount": "7.00",
      "ifTax": false
    },
    {
      "content": "Tax",
      "amount": "3.11",
      "ifTax": true
    }
  ]
}