{
  "type": "other",
  "std_start_time": "2023-07-10",
  "orig_start_time": "07/10/23",
  "std_end_time": "",
  "orig_end_time": "",
  "std_invoice_time": "2023-07-10",
  "orig_invoice_time": "07/10/23",
  "place": "",
  "departure": "",
  "arrival": "",
  "std_curr": "USD",
  "orig_curr": [
    "$"
  ],
  "std_total": "21.75",
  "orig_total": "21.75",
  "buyer_name": [],
  "seller_name": [
    "KO-OX-HAN-NAH"
  ],
  "seller_address": [],
  "invoice_number": "193994",
  "tax_number": "67980",
  "detail": [
    {
      "content": "Veg Burrito",
      "amount": "12.22",
      "ifTax": false
    },
    {
      "content": "side plantains",
      "amount": "2.67",
      "ifTax": false
    },
    {
      "content": "Ice Tea",
      "amount": "4.44",
      "ifTax": false
    },
    {
      "content": "Tax",
      "amount": "2.42",
      "ifTax": true
    }
  ]
}