{
  "type": "other",
  "std_start_time": "2017-06-05",
  "orig_start_time": "6/5/17",
  "std_end_time": "",
  "orig_end_time": "",
  "std_invoice_time": "2017-06-05",
  "orig_invoice_time": "6/5/17",
  "place": "USA-West Hollywood",
  "departure": "",
  "arrival": "",
  "std_curr": "USD",
  "orig_curr": [
    "$",
    "West Hollywood"
  ],
  "std_total": "41.45",
  "orig_total": "41.45",
  "buyer_name": [],
  "seller_name": [
    "HEDLEYS"
  ],
  "seller_address": [
    "USA-West Hollywood"
  ],
  "invoice_number": "",
  "tax_number": "",
  "detail": [
    {
      "content": "Amount",
      "amount": "41.45",
      "ifTax": false
    }
  ]
}