{
  "type": "other",
  "std_start_time": "2014-12-06",
  "orig_start_time": "06/12/14",
  "std_end_time": "",
  "orig_end_time": "",
  "std_invoice_time": "2014-12-06",
  "orig_invoice_time": "06/12/14 ",
  "place": "India - New Delhi",
  "departure": "",
  "arrival": "",
  "std_curr": "INR",
  "orig_curr": [
    "New Delhi"
  ],
  "std_total": "0.00",
  "orig_total": "2,354.00",
  "buyer_name": [],
  "seller_name": [
    "Dzukou"
  ],
  "seller_address": [
    "India - New Delhi"
  ],
  "invoice_number": "",
  "tax_number": "07606919540",
  "detail": [
    {
      "content": "Alo Etsuen-gravy",
      "amount": "149.00",
      "ifTax": false
    },
    {
      "content": "Chicken With Axhone",
      "amount": "319.00",
      "ifTax": false
    },
    {
      "content": "Dry Fish Chutney",
      "amount": "129.00",
      "ifTax": false
    },
    {
      "content": "Fish With Naga Bambo",
      "amount": "259.00",
      "ifTax": false
    },
    {
      "content": "Mineral Water",
      "amount": "50.00",
      "ifTax": false
    },
    {
      "content": "Naga Sticky-Rice",
      "amount": "318.00",
      "ifTax": false
    },
    {
      "content": "Pork With Anishi",
      "amount": "319.00",
      "ifTax": false
    },
    {
      "content": "Smoked Buff Salad",
      "amount": "279.00",
      "ifTax": false
    },
    {
      "content": "SERVICE CHARGE 10%",
      "amount": "182.20",
      "ifTax": false
    },
    {
      "content": "Service Tax @ 9.4%",
      "amount": "99.09",
      "ifTax": true
    },
    {
      "content": "*DVAT @ 12.5",
      "amount": "250.53",
      "ifTax": true
    }
  ]
}