{
  "type": "other",
  "std_start_time": "2017-08-25",
  "orig_start_time": "25AUG'17",
  "std_end_time": "",
  "orig_end_time": "",
  "std_invoice_time": "2017-08-25",
  "orig_invoice_time": "25AUG'17",
  "place": "United States-Miami",
  "departure": "",
  "arrival": "",
  "std_curr": "USD",
  "orig_curr": [
    "$",
    "Miami"
  ],
  "std_total": "154.78",
  "orig_total": "154.78",
  "seller_name": [
    "STK Miami Beach"
  ],
  "seller_address": [
    "United States-Miami"
  ],
  "invoice_number": "",
  "tax_number": "",
  "detail": [
    {
      "content": "Avion Silver RX margarita rx",
      "amount": "16.00",
      "ifTax": false
    },
    {
      "content": "Staub",
      "amount": "0.00",
      "ifTax": false
    },
    {
      "content": "Avion Silver RX margarita rx",
      "amount": "16.00",
      "ifTax": false
    },
    {
      "content": "DA Delmonico 14",
      "amount": "62.00",
      "ifTax": false
    },
    {
      "content": "Truffle Fries",
      "amount": "13.00",
      "ifTax": false
    },
    {
      "content": "Mac/Cheese",
      "amount": "12.00",
      "ifTax": false
    },
    {
      "content": "Asparagus",
      "amount": "13.00",
      "ifTax": false
    },
    {
      "content": "BAKED COOKIE",
      "amount": "10.00",
      "ifTax": false
    },
    {
      "content": "Add-On Tax Food",
      "amount": "7.70",
      "ifTax": true
    },
    {
      "content": "Add-On Tax Bev",
      "amount": "2.24",
      "ifTax": true
    },
    {
      "content": "Resort Tax",
      "amount": "2.84",
      "ifTax": true
    }
  ]
}