{
  "type": "other",
  "std_start_time": "",
  "orig_start_time": "",
  "std_end_time": "",
  "orig_end_time": "",
  "std_invoice_time": "",
  "orig_invoice_time": "",
  "place": "United Kingdom-London",
  "departure": "",
  "arrival": "",
  "std_curr": "GBP",
  "orig_curr": [
    "London"
  ],
  "std_total": "18.00",
  "orig_total": "18.00",
  "buyer_name": [],
  "seller_name": [
    "C&R CAFE RESTAURANT"
  ],
  "seller_address": [
    "United Kingdom-London"
  ],
  "invoice_number": "4A",
  "tax_number": "",
  "detail": [
    {
      "content": "Char Kway Teow",
      "amount": "9.50",
      "ifTax": false
    },
    {
      "content": "Five Spice Loh Bak",
      "amount": "8.50",
      "ifTax": false
    }
  ]
}