{
  "type": "other",
  "std_start_time": "2016-09-01",
  "orig_start_time": "9/1/2016",
  "std_end_time": "",
  "orig_end_time": "",
  "std_invoice_time": "2016-09-01",
  "orig_invoice_time": "9/1/2016",
  "place": "United States-Lawrence",
  "departure": "",
  "arrival": "",
  "std_curr": "USD",
  "orig_curr": [
    "Lawrence"
  ],
  "std_total": "7.61",
  "orig_total": "7.61",
  "buyer_name": [],
  "seller_name": [
    "Taco Bell "
  ],
  "seller_address": [
    "United States-Lawrence"
  ],
  "invoice_number": "378752",
  "tax_number": "",
  "detail": [
    {
      "content": "1 Power Veg Bowl",
      "amount": "4.99",
      "ifTax": false
    },
    {
      "content": "No Sour Cream",
      "amount": "0.00",
      "ifTax": false
    },
    {
      "content": "No Cheese",
      "amount": "0.00",
      "ifTax": false
    },
    {
      "content": "1 Rg Orange Crsh Fz",
      "amount": "1.99",
      "ifTax": false
    },
    {
      "content": "Tax",
      "amount": "0.63",
      "ifTax": true
    }
  ]
}