{
  "type": "other",
  "std_start_time": "2024-06-11",
  "orig_start_time": "6/11/24",
  "std_end_time": "",
  "orig_end_time": "",
  "std_invoice_time": "2024-06-11",
  "orig_invoice_time": "6/11/24",
  "place": "USA-Gardena",
  "departure": "",
  "arrival": "",
  "std_curr": "USD",
  "orig_curr": [
    "$",
    "Gardena"
  ],
  "std_total": "88.75",
  "orig_total": "88.75",
  "buyer_name": [],
  "seller_name": [
    "Tomizo"
  ],
  "seller_address": [
    "USA-Gardena"
  ],
  "invoice_number": "104607",
  "tax_number": "",
  "detail": [
    {
      "content": "Spicy Miso",
      "amount": "15.00",
      "ifTax": false
    },
    {
      "content": "Egg",
      "amount": "2.00",
      "ifTax": false
    },
    {
      "content": "Shoyu Ramen",
      "amount": "12.00",
      "ifTax": false
    },
    {
      "content": "Miso GS",
      "amount": "18.50",
      "ifTax": false
    },
    {
      "content": "Tsukemen 300g",
      "amount": "15.00",
      "ifTax": false
    },
    {
      "content": "Diet Coke",
      "amount": "3.00",
      "ifTax": false
    },
    {
      "content": "Karaage",
      "amount": "8.00",
      "ifTax": false
    },
    {
      "content": "Gyoza",
      "amount": "7.00",
      "ifTax": false
    },
    {
      "content": "Total Tax",
      "amount": "8.25",
      "ifTax": true
    }
  ]
}