{
  "type": "other",
  "std_start_time": "2017-10-01",
  "orig_start_time": "Oct01'17",
  "std_end_time": "",
  "orig_end_time": "",
  "std_invoice_time": "2017-10-01",
  "orig_invoice_time": "Oct01'17",
  "place": "USA-Hoboken",
  "departure": "",
  "arrival": "",
  "std_curr": "USD",
  "orig_curr": [
    "Hoboken"
  ],
  "std_total": "84.78",
  "orig_total": "84.78",
  "buyer_name": [],
  "seller_name": [
    "Arthurs"
  ],
  "seller_address": [
    "USA-Hoboken"
  ],
  "invoice_number": "",
  "tax_number": "",
  "detail": [
    {
      "content": "Arthur's Burger *ChsBleu",
      "amount": "13.95",
      "ifTax": false
    },
    {
      "content": "\"Our\" Burger **Avocado",
      "amount": "15.95",
      "ifTax": false
    },
    {
      "content": "Loaded Nachos",
      "amount": "12.95",
      "ifTax": false
    },
    {
      "content": "Pint Boston Lager",
      "amount": "6.00",
      "ifTax": false
    },
    {
      "content": "2 Pint Yeungling",
      "amount": "12.00",
      "ifTax": false
    },
    {
      "content": "1 Kona Longboard",
      "amount": "6.00",
      "ifTax": false
    },
    {
      "content": "1 Quesadilla",
      "amount": "13.95",
      "ifTax": false
    },
    {
      "content": "Tax",
      "amount": "3.98",
      "ifTax": true
    }
  ]
}