{
  "type": "other",
  "std_start_time": "2017-06-16",
  "orig_start_time": "6/16/2017 ",
  "std_end_time": "",
  "orig_end_time": "",
  "std_invoice_time": "2017-06-16",
  "orig_invoice_time": "6/16/2017 ",
  "place": "USA-Everett",
  "departure": "",
  "arrival": "",
  "std_curr": "USD",
  "orig_curr": [
    "$",
    "Everett"
  ],
  "std_total": "30.15",
  "orig_total": "30.15",
  "buyer_name": [],
  "seller_name": [
    "Thai Gusto Restaurant"
  ],
  "seller_address": [
    "USA-Everett"
  ],
  "invoice_number": "",
  "tax_number": "",
  "detail": [
    {
      "content": "Chang (2@$3.50)",
      "amount": "7.00",
      "ifTax": false
    },
    {
      "content": "#L14 Garlic Delight [Chicken][5*****][Small Brown Rice]",
      "amount": "10.24",
      "ifTax": false
    },
    {
      "content": "#L28 Red Curry [Chicken][5*****][Small Brown Rice]",
      "amount": "10.24",
      "ifTax": false
    },
    {
      "content": "Sales Tax",
      "amount": "2.67",
      "ifTax": true
    }
  ]
}