{
  "type": "other",
  "std_start_time": "2016-09-09",
  "orig_start_time": "09Sep'16",
  "std_end_time": "",
  "orig_end_time": "",
  "std_invoice_time": "2016-09-09",
  "orig_invoice_time": "09Sep'16",
  "place": "United Kingdom-London",
  "departure": "",
  "arrival": "",
  "std_curr": "GBP",
  "orig_curr": [
    "£",
    "London"
  ],
  "std_total": "40.28",
  "orig_total": "40.28",
  "seller_name": [
    "Shuang Shuang "
  ],
  "seller_address": [
    "United Kingdom-London"
  ],
  "invoice_number": "",
  "tax_number": "181 7002 30",
  "detail": [
    {
      "content": "1 Open Food",
      "amount": "0.00",
      "ifTax": true
    },
    {
      "content": "1 Black Bird",
      "amount": "7.00",
      "ifTax": true
    },
    {
      "content": "1 Open Food",
      "amount": "0.00",
      "ifTax": true
    },
    {
      "content": "1 Set Menu £9.30",
      "amount": "9.30",
      "ifTax": true
    },
    {
      "content": "Black Bird",
      "amount": "0.00",
      "ifTax": true
    },
    {
      "content": "2 Yellow Plate",
      "amount": "4.80",
      "ifTax": true
    },
    {
      "content": "3 Red Plate",
      "amount": "8.70",
      "ifTax": true
    },
    {
      "content": "1 Sprite",
      "amount": "2.50",
      "ifTax": true
    },
    {
      "content": "1 Mango Iced Tea",
      "amount": "3.50",
      "ifTax": true
    },
    {
      "content": "12.5% SVC",
      "amount": "4.48",
      "ifTax": false
    }
  ]
}