{
  "type": "other",
  "std_start_time": "2015-05-23",
  "orig_start_time": "23-May-2015",
  "std_end_time": "",
  "orig_end_time": "",
  "std_invoice_time": "2015-05-23",
  "orig_invoice_time": "23-May-2015",
  "place": "",
  "departure": "",
  "arrival": "",
  "std_curr": "USD",
  "orig_curr": [],
  "std_total": "0.00",
  "orig_total": " 3,341.00",
  "buyer_name": [],
  "seller_name": [
    "Artisanal Studio Pvt.Ltd.\n\"LA BODEGA\""
  ],
  "seller_address": [],
  "invoice_number": "F-1559",
  "tax_number": "07486923648",
  "detail": [
    {
      "content": "GUACAMOLE TRADICIONAL",
      "amount": "350.00",
      "ifTax": false
    },
    {
      "content": "BEEF TACO",
      "amount": "425.00",
      "ifTax": false
    },
    {
      "content": "SHRIMP TOSTADA",
      "amount": "375.00",
      "ifTax": false
    },
    {
      "content": "LEMON CHIA",
      "amount": "195.00",
      "ifTax": false
    },
    {
      "content": "TAMARIND WATER",
      "amount": "195.00",
      "ifTax": false
    },
    {
      "content": "SEABASS",
      "amount": "650.00",
      "ifTax": false
    },
    {
      "content": "TRES LECHES",
      "amount": "395.00",
      "ifTax": false
    },
    {
      "content": "Service Charge 10%",
      "amount": "259.00",
      "ifTax": false
    },
    {
      "content": "Food Taxable VAT 12.5%",
      "amount": "329.00",
      "ifTax": true
    },
    {
      "content": "Beverage Taxable VAT 12.5%",
      "amount": "27.00",
      "ifTax": true
    },
    {
      "content": "Service Tax 4.944%",
      "amount": "141.00",
      "ifTax": true
    }
  ]
}