{
  "type": "other",
  "std_start_time": "2019-03-02",
  "orig_start_time": "02-Mar-2019 ",
  "std_end_time": "",
  "orig_end_time": "",
  "std_invoice_time": "2019-03-02",
  "orig_invoice_time": "02-Mar-2019 ",
  "place": "United States-Cicero",
  "departure": "",
  "arrival": "",
  "std_curr": "USD",
  "orig_curr": [
    "$",
    "Cicero"
  ],
  "std_total": "9.97",
  "orig_total": "9.97",
  "buyer_name": [],
  "seller_name": [
    "BRASAS RESTAURANT"
  ],
  "seller_address": [
    "United States-Cicero"
  ],
  "invoice_number": "T237TH0Q0T7RC",
  "tax_number": "",
  "detail": [
    {
      "content": "Chicken Torta",
      "amount": "6.50",
      "ifTax": false
    },
    {
      "content": "Horchata",
      "amount": "0.00",
      "ifTax": false
    },
    {
      "content": "MD",
      "amount": "2.00",
      "ifTax": false
    },
    {
      "content": "Custom Item",
      "amount": "0.50",
      "ifTax": false
    },
    {
      "content": "Tax",
      "amount": "0.97",
      "ifTax": true
    }
  ]
}