{
  "type": "other",
  "std_start_time": "2015-05-01",
  "orig_start_time": "01May'15",
  "std_end_time": "",
  "orig_end_time": "",
  "std_invoice_time": "2015-05-01",
  "orig_invoice_time": "01May'15",
  "place": "United Kingdom-London",
  "departure": "",
  "arrival": "",
  "std_curr": "GBP",
  "orig_curr": [
    "London"
  ],
  "std_total": "95.45",
  "orig_total": "95.45",
  "seller_name": [
    "Chiltern FIREHOUSE"
  ],
  "seller_address": [
    "United Kingdom-London"
  ],
  "invoice_number": "",
  "tax_number": "",
  "detail": [
    {
      "content": "1 GL Ruinart NV",
      "amount": "15.00",
      "ifTax": true
    },
    {
      "content": "1 English Bfast",
      "amount": "4.00",
      "ifTax": true
    },
    {
      "content": "1 Americano",
      "amount": "4.00",
      "ifTax": true
    },
    {
      "content": "1 French Toast",
      "amount": "14.00",
      "ifTax": true
    },
    {
      "content": "1 Fresh Fruit",
      "amount": "9.00",
      "ifTax": true
    },
    {
      "content": "1 Beef Hash",
      "amount": "16.00",
      "ifTax": true
    },
    {
      "content": "1 Seasonal Smoothie",
      "amount": "7.00",
      "ifTax": true
    },
    {
      "content": "1 Hot Water",
      "amount": "0.00",
      "ifTax": true
    },
    {
      "content": "1 Toast",
      "amount": "0.00",
      "ifTax": true
    },
    {
      "content": "1 Fire Mans Drill",
      "amount": "14.00",
      "ifTax": true
    },
    {
      "content": "15% Service",
      "amount": "12.45",
      "ifTax": false
    }
  ]
}