{
  "type": "other",
  "std_start_time": "2019-04-03",
  "orig_start_time": "4/3/19",
  "std_end_time": "",
  "orig_end_time": "",
  "std_invoice_time": "2019-04-03",
  "orig_invoice_time": "4/3/19",
  "place": "",
  "departure": "",
  "arrival": "",
  "std_curr": "USD",
  "orig_curr": [],
  "std_total": "10.28",
  "orig_total": "10.28",
  "buyer_name": [],
  "seller_name": [
    "Thai 2 go"
  ],
  "seller_address": [],
  "invoice_number": "",
  "tax_number": "",
  "detail": [
    {
      "content": "1 Pad Thai",
      "amount": "9.50",
      "ifTax": false
    },
    {
      "content": "Sales Tax",
      "amount": "0.78",
      "ifTax": true
    }
  ]
}