{
  "type": "other",
  "std_start_time": "2020-10-06",
  "orig_start_time": "10/06/2020",
  "std_end_time": "",
  "orig_end_time": "",
  "std_invoice_time": "2020-10-06",
  "orig_invoice_time": "10/06/2020 ",
  "place": "",
  "departure": "",
  "arrival": "",
  "std_curr": "USD",
  "orig_curr": [],
  "std_total": "53.51",
  "orig_total": "53.51",
  "buyer_name": [],
  "seller_name": [
    "McDonald's"
  ],
  "seller_address": [
    "Canada"
  ],
  "invoice_number": "7D8CC",
  "tax_number": "120907092",
  "detail": [
    {
      "content": "Delivery Uber",
      "amount": "0.00",
      "ifTax": false
    },
    {
      "content": "HM Hotcake S-Fry Yog",
      "amount": "4.59",
      "ifTax": false
    },
    {
      "content": "McGrill Jr Chicken VH",
      "amount": "6.29",
      "ifTax": false
    },
    {
      "content": "1 Poutine",
      "amount": "2.10",
      "ifTax": false
    },
    {
      "content": "2 M Vanilla Iced Coffee",
      "amount": "6.18",
      "ifTax": false
    },
    {
      "content": "BLT Grilled Chicken EVM",
      "amount": "13.19",
      "ifTax": false
    },
    {
      "content": "1 Poutine",
      "amount": "2.10",
      "ifTax": false
    },
    {
      "content": "Cheeseburger",
      "amount": "5.18",
      "ifTax": false
    },
    {
      "content": "Habanero McChicken EVM",
      "amount": "10.69",
      "ifTax": false
    },
    {
      "content": "1 L French Fries",
      "amount": "0.50",
      "ifTax": false
    },
    {
      "content": "GST",
      "amount": "2.54",
      "ifTax": true
    },
    {
      "content": "PST",
      "amount": "0.15",
      "ifTax": true
    }
  ]
}