{
  "type": "other",
  "std_start_time": "2022-05-03",
  "orig_start_time": "03-May-2022",
  "std_end_time": "",
  "orig_end_time": "",
  "std_invoice_time": "2022-05-03",
  "orig_invoice_time": "03-May-2022",
  "place": "India-Delhi",
  "departure": "",
  "arrival": "",
  "std_curr": "INR",
  "orig_curr": [
    "Delhi"
  ],
  "std_total": "0.00",
  "orig_total": "6,624.00",
  "seller_name": [
    "A UNIT OF GOLD FINCH HOTELS"
  ],
  "seller_address": [
    "India-Delhi"
  ],
  "invoice_number": "F-1342",
  "tax_number": "07AABCG8416A1Z1",
  "detail": [
    {
      "content": "SAMUDRAHARA RASSA",
      "amount": "425.00",
      "ifTax": false
    },
    {
      "content": "MAMSA MENASINAKALU SAARU",
      "amount": "325.00",
      "ifTax": false
    },
    {
      "content": "SAMUDRAHARA PLATTER",
      "amount": "0.00",
      "ifTax": false
    },
    {
      "content": "ELANEER SHUNTI NIMBEHANNU",
      "amount": "275.00",
      "ifTax": false
    },
    {
      "content": "ALLEPEYY MEEN MANGA CURRY",
      "amount": "0.00",
      "ifTax": false
    },
    {
      "content": "APPAM",
      "amount": "145.00",
      "ifTax": false
    },
    {
      "content": "ELANEER PAYASAM",
      "amount": "495.00",
      "ifTax": false
    },
    {
      "content": "Service Charge 10.0%",
      "amount": "573.50",
      "ifTax": false
    },
    {
      "content": "2.5% SGST on Food Taxable",
      "amount": "157.71",
      "ifTax": true
    },
    {
      "content": "2.5% CGST on Food Taxable",
      "amount": "157.71",
      "ifTax": true
    }
  ]
}