{
  "type": "other",
  "std_start_time": "2024-12-08",
  "orig_start_time": "8 Dec'24 ",
  "std_end_time": "",
  "orig_end_time": "",
  "std_invoice_time": "2024-12-08",
  "orig_invoice_time": "8 Dec'24 ",
  "place": "United Kingdom-London",
  "departure": "",
  "arrival": "",
  "std_curr": "GBP",
  "orig_curr": [
    "London"
  ],
  "std_total": "29.25",
  "orig_total": "29.25",
  "buyer_name": [],
  "seller_name": [
    "Courtyard By Marriott"
  ],
  "seller_address": [
    "United Kingdom-London"
  ],
  "invoice_number": "",
  "tax_number": "GB 307 2204 47",
  "detail": [
    {
      "content": "1 Tomato & Basil Soup",
      "amount": "7.00",
      "ifTax": false
    },
    {
      "content": "1 Vegetable Thai Green Curry",
      "amount": "19.00",
      "ifTax": false
    },
    {
      "content": "1 *TAP WATER* JUG",
      "amount": "0.00",
      "ifTax": false
    },
    {
      "content": "12.5% Service",
      "amount": "3.25",
      "ifTax": false
    }
  ]
}