{
  "type": "other",
  "std_start_time": "2019-08-17",
  "orig_start_time": "8/17/2019",
  "std_end_time": "",
  "orig_end_time": "",
  "std_invoice_time": "2019-08-17",
  "orig_invoice_time": "8/17/2019",
  "place": "USA-Marysville",
  "departure": "",
  "arrival": "",
  "std_curr": "USD",
  "orig_curr": [
    "$",
    "Marysville"
  ],
  "std_total": "37.33",
  "orig_total": "37.33",
  "buyer_name": [],
  "seller_name": [
    "LA HACIENDA Mexican Restaurant"
  ],
  "seller_address": [
    "USA-Marysville"
  ],
  "invoice_number": "",
  "tax_number": "",
  "detail": [
    {
      "content": "SAT- RITA GRANDE",
      "amount": "7.95",
      "ifTax": false
    },
    {
      "content": "PORTOBELLO FAJITAS",
      "amount": "14.25",
      "ifTax": false
    },
    {
      "content": "EXPRESO VEGETARIAN",
      "amount": "11.95",
      "ifTax": false
    },
    {
      "content": "TAX",
      "amount": "3.18",
      "ifTax": true
    }
  ]
}