{
  "type": "other",
  "std_start_time": "2015-05-16",
  "orig_start_time": "16-05-2015 ",
  "std_end_time": "",
  "orig_end_time": "",
  "std_invoice_time": "2015-05-16",
  "orig_invoice_time": "16-05-2015 ",
  "place": "India-New Delhi",
  "departure": "",
  "arrival": "",
  "std_curr": "INR",
  "orig_curr": [
    "Rs.,New Delhi"
  ],
  "std_total": "0.00",
  "orig_total": "2,367.43",
  "seller_name": [
    "Rustom's\nA Unit Of Divided Attention Hospitality"
  ],
  "seller_address": [
    "India- New Delhi"
  ],
  "invoice_number": "0002307",
  "tax_number": "AAKFD4293JSD001",
  "detail": [
    {
      "content": "1x CARAMEL CUSTARD",
      "amount": "225.00",
      "ifTax": false
    },
    {
      "content": "1x Mutton DHAN SAK",
      "amount": "495.00",
      "ifTax": false
    },
    {
      "content": "1x KOLMI NA KEBAB",
      "amount": "295.00",
      "ifTax": false
    },
    {
      "content": "1x PARSI ROTILI (2PCS)",
      "amount": "70.00",
      "ifTax": false
    },
    {
      "content": "1x RASPBERRY ICED TEA",
      "amount": "120.00",
      "ifTax": false
    },
    {
      "content": "1x SALLI BOTI",
      "amount": "395.00",
      "ifTax": false
    },
    {
      "content": "1x VENGNA NA KEBAB",
      "amount": "225.00",
      "ifTax": false
    },
    {
      "content": "Service Charge",
      "amount": "182.50",
      "ifTax": false
    },
    {
      "content": "Service Tax 4.94%",
      "amount": "99.10",
      "ifTax": true
    },
    {
      "content": "VAT AB 20%",
      "amount": "26.40",
      "ifTax": true
    },
    {
      "content": "Vat 12.5%",
      "amount": "234.44",
      "ifTax": true
    }
  ]
}