{
  "type": "other",
  "std_start_time": "2020-02-22",
  "orig_start_time": "22/02/20",
  "std_end_time": "",
  "orig_end_time": "",
  "std_invoice_time": "2020-02-22",
  "orig_invoice_time": "22/02/20",
  "place": "United Kingdom-London",
  "departure": "",
  "arrival": "",
  "std_curr": "GBP",
  "orig_curr": [
    "£",
    "London"
  ],
  "std_total": "56.90",
  "orig_total": "56.90",
  "buyer_name": [],
  "seller_name": [
    "The Real Greek"
  ],
  "seller_address": [
    "United Kingdom-London"
  ],
  "invoice_number": "GXBC-9G6T",
  "tax_number": "",
  "detail": [
    {
      "content": "Bombay Saphire",
      "amount": "4.00",
      "ifTax": false
    },
    {
      "content": "Orangeada",
      "amount": "2.75",
      "ifTax": false
    },
    {
      "content": "175ml Ellinas Red",
      "amount": "4.90",
      "ifTax": false
    },
    {
      "content": "Flat Bread",
      "amount": "3.25",
      "ifTax": false
    },
    {
      "content": "Santorini Fava",
      "amount": "4.75",
      "ifTax": false
    },
    {
      "content": "Skewer Halloumi",
      "amount": "5.75",
      "ifTax": false
    },
    {
      "content": "Dolmades",
      "amount": "5.25",
      "ifTax": false
    },
    {
      "content": "Toniás Prawn",
      "amount": "7.25",
      "ifTax": false
    },
    {
      "content": "Chicken Monastiraki",
      "amount": "7.00",
      "ifTax": false
    },
    {
      "content": "Skewer Lamb",
      "amount": "6.50",
      "ifTax": false
    },
    {
      "content": "Falafel",
      "amount": "5.50",
      "ifTax": false
    }
  ]
}