{
  "type": "other",
  "std_start_time": "2019-06-28",
  "orig_start_time": "6/28/2019 ",
  "std_end_time": "",
  "orig_end_time": "",
  "std_invoice_time": "2019-06-28",
  "orig_invoice_time": "6/28/2019 ",
  "place": "USA-Montebello",
  "departure": "",
  "arrival": "",
  "std_curr": "USD",
  "orig_curr": [
    "$",
    "Montebello"
  ],
  "std_total": "10.95",
  "orig_total": "10.95",
  "buyer_name": [],
  "seller_name": [
    "Mr. M's Hot Wings & Things Inc"
  ],
  "seller_address": [
    "USA-Montebello"
  ],
  "invoice_number": "32",
  "tax_number": "",
  "detail": [
    {
      "content": "1 Ribeye Steak Lunch 10 > med-rare",
      "amount": "10.00",
      "ifTax": false
    },
    {
      "content": "Tax",
      "amount": "0.95",
      "ifTax": true
    }
  ]
}