{
  "type": "other",
  "std_start_time": "2021-12-31",
  "orig_start_time": "31/12/2021",
  "std_end_time": "",
  "orig_end_time": "",
  "std_invoice_time": "2021-12-31",
  "orig_invoice_time": "31/12/2021",
  "place": "United Kingdom-London",
  "departure": "",
  "arrival": "",
  "std_curr": "GBP",
  "orig_curr": [
    "London",
    "£"
  ],
  "std_total": "192.38",
  "orig_total": "192.38",
  "buyer_name": [],
  "seller_name": [
    "HUT Restaurant"
  ],
  "seller_address": [
    "United Kingdom-London"
  ],
  "invoice_number": "",
  "tax_number": "142 478 803",
  "detail": [
    {
      "content": "GLS Veuve H @18.00",
      "amount": "36.00",
      "ifTax": true
    },
    {
      "content": "D S Platter",
      "amount": "19.50",
      "ifTax": true
    },
    {
      "content": "Half Duck",
      "amount": "39.00",
      "ifTax": true
    },
    {
      "content": "ma po tofu",
      "amount": "16.50",
      "ifTax": true
    },
    {
      "content": "Cod fillet",
      "amount": "36.00",
      "ifTax": true
    },
    {
      "content": "fried noodles",
      "amount": "13.50",
      "ifTax": true
    },
    {
      "content": "egg fried rice",
      "amount": "10.50",
      "ifTax": true
    },
    {
      "content": "Opt Sc: @ 12.5%",
      "amount": "21.38",
      "ifTax": false
    }
  ]
}