{
  "type": "other",
  "std_start_time": "2017-03-19",
  "orig_start_time": "MAR.19'17",
  "std_end_time": "",
  "orig_end_time": "",
  "std_invoice_time": "2017-03-19",
  "orig_invoice_time": "MAR.19'17",
  "place": "USA-Elmont",
  "departure": "",
  "arrival": "",
  "std_curr": "USD",
  "orig_curr": [
    "Elmont"
  ],
  "std_total": "9.50",
  "orig_total": "9.50",
  "buyer_name": [],
  "seller_name": [
    "WINGS & THINGS"
  ],
  "seller_address": [
    "USA-Elmont"
  ],
  "invoice_number": "",
  "tax_number": "",
  "detail": [
    {
      "content": "MAC&CHZ - SMALL",
      "amount": "1.19",
      "ifTax": false
    },
    {
      "content": "COLL GRN - SMALL",
      "amount": "1.19",
      "ifTax": false
    },
    {
      "content": "CORN BREAD",
      "amount": "0.62",
      "ifTax": false
    },
    {
      "content": "5 WINGS SPCY FRY",
      "amount": "5.75",
      "ifTax": false
    },
    {
      "content": "TXTL",
      "amount": "0.75",
      "ifTax": true
    }
  ]
}