{
  "type": "other",
  "std_start_time": "2024-11-13",
  "orig_start_time": "13/11/2024",
  "std_end_time": "",
  "orig_end_time": "",
  "std_invoice_time": "2024-11-13",
  "orig_invoice_time": "13/11/2024",
  "place": "Singapore-Singapore",
  "departure": "",
  "arrival": "",
  "std_curr": "SGD",
  "orig_curr": [
    "$",
    "Singapore"
  ],
  "std_total": "6.55",
  "orig_total": "6.55",
  "seller_name": [
    "SAMANVAY SINGAPORE PTE LTD"
  ],
  "seller_address": [
    "Singapore-Singapore"
  ],
  "invoice_number": "A24000120665",
  "tax_number": "201229853G",
  "detail": [
    {
      "content": "1 Bisibele Bhath",
      "amount": "6.00",
      "ifTax": false
    },
    {
      "content": "9% GST",
      "amount": "0.54",
      "ifTax": true
    }
  ]
}