{
  "type": "other",
  "std_start_time": "2018-10-20",
  "orig_start_time": "10-20-2018 ",
  "std_end_time": "",
  "orig_end_time": "",
  "std_invoice_time": "2018-10-20",
  "orig_invoice_time": "10-20-2018",
  "place": "US-Brooklyn",
  "departure": "",
  "arrival": "",
  "std_curr": "USD",
  "orig_curr": [
    "BROOKLYN",
    "NY"
  ],
  "std_total": "23.46",
  "orig_total": " 23.46",
  "buyer_name": [],
  "seller_name": [
    "RED & HOT II"
  ],
  "seller_address": [
    "USA"
  ],
  "invoice_number": "",
  "tax_number": "",
  "detail": [
    {
      "content": "Vegetable Roll",
      "amount": "0.00",
      "ifTax": false
    },
    {
      "content": "L35.Sesame chicken",
      "amount": "13.90",
      "ifTax": false
    },
    {
      "content": "(L)Veg Spare Ribs .BBS",
      "amount": "7.65",
      "ifTax": false
    },
    {
      "content": "W/R",
      "amount": "0.00",
      "ifTax": false
    },
    {
      "content": "TAX(8.875%)",
      "amount": "1.91",
      "ifTax": true
    }
  ]
}