{
  "type": "other",
  "std_start_time": "2012-01-13",
  "orig_start_time": "01/13/2012",
  "std_end_time": "",
  "orig_end_time": "",
  "std_invoice_time": "2012-01-13",
  "orig_invoice_time": "01/13/2012 ",
  "place": "",
  "departure": "",
  "arrival": "",
  "std_curr": "USD",
  "orig_curr": [],
  "std_total": "83.44",
  "orig_total": "83.44",
  "buyer_name": [],
  "seller_name": [
    "Blue Bear Tavern"
  ],
  "seller_address": [],
  "invoice_number": "",
  "tax_number": "",
  "detail": [
    {
      "content": "Crimini",
      "amount": "3.00",
      "ifTax": false
    },
    {
      "content": "Salami",
      "amount": "3.00",
      "ifTax": false
    },
    {
      "content": "Olives",
      "amount": "3.00",
      "ifTax": false
    },
    {
      "content": "Lrg Clams\\mussels",
      "amount": "14.00",
      "ifTax": false
    },
    {
      "content": "Reg Ketel One",
      "amount": "52.00",
      "ifTax": false
    },
    {
      "content": "House Cab",
      "amount": "6.00",
      "ifTax": false
    },
    {
      "content": "Philly Liquor Tax",
      "amount": "0.60",
      "ifTax": true
    },
    {
      "content": "Philly Pa Sales Tax",
      "amount": "1.84",
      "ifTax": true
    }
  ]
}