{
  "type": "other",
  "std_start_time": "2017-12-28",
  "orig_start_time": "12/28/2017",
  "std_end_time": "",
  "orig_end_time": "",
  "std_invoice_time": "2017-12-28",
  "orig_invoice_time": "12/28/2017",
  "place": "USA-Ashland",
  "departure": "",
  "arrival": "",
  "std_curr": "USD",
  "orig_curr": [
    "ASHLAND"
  ],
  "std_total": "37.60",
  "orig_total": "37.60",
  "buyer_name": [],
  "seller_name": [
    "Caldera Brewery & Restaurant"
  ],
  "seller_address": [
    "USA-Ashland"
  ],
  "invoice_number": "",
  "tax_number": "",
  "detail": [
    {
      "content": "Glass Imp Stout",
      "amount": "5.00",
      "ifTax": false
    },
    {
      "content": "Ashland Amber",
      "amount": "4.75",
      "ifTax": false
    },
    {
      "content": "Butter Noodles",
      "amount": "7.00",
      "ifTax": false
    },
    {
      "content": "Oatmeal Stout",
      "amount": "4.75",
      "ifTax": false
    },
    {
      "content": "Mahi Mahi TACO",
      "amount": "15.00",
      "ifTax": false
    },
    {
      "content": "Tax",
      "amount": "1.10",
      "ifTax": true
    }
  ]
}