{
  "type": "other",
  "std_start_time": "2019-07-18",
  "orig_start_time": "7/18/19",
  "std_end_time": "",
  "orig_end_time": "",
  "std_invoice_time": "2019-07-18",
  "orig_invoice_time": "7/18/19",
  "place": "United States - Kapolei",
  "departure": "",
  "arrival": "",
  "std_curr": "USD",
  "orig_curr": [
    "$",
    "Kapolei"
  ],
  "std_total": "77.49",
  "orig_total": "77.49",
  "buyer_name": [],
  "seller_name": [
    "KICKIN KAJUN KAPOLEI"
  ],
  "seller_address": [
    "United States - Kapolei"
  ],
  "invoice_number": "",
  "tax_number": "",
  "detail": [
    {
      "content": "Margarita",
      "amount": "6.00",
      "ifTax": false
    },
    {
      "content": "Add Tequila",
      "amount": "4.00",
      "ifTax": false
    },
    {
      "content": "Strawberry Daiquiri",
      "amount": "6.00",
      "ifTax": false
    },
    {
      "content": "Add Vodka",
      "amount": "4.00",
      "ifTax": false
    },
    {
      "content": "Snow Combo",
      "amount": "54.00",
      "ifTax": false
    },
    {
      "content": "Kickin Sauce",
      "amount": "0.00",
      "ifTax": false
    },
    {
      "content": "Mild",
      "amount": "0.00",
      "ifTax": false
    },
    {
      "content": "Total Tax",
      "amount": "3.49",
      "ifTax": true
    }
  ]
}