{
  "type": "other",
  "std_start_time": "2024-01-21",
  "orig_start_time": "Jan20'24",
  "std_end_time": "",
  "orig_end_time": "",
  "std_invoice_time": "2024-01-21",
  "orig_invoice_time": "Jan21'24",
  "place": "United Arab Emirates-Dubai",
  "departure": "",
  "arrival": "",
  "std_curr": "AED",
  "orig_curr": [
    "Dubai"
  ],
  "std_total": "0.00",
  "orig_total": "398630.00",
  "buyer_name": [],
  "seller_name": [
    "NUSRET RESTAURANT LLC"
  ],
  "seller_address": [
    "United Arab Emirates-Dubai"
  ],
  "invoice_number": "",
  "tax_number": "100306654300003",
  "detail": [
    {
      "content": "1 Beef Carpaccio",
      "amount": "275.00",
      "ifTax": true
    },
    {
      "content": "1 Golden F1 Mignon",
      "amount": "1,000.00",
      "ifTax": true
    },
    {
      "content": "3 Golden Steak",
      "amount": "5,100.00",
      "ifTax": true
    },
    {
      "content": "1 G.GiantOttom1750",
      "amount": "5,000.00",
      "ifTax": true
    },
    {
      "content": "1 French Fries",
      "amount": "50.00",
      "ifTax": true
    },
    {
      "content": "1 Roka Salad2",
      "amount": "70.00",
      "ifTax": true
    },
    {
      "content": "11 Golden Baklava",
      "amount": "4,620.00",
      "ifTax": true
    },
    {
      "content": "2 Fruit Platter",
      "amount": "480.00",
      "ifTax": true
    },
    {
      "content": "4 Pornstar Martini",
      "amount": "480.00",
      "ifTax": true
    },
    {
      "content": "1 SGL Monkey 47 Indian Tonic",
      "amount": "130.00",
      "ifTax": true
    },
    {
      "content": "2 Petrus 2009",
      "amount": "198,000.00",
      "ifTax": true
    },
    {
      "content": "1 Petrus 2011",
      "amount": "65,000.00",
      "ifTax": true
    },
    {
      "content": "5 DBL Louis XIII Neat",
      "amount": "27,500.00",
      "ifTax": true
    },
    {
      "content": "5 Still Water 800",
      "amount": "250.00",
      "ifTax": true
    },
    {
      "content": "1 Sparkling 800",
      "amount": "50.00",
      "ifTax": true
    },
    {
      "content": "1 Turkish Coffee",
      "amount": "25.00",
      "ifTax": true
    },
    {
      "content": "4 Saltbae Salt",
      "amount": "600.00",
      "ifTax": true
    },
    {
      "content": "Charged Tips",
      "amount": "90,000.00",
      "ifTax": false
    }
  ]
}