{
  "type": "other",
  "std_start_time": "2019-02-11",
  "orig_start_time": "02/11/19",
  "std_end_time": "",
  "orig_end_time": "",
  "std_invoice_time": "2019-02-11",
  "orig_invoice_time": "02/11/19",
  "place": "USA-Fairview",
  "departure": "",
  "arrival": "",
  "std_curr": "USD",
  "orig_curr": [
    "$",
    "Fairview"
  ],
  "std_total": "55.39",
  "orig_total": "55.39",
  "buyer_name": [],
  "seller_name": [],
  "seller_address": [
    "USA-Fairview"
  ],
  "invoice_number": "",
  "tax_number": "",
  "detail": [
    {
      "content": "Guaca Chicharron",
      "amount": "13.95",
      "ifTax": false
    },
    {
      "content": "EMPANADA",
      "amount": "3.00",
      "ifTax": false
    },
    {
      "content": "PARGO FRITO",
      "amount": "19.95",
      "ifTax": false
    },
    {
      "content": "MAR Y CHICKEN",
      "amount": "17.00",
      "ifTax": false
    },
    {
      "content": "SALMON A LA PLANCHA",
      "amount": "16.00",
      "ifTax": false
    },
    {
      "content": "Void",
      "amount": "-17.95",
      "ifTax": false
    },
    {
      "content": "Tax",
      "amount": "3.44",
      "ifTax": true
    }
  ]
}