{
  "type": "other",
  "std_start_time": "2013-03-24",
  "orig_start_time": "03/24/2013",
  "std_end_time": "",
  "orig_end_time": "",
  "std_invoice_time": "2013-03-24",
  "orig_invoice_time": "03/24/2013",
  "place": "USA-Charleston",
  "departure": "",
  "arrival": "",
  "std_curr": "USD",
  "orig_curr": [
    "CHARLESTON "
  ],
  "std_total": "7.83",
  "orig_total": "7.83",
  "buyer_name": [],
  "seller_name": [
    "FIRST WATCH CHARLESTON"
  ],
  "seller_address": [
    "USA-Charleston"
  ],
  "invoice_number": "",
  "tax_number": "",
  "detail": [
    {
      "content": "Sand n Sal",
      "amount": "7.39",
      "ifTax": false
    },
    {
      "content": "Sales Tax",
      "amount": "0.44",
      "ifTax": true
    }
  ]
}