{
  "type": "other",
  "std_start_time": "2014-01-11",
  "orig_start_time": "01/11/14",
  "std_end_time": "",
  "orig_end_time": "",
  "std_invoice_time": "2014-01-11",
  "orig_invoice_time": "01/11/14",
  "place": "India-New Delhi",
  "departure": "",
  "arrival": "",
  "std_curr": "INR",
  "orig_curr": [
    "Rs."
  ],
  "std_total": "0.00",
  "orig_total": " 3324",
  "buyer_name": [],
  "seller_name": [
    "China Garden"
  ],
  "seller_address": [
    "India-New Delhi"
  ],
  "invoice_number": "NB005167",
  "tax_number": "AAACF3893 RSD003",
  "detail": [
    {
      "content": "Steamed Shanghai Dumpling Pork",
      "amount": "365.00",
      "ifTax": false
    },
    {
      "content": "Barbecued wanton Thong Prawn",
      "amount": "295.00",
      "ifTax": false
    },
    {
      "content": "Chow Sui Fish - regular",
      "amount": "525.00",
      "ifTax": false
    },
    {
      "content": "Barbeque Roast Pork - Regular",
      "amount": "465.00",
      "ifTax": false
    },
    {
      "content": "Chinese Steam Bread - Regular",
      "amount": "195.00",
      "ifTax": false
    },
    {
      "content": "Cha Choi Nu Nuek - regular",
      "amount": "425.00",
      "ifTax": false
    },
    {
      "content": "Leonaid",
      "amount": "120.00",
      "ifTax": false
    },
    {
      "content": "Date Pancakes",
      "amount": "175.00",
      "ifTax": false
    },
    {
      "content": "VAT 12.5%",
      "amount": "336.19",
      "ifTax": true
    },
    {
      "content": "VAT 20%",
      "amount": "26.40",
      "ifTax": true
    },
    {
      "content": "SDH",
      "amount": "256.50",
      "ifTax": true
    },
    {
      "content": "Service Tax",
      "amount": "139.49",
      "ifTax": true
    }
  ]
}