{
  "type": "other",
  "std_start_time": "2014-03-13",
  "orig_start_time": "2014-03-13",
  "std_end_time": "",
  "orig_end_time": "",
  "std_invoice_time": "2014-03-13",
  "orig_invoice_time": "2014-03-13",
  "place": "Singapore-Singapore city",
  "departure": "",
  "arrival": "",
  "std_curr": "SGD",
  "orig_curr": [
    "Singapore"
  ],
  "std_total": "105.95",
  "orig_total": "105.95",
  "buyer_name": [],
  "seller_name": [
    "En Dining"
  ],
  "seller_address": [
    "Singapore-Singapore city"
  ],
  "invoice_number": "",
  "tax_number": "",
  "detail": [
    {
      "content": "1 Nigiri tokumori",
      "amount": "42.80",
      "ifTax": false
    },
    {
      "content": "1 Ika Yaki",
      "amount": "13.80",
      "ifTax": false
    },
    {
      "content": "1 California Roll",
      "amount": "15.80",
      "ifTax": false
    },
    {
      "content": "1 Yaki udon",
      "amount": "11.80",
      "ifTax": false
    },
    {
      "content": "2 Ocha Hot",
      "amount": "5.80",
      "ifTax": false
    },
    {
      "content": "GST (7% of 99.00)",
      "amount": "6.93",
      "ifTax": true
    },
    {
      "content": "Service Charge (0%)",
      "amount": "9.00",
      "ifTax": false
    },
    {
      "content": "Rounding adjustment",
      "amount": "0.02",
      "ifTax": false
    }
  ]
}