{
  "type": "other",
  "std_start_time": "2016-11-24",
  "orig_start_time": "24-Nov-16",
  "std_end_time": "",
  "orig_end_time": "",
  "std_invoice_time": "2016-11-24",
  "orig_invoice_time": "24-Nov-16",
  "place": "Cambodia-Phnom Penh",
  "departure": "",
  "arrival": "",
  "std_curr": "USD",
  "orig_curr": [
    "$",
    "Phnom Penh"
  ],
  "std_total": "13.00",
  "orig_total": " 13.00",
  "buyer_name": [],
  "seller_name": [
    "NEW DELHI INDIAN RESTAURANT"
  ],
  "seller_address": [
    "Cambodia-Phnom Penh"
  ],
  "invoice_number": "1740",
  "tax_number": "",
  "detail": [
    {
      "content": "House Wine White Glass",
      "amount": "3.00",
      "ifTax": false
    },
    {
      "content": "VEGETABLE SHORBA",
      "amount": "2.50",
      "ifTax": false
    },
    {
      "content": "GARLIC NAAN",
      "amount": "2.00",
      "ifTax": false
    },
    {
      "content": "KARI PAKORA",
      "amount": "4.50",
      "ifTax": false
    },
    {
      "content": "ANGKOR BEER WITH MEAL",
      "amount": "0.50",
      "ifTax": false
    },
    {
      "content": "ANGKOR BEER WITH MEAL",
      "amount": "0.50",
      "ifTax": false
    }
  ]
}