{
  "type": "other",
  "std_start_time": "2016-07-30",
  "orig_start_time": "07/30/2016",
  "std_end_time": "",
  "orig_end_time": "",
  "std_invoice_time": "2016-07-30",
  "orig_invoice_time": "07/30/2016",
  "place": "Canada-Richmond",
  "departure": "",
  "arrival": "",
  "std_curr": "CAD",
  "orig_curr": [
    "Richmond"
  ],
  "std_total": "43.84",
  "orig_total": "43.84",
  "buyer_name": [],
  "seller_name": [
    "McDonald's"
  ],
  "seller_address": [
    "Canada-Richmond"
  ],
  "invoice_number": "10",
  "tax_number": "",
  "detail": [
    {
      "content": "Spcy Chkn Gril & M Fry",
      "amount": "8.99",
      "ifTax": false
    },
    {
      "content": "M Coke",
      "amount": "0.00",
      "ifTax": false
    },
    {
      "content": "Spicy Angus & M Fry",
      "amount": "9.49",
      "ifTax": false
    },
    {
      "content": "M Earl Grey Tea",
      "amount": "0.00",
      "ifTax": false
    },
    {
      "content": "20 McNuggets",
      "amount": "10.49",
      "ifTax": false
    },
    {
      "content": "Hot Mustard",
      "amount": "0.00",
      "ifTax": false
    },
    {
      "content": "Hot Mustard",
      "amount": "0.00",
      "ifTax": false
    },
    {
      "content": "6 McNuggets & M Fry",
      "amount": "8.19",
      "ifTax": false
    },
    {
      "content": "Hot Mustard",
      "amount": "0.00",
      "ifTax": false
    },
    {
      "content": "M Coke",
      "amount": "0.00",
      "ifTax": false
    },
    {
      "content": "Filet-O-Fish",
      "amount": "4.59",
      "ifTax": false
    },
    {
      "content": "GST",
      "amount": "2.09",
      "ifTax": true
    }
  ]
}