{
  "type": "other",
  "std_start_time": "2019-10-16",
  "orig_start_time": "16.Oct 19",
  "std_end_time": "",
  "orig_end_time": "",
  "std_invoice_time": "2019-10-16",
  "orig_invoice_time": "16.Oct 19 ",
  "place": "Malaysia-Selangor",
  "departure": "",
  "arrival": "",
  "std_curr": "MYR",
  "orig_curr": [
    "Selangor"
  ],
  "std_total": "105.50",
  "orig_total": "105.50",
  "seller_name": [
    "HYOTAN JAPANESE RESTAURANT"
  ],
  "seller_address": [
    "Malaysia-Selangor"
  ],
  "invoice_number": "CR0031489",
  "tax_number": "B16 - 1808 - 31018980",
  "detail": [
    {
      "content": "143 Omakase",
      "amount": "90.00",
      "ifTax": false
    },
    {
      "content": "V52 Water",
      "amount": "0.50",
      "ifTax": false
    },
    {
      "content": "SVR Chg 10%",
      "amount": "9.05",
      "ifTax": false
    },
    {
      "content": "SST SST6 @6%",
      "amount": "5.97",
      "ifTax": true
    },
    {
      "content": "Rounding",
      "amount": "-0.02",
      "ifTax": false
    }
  ]
}