{
  "type": "other",
  "std_start_time": "2019-05-28",
  "orig_start_time": "May 28, 2019 ",
  "std_end_time": "",
  "orig_end_time": "",
  "std_invoice_time": "2019-05-28",
  "orig_invoice_time": "May 28, 2019 ",
  "place": "United States-Estes Park",
  "departure": "",
  "arrival": "",
  "std_curr": "USD",
  "orig_curr": [
    "$",
    "Estes Park"
  ],
  "std_total": "17.39",
  "orig_total": "17.39",
  "buyer_name": [],
  "seller_name": [
    "Ed's Cantina"
  ],
  "seller_address": [
    "United States-Estes Park"
  ],
  "invoice_number": "97014",
  "tax_number": "",
  "detail": [
    {
      "content": "Mushroom Poblano",
      "amount": "13.00",
      "ifTax": false
    },
    {
      "content": "Chips & Salsa",
      "amount": "3.00",
      "ifTax": false
    },
    {
      "content": "Sales Tax 8.7",
      "amount": "1.39",
      "ifTax": true
    }
  ]
}