{
  "type": "other",
  "std_start_time": "2018-07-22",
  "orig_start_time": "07/22/2018",
  "std_end_time": "",
  "orig_end_time": "",
  "std_invoice_time": "2018-07-22",
  "orig_invoice_time": "07/22/2018",
  "place": "USA-Cudahy",
  "departure": "",
  "arrival": "",
  "std_curr": "USD",
  "orig_curr": [
    "$",
    "Cudahy"
  ],
  "std_total": "51.82",
  "orig_total": "51.82",
  "seller_name": [
    "CHRIS'S HAMBURGERS"
  ],
  "seller_address": [
    "USA-Cudahy"
  ],
  "invoice_number": "00154",
  "tax_number": "",
  "detail": [
    {
      "content": "TAXABLE T1",
      "amount": "21.49",
      "ifTax": false
    },
    {
      "content": "TAXABLE T1",
      "amount": "0.50",
      "ifTax": false
    },
    {
      "content": "TAXABLE T1",
      "amount": "0.50",
      "ifTax": false
    },
    {
      "content": "TAXABLE T1",
      "amount": "0.50",
      "ifTax": false
    },
    {
      "content": "TAXABLE T1",
      "amount": "0.50",
      "ifTax": false
    },
    {
      "content": "TAXABLE T1",
      "amount": "7.89",
      "ifTax": false
    },
    {
      "content": "TAXABLE T1",
      "amount": "3.09",
      "ifTax": false
    },
    {
      "content": "TAXABLE T1",
      "amount": "5.49",
      "ifTax": false
    },
    {
      "content": "TAXABLE T1",
      "amount": "5.49",
      "ifTax": false
    },
    {
      "content": "TAXABLE T1",
      "amount": "0.99",
      "ifTax": false
    },
    {
      "content": "TAXABLE T1",
      "amount": "0.99",
      "ifTax": false
    },
    {
      "content": "TAXIT1",
      "amount": "4.39",
      "ifTax": true
    }
  ]
}