{
  "type": "other",
  "std_start_time": "2019-07-14",
  "orig_start_time": "14/07/2019",
  "std_end_time": "",
  "orig_end_time": "",
  "std_invoice_time": "2019-07-14",
  "orig_invoice_time": "14/07/2019 ",
  "place": "Italy-Bellagio",
  "departure": "",
  "arrival": "",
  "std_curr": "EUR",
  "orig_curr": [
    "Bellagio"
  ],
  "std_total": "82.00",
  "orig_total": "82.00",
  "buyer_name": [],
  "seller_name": [
    "RISTORANTE BELLAGIO"
  ],
  "seller_address": [
    "Italy-Bellagio"
  ],
  "invoice_number": "",
  "tax_number": "",
  "detail": [
    {
      "content": "4 COPERTO",
      "amount": "12.00",
      "ifTax": false
    },
    {
      "content": "2 ACQUA NAT",
      "amount": "8.00",
      "ifTax": false
    },
    {
      "content": "1 SALMERINO PIASTRA",
      "amount": "18.00",
      "ifTax": false
    },
    {
      "content": "1 TRENETTE AL PESTO",
      "amount": "13.00",
      "ifTax": false
    },
    {
      "content": "1 SPAGHETTI POM. BASILICO",
      "amount": "10.00",
      "ifTax": false
    },
    {
      "content": "1 FETTUCCINE RAGU'",
      "amount": "15.00",
      "ifTax": false
    },
    {
      "content": "1 PATATINE FRITTE",
      "amount": "6.00",
      "ifTax": false
    }
  ]
}