{
  "type": "other",
  "std_start_time": "2017-03-17",
  "orig_start_time": "3/17/17",
  "std_end_time": "",
  "orig_end_time": "",
  "std_invoice_time": "2017-03-17",
  "orig_invoice_time": "3/17/17",
  "place": "United States",
  "departure": "",
  "arrival": "",
  "std_curr": "USD",
  "orig_curr": [],
  "std_total": "13.78",
  "orig_total": "13.78",
  "buyer_name": [],
  "seller_name": [
    "Jaco RESTAURANTS, INC"
  ],
  "seller_address": [
    "United States"
  ],
  "invoice_number": "10368",
  "tax_number": "",
  "detail": [
    {
      "content": "SOPE ASADA CON TODO COPA S.ROJA",
      "amount": "3.10",
      "ifTax": false
    },
    {
      "content": "TACO ASADA CON CEBOLLA COPA S.ROJA",
      "amount": "1.59",
      "ifTax": false
    },
    {
      "content": "TACO PASTOR NO CEBOLLA COPA S.ROJA",
      "amount": "1.59",
      "ifTax": false
    },
    {
      "content": "QUESADILLA ASADA",
      "amount": "4.89",
      "ifTax": false
    },
    {
      "content": "ORDEN CHIPS",
      "amount": "1.50",
      "ifTax": false
    },
    {
      "content": "Tax 8.75%",
      "amount": "1.11",
      "ifTax": true
    }
  ]
}