{
  "type": "other",
  "std_start_time": "2017-08-21",
  "orig_start_time": "08/21/17",
  "std_end_time": "",
  "orig_end_time": "",
  "std_invoice_time": "2017-08-21",
  "orig_invoice_time": "08/21/17",
  "place": "United States-Miami Beach",
  "departure": "",
  "arrival": "",
  "std_curr": "USD",
  "orig_curr": [
    "Miami Beach"
  ],
  "std_total": "50.80",
  "orig_total": "50.80",
  "buyer_name": [],
  "seller_name": [
    "Finnegan's Way"
  ],
  "seller_address": [
    "United States-Miami Beach"
  ],
  "invoice_number": "",
  "tax_number": "",
  "detail": [
    {
      "content": "4 SOBE MOJITO'S BACARDI LIGHT",
      "amount": "40.00",
      "ifTax": false
    },
    {
      "content": "Sales Tax 7%",
      "amount": "2.80",
      "ifTax": true
    },
    {
      "content": "Resort Tax 2%",
      "amount": "0.80",
      "ifTax": true
    },
    {
      "content": "Voluntary 18% Tip",
      "amount": "7.20",
      "ifTax": false
    }
  ]
}