{
  "type": "other",
  "std_start_time": "2015-08-06",
  "orig_start_time": "Aug06'15 ",
  "std_end_time": "",
  "orig_end_time": "",
  "std_invoice_time": "2015-08-06",
  "orig_invoice_time": "Aug06'15 ",
  "place": "USA-East Hampton",
  "departure": "",
  "arrival": "",
  "std_curr": "USD",
  "orig_curr": [
    "USA-East Hampton"
  ],
  "std_total": "22.70",
  "orig_total": "22.70",
  "buyer_name": [],
  "seller_name": [
    "The Golden Spear Cafe"
  ],
  "seller_address": [
    "USA-East Hampton"
  ],
  "invoice_number": "",
  "tax_number": "",
  "detail": [
    {
      "content": "Subtotal",
      "amount": "22.70",
      "ifTax": false
    }
  ]
}