{
  "type": "other",
  "std_start_time": "2022-09-10",
  "orig_start_time": "10-09-2022 ",
  "std_end_time": "",
  "orig_end_time": "",
  "std_invoice_time": "2022-09-10",
  "orig_invoice_time": "10-09-2022 ",
  "place": "Australia - Carnegie",
  "departure": "",
  "arrival": "",
  "std_curr": "AUD",
  "orig_curr": [
    "$",
    "Carnegie"
  ],
  "std_total": "75.00",
  "orig_total": "75.00",
  "buyer_name": [],
  "seller_name": [
    "7 ATE 9 by SUB"
  ],
  "seller_address": [
    "Australia - Carnegie"
  ],
  "invoice_number": "1045",
  "tax_number": "65 659 020 934",
  "detail": [
    {
      "content": "HALF CHICKEN",
      "amount": "19.00",
      "ifTax": true
    },
    {
      "content": "Jajang-myeon",
      "amount": "15.00",
      "ifTax": true
    },
    {
      "content": "Gochu Jjamppong-bap",
      "amount": "20.00",
      "ifTax": true
    },
    {
      "content": "Beef Bulgogi",
      "amount": "18.00",
      "ifTax": true
    },
    {
      "content": "Rice",
      "amount": "3.00",
      "ifTax": true
    }
  ]
}