{
  "type": "other",
  "std_start_time": "2019-02-09",
  "orig_start_time": "2/09/19",
  "std_end_time": "",
  "orig_end_time": "",
  "std_invoice_time": "2019-02-09",
  "orig_invoice_time": "2/09/19",
  "place": "United States-Whittier",
  "departure": "",
  "arrival": "",
  "std_curr": "USD",
  "orig_curr": [
    "Whittier"
  ],
  "std_total": "34.21",
  "orig_total": "34.21",
  "buyer_name": [],
  "seller_name": [
    "Douglas Burgers "
  ],
  "seller_address": [
    "United States-Whittier"
  ],
  "invoice_number": "20018",
  "tax_number": "",
  "detail": [
    {
      "content": "Burger Combo",
      "amount": "9.99",
      "ifTax": false
    },
    {
      "content": "fries",
      "amount": "0.70",
      "ifTax": false
    },
    {
      "content": "add-ons",
      "amount": "1.99",
      "ifTax": false
    },
    {
      "content": "SUB ZUCCHINI",
      "amount": "2.49",
      "ifTax": false
    },
    {
      "content": "Raspberry Ice Tea",
      "amount": "5.99",
      "ifTax": false
    },
    {
      "content": "add bacon",
      "amount": "1.99",
      "ifTax": false
    },
    {
      "content": "add avocado",
      "amount": "1.99",
      "ifTax": false
    },
    {
      "content": "MAKE SPECIAL",
      "amount": "3.00",
      "ifTax": false
    },
    {
      "content": "Lemonade",
      "amount": "2.49",
      "ifTax": false
    },
    {
      "content": "SERV.CHARGE(2%)",
      "amount": "0.61",
      "ifTax": false
    },
    {
      "content": "Tax",
      "amount": "2.97",
      "ifTax": true
    }
  ]
}