{
  "type": "other",
  "std_start_time": "2018-09-25",
  "orig_start_time": "09/25/18",
  "std_end_time": "",
  "orig_end_time": "",
  "std_invoice_time": "2018-09-25",
  "orig_invoice_time": "09/25/18",
  "place": "United States-Covina",
  "departure": "",
  "arrival": "",
  "std_curr": "USD",
  "orig_curr": [
    "$",
    "Covina"
  ],
  "std_total": "46.98",
  "orig_total": "46.98",
  "buyer_name": [],
  "seller_name": [],
  "seller_address": [
    "United States-Covina"
  ],
  "invoice_number": "",
  "tax_number": "",
  "detail": [
    {
      "content": "2 Bohemia Tall",
      "amount": "16.00",
      "ifTax": false
    },
    {
      "content": "1 Albondigas",
      "amount": "9.95",
      "ifTax": false
    },
    {
      "content": "1 Mole",
      "amount": "16.95",
      "ifTax": false
    },
    {
      "content": "Tax",
      "amount": "4.08",
      "ifTax": true
    }
  ]
}