{
  "type": "other",
  "std_start_time": "2018-06-24",
  "orig_start_time": "6/24/2018",
  "std_end_time": "",
  "orig_end_time": "",
  "std_invoice_time": "2018-06-24",
  "orig_invoice_time": "6/24/2018",
  "place": "United States-Laurel",
  "departure": "",
  "arrival": "",
  "std_curr": "USD",
  "orig_curr": [
    "Laurel"
  ],
  "std_total": "22.03",
  "orig_total": "22.03",
  "buyer_name": [],
  "seller_name": [
    "YUM'S RESTAURANT"
  ],
  "seller_address": [
    "United States-Laurel"
  ],
  "invoice_number": "347",
  "tax_number": "",
  "detail": [
    {
      "content": "Steak Cheese Egg Rolls (2)",
      "amount": "4.49",
      "ifTax": false
    },
    {
      "content": "4 Wings w. French Fries",
      "amount": "7.20",
      "ifTax": false
    },
    {
      "content": "Mumbo S. & l ",
      "amount": "0.00",
      "ifTax": false
    },
    {
      "content": "4 Wings w. French Fries",
      "amount": "7.20",
      "ifTax": false
    },
    {
      "content": "Mumbo S. & l ",
      "amount": "0.00",
      "ifTax": false
    },
    {
      "content": "Hot Sauce et",
      "amount": "0.00",
      "ifTax": false
    },
    {
      "content": "Homemade Hall Hall",
      "amount": "1.89",
      "ifTax": false
    },
    {
      "content": "Bev Subtotal",
      "amount": "0.00",
      "ifTax": false
    },
    {
      "content": "Food Tax",
      "amount": "1.25",
      "ifTax": true
    },
    {
      "content": "Bev Tax",
      "amount": "0.00",
      "ifTax": true
    }
  ]
}