{
  "type": "other",
  "std_start_time": "2014-03-02",
  "orig_start_time": "02Mar'14",
  "std_end_time": "",
  "orig_end_time": "",
  "std_invoice_time": "2014-03-02",
  "orig_invoice_time": "02Mar'14",
  "place": "India-New Delhi",
  "departure": "",
  "arrival": "",
  "std_curr": "INR",
  "orig_curr": [
    "New Delhi"
  ],
  "std_total": "0.00",
  "orig_total": "2110.98",
  "buyer_name": [],
  "seller_name": [
    "Johnny Rockets"
  ],
  "seller_address": [
    "India-New Delhi"
  ],
  "invoice_number": "7171",
  "tax_number": "07296902493",
  "detail": [
    {
      "content": "CHOC PAUL BUTR +no malt",
      "amount": "250.00",
      "ifTax": false
    },
    {
      "content": "CHOC STRA KISS +no malt",
      "amount": "250.00",
      "ifTax": false
    },
    {
      "content": "ORIGINAL NVEG foot potato bun +tendeloin patty ###side fries skip Cut in Half",
      "amount": "350.00",
      "ifTax": false
    },
    {
      "content": "HOUSTON NVEG +whole wheat bun +tendeloin patt Cut in Half",
      "amount": "375.00",
      "ifTax": false
    },
    {
      "content": "ONION RINGS",
      "amount": "200.00",
      "ifTax": false
    },
    {
      "content": "Pie Cheddar",
      "amount": "225.00",
      "ifTax": false
    },
    {
      "content": "Srv Charge 10%",
      "amount": "165.00",
      "ifTax": false
    },
    {
      "content": "FD VAT 12.5%",
      "amount": "206.25",
      "ifTax": true
    },
    {
      "content": "Srv Tax 4.94",
      "amount": "89.73",
      "ifTax": true
    }
  ]
}