{
  "type": "other",
  "std_start_time": "2013-06-01",
  "orig_start_time": "6/1/2013",
  "std_end_time": "",
  "orig_end_time": "",
  "std_invoice_time": "2013-06-01",
  "orig_invoice_time": "6/1/2013",
  "place": "United States-Maywood",
  "departure": "",
  "arrival": "",
  "std_curr": "USD",
  "orig_curr": [
    "$",
    "Maywood"
  ],
  "std_total": "21.69",
  "orig_total": "21.69",
  "buyer_name": [],
  "seller_name": [
    "OHANA HAWAIIAN BBQ"
  ],
  "seller_address": [
    "United States-Maywood"
  ],
  "invoice_number": "65193",
  "tax_number": "",
  "detail": [
    {
      "content": "1 1/2 AND 1/2 COMBO FRIED SHRIMP SHORT RIB",
      "amount": "8.45",
      "ifTax": false
    },
    {
      "content": "1 1/2 AND 1/2 COMBO BBQ BEEF FRIED SHRIMP",
      "amount": "7.95",
      "ifTax": false
    },
    {
      "content": "2 FOUNTAIN MEDIUM",
      "amount": "3.50",
      "ifTax": false
    },
    {
      "content": "Tax 1",
      "amount": "1.79",
      "ifTax": true
    }
  ]
}