{
  "type": "other",
  "std_start_time": "2024-12-08",
  "orig_start_time": "08 December 2024 ",
  "std_end_time": "",
  "orig_end_time": "",
  "std_invoice_time": "2024-12-08",
  "orig_invoice_time": "08 December 2024 ",
  "place": "India-Raipur",
  "departure": "",
  "arrival": "",
  "std_curr": "INR",
  "orig_curr": [
    "Rs",
    "Raipur"
  ],
  "std_total": "0.00",
  "orig_total": " 2388.76",
  "buyer_name": [],
  "seller_name": [
    "Asian Bistro raipur"
  ],
  "seller_address": [
    "India-Raipur"
  ],
  "invoice_number": "",
  "tax_number": "22FOJPD8960N1ZF",
  "detail": [
    {
      "content": "Crispy Tanuki Roll",
      "amount": "0.00",
      "ifTax": false
    },
    {
      "content": "Burmesse Kahau Suey (Rice/Noodles)",
      "amount": "579.00",
      "ifTax": false
    },
    {
      "content": "Berry Sweet Heart",
      "amount": "498.00",
      "ifTax": false
    },
    {
      "content": "CGST (2.5%)",
      "amount": "56.88",
      "ifTax": true
    },
    {
      "content": "SGST (2.5%)",
      "amount": "56.88",
      "ifTax": true
    }
  ]
}