{
  "type": "other",
  "std_start_time": "2019-03-17",
  "orig_start_time": "03/17/19",
  "std_end_time": "",
  "orig_end_time": "",
  "std_invoice_time": "2019-03-17",
  "orig_invoice_time": "03/17/19",
  "place": "USA-Aventura",
  "departure": "",
  "arrival": "",
  "std_curr": "USD",
  "orig_curr": [
    "$",
    "Aventura"
  ],
  "std_total": "38.86",
  "orig_total": "38.86",
  "buyer_name": [],
  "seller_name": [
    "Araxi Burger Aventura"
  ],
  "seller_address": [
    "USA-Aventura"
  ],
  "invoice_number": "",
  "tax_number": "",
  "detail": [
    {
      "content": "2 Vanilla Bean",
      "amount": "12.00",
      "ifTax": false
    },
    {
      "content": "Classic Burger 4oz",
      "amount": "8.00",
      "ifTax": false
    },
    {
      "content": "Route 66 Burger 8oz",
      "amount": "14.00",
      "ifTax": false
    },
    {
      "content": "10% (10.00%)",
      "amount": "-3.40",
      "ifTax": false
    },
    {
      "content": "Service Charge (18.00%)",
      "amount": "6.12",
      "ifTax": false
    },
    {
      "content": "Tax",
      "amount": "2.14",
      "ifTax": true
    }
  ]
}