{
  "type": "other",
  "std_start_time": "2014-06-17",
  "orig_start_time": "17/06/2014",
  "std_end_time": "",
  "orig_end_time": "",
  "std_invoice_time": "2014-06-17",
  "orig_invoice_time": "17/06/2014",
  "place": "United Kingdom-London",
  "departure": "",
  "arrival": "",
  "std_curr": "GBP",
  "orig_curr": [
    "London"
  ],
  "std_total": "156.81",
  "orig_total": "156.81",
  "buyer_name": [],
  "seller_name": [
    "Faber Yard"
  ],
  "seller_address": [
    "United Kingdom-London"
  ],
  "invoice_number": "",
  "tax_number": "",
  "detail": [
    {
      "content": "Alhambra Especial (2 @4.50)",
      "amount": "9.00",
      "ifTax": false
    },
    {
      "content": "Cava Brut GlS (2 @7.00)",
      "amount": "14.00",
      "ifTax": false
    },
    {
      "content": "Mas la Mola",
      "amount": "45.00",
      "ifTax": false
    },
    {
      "content": "Olives",
      "amount": "3.00",
      "ifTax": false
    },
    {
      "content": "Chipirones",
      "amount": "4.00",
      "ifTax": false
    },
    {
      "content": "Gordal Olives",
      "amount": "3.00",
      "ifTax": false
    },
    {
      "content": "Lamb Leg",
      "amount": "32.50",
      "ifTax": false
    },
    {
      "content": "Potatoes",
      "amount": "4.00",
      "ifTax": false
    },
    {
      "content": "Heirloom Tom",
      "amount": "5.50",
      "ifTax": false
    },
    {
      "content": "Gelas 18yrs",
      "amount": "13.00",
      "ifTax": false
    },
    {
      "content": "Magno",
      "amount": "5.50",
      "ifTax": false
    },
    {
      "content": "Charity - optional",
      "amount": "1.00",
      "ifTax": false
    },
    {
      "content": "Tax",
      "amount": "0.00",
      "ifTax": false
    },
    {
      "content": "Optional Gratuity 12.50%",
      "amount": "17.31",
      "ifTax": false
    }
  ]
}