{
  "type": "other",
  "std_start_time": "2013-03-22",
  "orig_start_time": "03/22/13",
  "std_end_time": "",
  "orig_end_time": "",
  "std_invoice_time": "2013-03-22",
  "orig_invoice_time": "03/22/13",
  "place": "",
  "departure": "",
  "arrival": "",
  "std_curr": "USD",
  "orig_curr": [],
  "std_total": "193.35",
  "orig_total": "193.35",
  "buyer_name": [
    "WILLIAM L"
  ],
  "seller_name": [
    "DINING ROOM\nT5 MAIN DINING"
  ],
  "seller_address": [],
  "invoice_number": "",
  "tax_number": "",
  "detail": [
    {
      "content": "BEEFEATER-MARTINI",
      "amount": "11.50",
      "ifTax": false
    },
    {
      "content": "ROSEMARY CAIPIRINHA",
      "amount": "13.00",
      "ifTax": false
    },
    {
      "content": "CRABCAKES",
      "amount": "17.00",
      "ifTax": false
    },
    {
      "content": "BLACK PEPPER BACON",
      "amount": "12.00",
      "ifTax": false
    },
    {
      "content": "Millenium 2#",
      "amount": "52.00",
      "ifTax": false
    },
    {
      "content": "NY SIRLOIN",
      "amount": "46.00",
      "ifTax": false
    },
    {
      "content": "BRUSSEL SPROUTS",
      "amount": "13.00",
      "ifTax": false
    },
    {
      "content": "ESPRESSO",
      "amount": "4.50",
      "ifTax": false
    },
    {
      "content": "LAUREN'S HAZELNUT TORTE",
      "amount": "9.00",
      "ifTax": false
    },
    {
      "content": "Tax",
      "amount": "15.35",
      "ifTax": true
    }
  ]
}