{
  "type": "other",
  "std_start_time": "2014-11-30",
  "orig_start_time": "30/11/14",
  "std_end_time": "",
  "orig_end_time": "",
  "std_invoice_time": "2014-11-30",
  "orig_invoice_time": "30/11/14",
  "place": "",
  "departure": "",
  "arrival": "",
  "std_curr": "USD",
  "orig_curr": [],
  "std_total": "0.00",
  "orig_total": "2384.00",
  "buyer_name": [],
  "seller_name": [
    "AMOUR BISTRO"
  ],
  "seller_address": [],
  "invoice_number": "B001900",
  "tax_number": "-AASFA4798DSD001",
  "detail": [
    {
      "content": "Fresh Juice of the day",
      "amount": "645.00",
      "ifTax": false
    },
    {
      "content": "Carnivorous Platter",
      "amount": "375.00",
      "ifTax": false
    },
    {
      "content": "Scrambled Spinach Roquef",
      "amount": "225.00",
      "ifTax": false
    },
    {
      "content": "Quiches Wishes",
      "amount": "325.00",
      "ifTax": false
    },
    {
      "content": "Chicken Sausage",
      "amount": "150.00",
      "ifTax": false
    },
    {
      "content": "Tea & Coffee",
      "amount": "125.00",
      "ifTax": false
    },
    {
      "content": "VAT 12.5%",
      "amount": "253.70",
      "ifTax": true
    },
    {
      "content": "SERVICE CHARGE 10%",
      "amount": "184.50",
      "ifTax": true
    },
    {
      "content": "SERVICE TAX 4.944%",
      "amount": "100.34",
      "ifTax": true
    }
  ]
}