{
  "type": "other",
  "std_start_time": "2017-02-18",
  "orig_start_time": "02/18/17",
  "std_end_time": "",
  "orig_end_time": "",
  "std_invoice_time": "2017-02-18",
  "orig_invoice_time": "02/18/17",
  "place": "NY-Floral Park",
  "departure": "",
  "arrival": "",
  "std_curr": "USD",
  "orig_curr": [
    "NY"
  ],
  "std_total": "75.50",
  "orig_total": "75.50",
  "buyer_name": [],
  "seller_name": [
    "Trinity Restaurant"
  ],
  "seller_address": [
    "USA"
  ],
  "invoice_number": "",
  "tax_number": "",
  "detail": [
    {
      "content": "Quesadilla",
      "amount": "11.00",
      "ifTax": false
    },
    {
      "content": "Pot Roast",
      "amount": "18.00",
      "ifTax": false
    },
    {
      "content": "Fish An Chips",
      "amount": "16.00",
      "ifTax": false
    },
    {
      "content": "Side Salad",
      "amount": "4.00",
      "ifTax": false
    },
    {
      "content": "Dft Shock top",
      "amount": "5.50",
      "ifTax": false
    },
    {
      "content": "Dft Guiness",
      "amount": "15.00",
      "ifTax": false
    },
    {
      "content": "Tax",
      "amount": "6.00",
      "ifTax": true
    }
  ]
}