{
  "type": "other",
  "std_start_time": "2015-03-15",
  "orig_start_time": "15/03/15",
  "std_end_time": "",
  "orig_end_time": "",
  "std_invoice_time": "2015-03-15",
  "orig_invoice_time": "15/03/15",
  "place": "India-New Delhi",
  "departure": "",
  "arrival": "",
  "std_curr": "INR",
  "orig_curr": [
    "New Delhi"
  ],
  "std_total": "856.00",
  "orig_total": "856.00",
  "buyer_name": [],
  "seller_name": [
    "The Melting Pot Food Company"
  ],
  "seller_address": [
    "India-New Delhi"
  ],
  "invoice_number": "B013373",
  "tax_number": "07656925737",
  "detail": [
    {
      "content": "Dal Chila",
      "amount": "185.00",
      "ifTax": false
    },
    {
      "content": "Keema Paratha",
      "amount": "185.00",
      "ifTax": false
    },
    {
      "content": "Nettle Tea",
      "amount": "85.00",
      "ifTax": false
    },
    {
      "content": "Railway Omelette Pao",
      "amount": "185.00",
      "ifTax": false
    },
    {
      "content": "Sweet Lassi",
      "amount": "85.00",
      "ifTax": false
    },
    {
      "content": "Service Charge @5.00",
      "amount": "36.25",
      "ifTax": false
    },
    {
      "content": "VAT @12.50",
      "amount": "95.16",
      "ifTax": true
    },
    {
      "content": "R. Off",
      "amount": "-0.41",
      "ifTax": false
    }
  ]
}