{
  "type": "other",
  "std_start_time": "2017-09-30",
  "orig_start_time": " Sep30'17 ",
  "std_end_time": "",
  "orig_end_time": "",
  "std_invoice_time": "2017-09-30",
  "orig_invoice_time": "Sep30'17 ",
  "place": "USA-Tukwila",
  "departure": "",
  "arrival": "",
  "std_curr": "USD",
  "orig_curr": [
    "$",
    "Tukwila"
  ],
  "std_total": "37.29",
  "orig_total": "37.29",
  "seller_name": [
    "STANFORD'S"
  ],
  "seller_address": [
    "USA-Tukwila"
  ],
  "invoice_number": "",
  "tax_number": "",
  "detail": [
    {
      "content": "CHIC TEND AP",
      "amount": "9.95",
      "ifTax": false
    },
    {
      "content": "RIBS 1/2 ST",
      "amount": "18.95",
      "ifTax": false
    },
    {
      "content": "BRG DELUXE",
      "amount": "14.95",
      "ifTax": false
    },
    {
      "content": "K TIMING",
      "amount": "-9.95",
      "ifTax": false
    },
    {
      "content": "TAX",
      "amount": "3.39",
      "ifTax": true
    }
  ]
}