{
  "type": "other",
  "std_start_time": "2014-06-29",
  "orig_start_time": "29/06/14",
  "std_end_time": "",
  "orig_end_time": "",
  "std_invoice_time": "2014-06-29",
  "orig_invoice_time": "29/06/14",
  "place": "United Kingdom-Croydon",
  "departure": "",
  "arrival": "",
  "std_curr": "GBP",
  "orig_curr": [
    "Croydon"
  ],
  "std_total": "69.75",
  "orig_total": "69.75",
  "buyer_name": [],
  "seller_name": [
    "AQUA MEDITERRANEAN MEZE BAR & GRILL"
  ],
  "seller_address": [
    "United Kingdom-Croydon"
  ],
  "invoice_number": "",
  "tax_number": "101 4156 74",
  "detail": [
    {
      "content": "1 250ml LE BOSQ BLA",
      "amount": "5.50",
      "ifTax": false
    },
    {
      "content": "1 125ml LE BOSQ BLA",
      "amount": "4.00",
      "ifTax": false
    },
    {
      "content": "2 APPLE JUICE",
      "amount": "5.00",
      "ifTax": false
    },
    {
      "content": "1 PINEAPPLE JUICE",
      "amount": "2.50",
      "ifTax": false
    },
    {
      "content": "2 CORNISH CRAB SALA",
      "amount": "15.00",
      "ifTax": false
    },
    {
      "content": "2 KING SCALLOPS",
      "amount": "17.00",
      "ifTax": false
    },
    {
      "content": "1 SPAG KING CRAB",
      "amount": "13.00",
      "ifTax": false
    },
    {
      "content": "Service",
      "amount": "7.75",
      "ifTax": false
    }
  ]
}