{
  "type": "other",
  "std_start_time": "2017-04-22",
  "orig_start_time": "22-04-2017 ",
  "std_end_time": "",
  "orig_end_time": "",
  "std_invoice_time": "2017-04-22",
  "orig_invoice_time": "22-04-2017 ",
  "place": "Malaysia-Puchong",
  "departure": "",
  "arrival": "",
  "std_curr": "MYR",
  "orig_curr": [
    "RM",
    "Puchong"
  ],
  "std_total": "229.00",
  "orig_total": "229.00",
  "buyer_name": [],
  "seller_name": [
    "TAIPI NG MATANG SEAFOOD PORRIDGE RESTAURANT"
  ],
  "seller_address": [
    "Malaysia-Puchong"
  ],
  "invoice_number": "014990",
  "tax_number": "002133282816",
  "detail": [
    {
      "content": "Four Season Fish Porridg",
      "amount": "150.00",
      "ifTax": true
    },
    {
      "content": "YU PIAO",
      "amount": "28.00",
      "ifTax": true
    },
    {
      "content": "Rice",
      "amount": "18.00",
      "ifTax": true
    },
    {
      "content": "FRIED FISH",
      "amount": "1.50",
      "ifTax": true
    },
    {
      "content": "Long Lei",
      "amount": "10.00",
      "ifTax": true
    },
    {
      "content": "Soft Drink",
      "amount": "12.00",
      "ifTax": true
    },
    {
      "content": "Ti Guan Yin",
      "amount": "2.50",
      "ifTax": true
    },
    {
      "content": "8 IT",
      "amount": "7.00",
      "ifTax": true
    }
  ]
}