{
  "type": "other",
  "std_start_time": "2021-07-18",
  "orig_start_time": "18 July 2021",
  "std_end_time": "",
  "orig_end_time": "",
  "std_invoice_time": "2021-07-18",
  "orig_invoice_time": "18 July 2021",
  "place": "United Kingdom",
  "departure": "",
  "arrival": "",
  "std_curr": "GBP",
  "orig_curr": [
    "£"
  ],
  "std_total": "58.61",
  "orig_total": "58.61",
  "buyer_name": [],
  "seller_name": [
    "Palm Court"
  ],
  "seller_address": [
    "United Kingdom"
  ],
  "invoice_number": "",
  "tax_number": "354048800",
  "detail": [
    {
      "content": "1x Water Still Large",
      "amount": "4.00",
      "ifTax": false
    },
    {
      "content": "1x Sea Bass Fillet",
      "amount": "18.95",
      "ifTax": false
    },
    {
      "content": "1x French Fries",
      "amount": "3.95",
      "ifTax": false
    },
    {
      "content": "1x Chicken Milanese",
      "amount": "16.95",
      "ifTax": false
    },
    {
      "content": "1x English Breakfast",
      "amount": "3.25",
      "ifTax": false
    },
    {
      "content": "1x Cidre Breton",
      "amount": "5.00",
      "ifTax": false
    },
    {
      "content": "Service charge",
      "amount": "6.51",
      "ifTax": false
    }
  ]
}