{
  "type": "other",
  "std_start_time": "2019-01-24",
  "orig_start_time": "Jan 24, 2019",
  "std_end_time": "",
  "orig_end_time": "",
  "std_invoice_time": "2019-01-24",
  "orig_invoice_time": "Jan 24, 2019",
  "place": "USA-Los Angeles",
  "departure": "",
  "arrival": "",
  "std_curr": "USD",
  "orig_curr": [
    "$",
    "Los Angeles"
  ],
  "std_total": "9.58",
  "orig_total": "9.58",
  "seller_name": [
    "CAFE PARISIEN LARCHMONT LLC"
  ],
  "seller_address": [
    "USA-Los Angeles"
  ],
  "invoice_number": "YWG5",
  "tax_number": "",
  "detail": [
    {
      "content": "CROISSANT AUX RAISINS",
      "amount": "4.00",
      "ifTax": false
    },
    {
      "content": "Cappucino",
      "amount": "4.75",
      "ifTax": false
    },
    {
      "content": "Sales Tax (9.5%)",
      "amount": "0.83",
      "ifTax": true
    }
  ]
}