{
  "type": "other",
  "std_start_time": "2019-07-30",
  "orig_start_time": "7/30/19",
  "std_end_time": "",
  "orig_end_time": "",
  "std_invoice_time": "2019-07-30",
  "orig_invoice_time": "7/30/19",
  "place": "United States-Bethany Beach",
  "departure": "",
  "arrival": "",
  "std_curr": "USD",
  "orig_curr": [
    "BETHANY BEACH"
  ],
  "std_total": "152.00",
  "orig_total": "152.00",
  "buyer_name": [],
  "seller_name": [
    "Zoca Restaurant"
  ],
  "seller_address": [
    "United States-Bethany Beach"
  ],
  "invoice_number": "",
  "tax_number": "",
  "detail": [
    {
      "content": "Flying Dog Numero Uno BTL",
      "amount": "8.00",
      "ifTax": true
    },
    {
      "content": "House Recipe",
      "amount": "12.00",
      "ifTax": true
    },
    {
      "content": "Sandia Margarita (@13.00/ea)",
      "amount": "26.00",
      "ifTax": true
    },
    {
      "content": "Totem Honey Bee",
      "amount": "11.00",
      "ifTax": true
    },
    {
      "content": "Queso Fresco Guacamole",
      "amount": "12.00",
      "ifTax": true
    },
    {
      "content": "Queso Fundido Mexican Street Corn Dip",
      "amount": "12.00",
      "ifTax": true
    },
    {
      "content": "Salsa De Molcajete",
      "amount": "8.00",
      "ifTax": true
    },
    {
      "content": "Taquitos Carne Asada (@15.00/ea)",
      "amount": "30.00",
      "ifTax": true
    },
    {
      "content": "Taquitos Baja California Shrimp",
      "amount": "14.00",
      "ifTax": true
    },
    {
      "content": "Mole Enchilada",
      "amount": "19.00",
      "ifTax": true
    },
    {
      "content": "Quesadilla Chicken",
      "amount": "12.00",
      "ifTax": true
    },
    {
      "content": "Queso Fundido Mexican Street Corn Dip (Complimentary)",
      "amount": "-12.00",
      "ifTax": true
    }
  ]
}