{
  "type": "other",
  "std_start_time": "2017-06-04",
  "orig_start_time": "04/06/2017",
  "std_end_time": "",
  "orig_end_time": "",
  "std_invoice_time": "2017-06-04",
  "orig_invoice_time": "04/06/2017 ",
  "place": "United Kingdom-London",
  "departure": "",
  "arrival": "",
  "std_curr": "GBP",
  "orig_curr": [
    "London"
  ],
  "std_total": "51.10",
  "orig_total": "51.10",
  "buyer_name": [],
  "seller_name": [
    "Baiwei"
  ],
  "seller_address": [
    "United Kingdom-London"
  ],
  "invoice_number": "",
  "tax_number": "",
  "detail": [
    {
      "content": "sichuan chicken",
      "amount": "7.90",
      "ifTax": false
    },
    {
      "content": "Ma Po tofu",
      "amount": "8.90",
      "ifTax": false
    },
    {
      "content": "Green beans pork",
      "amount": "8.90",
      "ifTax": false
    },
    {
      "content": "Dan dan noodles",
      "amount": "4.50",
      "ifTax": false
    },
    {
      "content": "Plain rice",
      "amount": "2.00",
      "ifTax": false
    },
    {
      "content": "T/A BOX",
      "amount": "1.50",
      "ifTax": false
    },
    {
      "content": "non spicy",
      "amount": "0.00",
      "ifTax": false
    },
    {
      "content": "pickled fish",
      "amount": "14.90",
      "ifTax": false
    },
    {
      "content": "7 up",
      "amount": "2.50",
      "ifTax": false
    }
  ]
}