{
  "type": "other",
  "std_start_time": "2023-03-12",
  "orig_start_time": " 3/12/2023",
  "std_end_time": "",
  "orig_end_time": "",
  "std_invoice_time": "2023-03-12",
  "orig_invoice_time": " 3/12/2023",
  "place": "United States-Simi Valley",
  "departure": "",
  "arrival": "",
  "std_curr": "USD",
  "orig_curr": [
    "$"
  ],
  "std_total": "23.49",
  "orig_total": "$23.49",
  "buyer_name": [],
  "seller_name": [
    "Fast n Fresh Mexican Grill"
  ],
  "seller_address": [
    "United States-Simi Valley"
  ],
  "invoice_number": "",
  "tax_number": "",
  "detail": [
    {
      "content": "Classic Vegan Burrito",
      "amount": "21.90",
      "ifTax": false
    },
    {
      "content": "TAX",
      "amount": "1.59",
      "ifTax": true
    }
  ]
}