{
  "type": "other",
  "std_start_time": "",
  "orig_start_time": "",
  "std_end_time": "",
  "orig_end_time": "",
  "std_invoice_time": "",
  "orig_invoice_time": "",
  "place": "United Kingdom-Forfar",
  "departure": "",
  "arrival": "",
  "std_curr": "GBP",
  "orig_curr": [
    "FORFAR"
  ],
  "std_total": "29.25",
  "orig_total": "29.25",
  "buyer_name": [],
  "seller_name": [
    "CHAPELBANK HOTEL"
  ],
  "seller_address": [
    "United Kingdom-Forfar"
  ],
  "invoice_number": "",
  "tax_number": "",
  "detail": [
    {
      "content": "3x SOUP",
      "amount": "11.85",
      "ifTax": false
    },
    {
      "content": "Lunch Main - Lasagne (V)",
      "amount": "6.95",
      "ifTax": false
    },
    {
      "content": "MISC FOOD",
      "amount": "6.95",
      "ifTax": false
    },
    {
      "content": "2x CHIPS / ONION RINGS 1.75",
      "amount": "3.50",
      "ifTax": false
    }
  ]
}