{
  "type": "other",
  "std_start_time": "",
  "orig_start_time": "2022-04-30 ",
  "std_end_time": "",
  "orig_end_time": "",
  "std_invoice_time": "2022-04-30",
  "orig_invoice_time": "2022-04-30 ",
  "place": "Australia-South Yarra",
  "departure": "",
  "arrival": "",
  "std_curr": "AUD",
  "orig_curr": [
    "South Yarra"
  ],
  "std_total": "294.00",
  "orig_total": "294.00",
  "seller_name": [
    "Chez Olivier"
  ],
  "seller_address": [
    "Australia-South Yarra"
  ],
  "invoice_number": "BP-5 0430031220",
  "tax_number": "",
  "detail": [
    {
      "content": "Capi mineral sparkling",
      "amount": "11.00",
      "ifTax": false
    },
    {
      "content": "Scallops x 4",
      "amount": "28.00",
      "ifTax": false
    },
    {
      "content": "Onion Soup",
      "amount": "16.00",
      "ifTax": false
    },
    {
      "content": "Plateau Charcuteries",
      "amount": "32.00",
      "ifTax": false
    },
    {
      "content": "Boeuf Bourguignon",
      "amount": "38.00",
      "ifTax": false
    },
    {
      "content": "Eye Fillet",
      "amount": "47.00",
      "ifTax": false
    },
    {
      "content": "Moules cocottes",
      "amount": "26.00",
      "ifTax": false
    },
    {
      "content": "Orange duck",
      "amount": "43.00",
      "ifTax": false
    },
    {
      "content": "Fries",
      "amount": "11.00",
      "ifTax": false
    },
    {
      "content": "Creme Brulee",
      "amount": "16.00",
      "ifTax": false
    },
    {
      "content": "Tarte Tatin",
      "amount": "18.00",
      "ifTax": false
    },
    {
      "content": "Tea - English Breakfast",
      "amount": "4.00",
      "ifTax": false
    },
    {
      "content": "Long Black",
      "amount": "4.00",
      "ifTax": false
    }
  ]
}