{
  "type": "other",
  "std_start_time": "",
  "orig_start_time": "",
  "std_end_time": "",
  "orig_end_time": "",
  "std_invoice_time": "",
  "orig_invoice_time": "",
  "place": "United Kingdom-London",
  "departure": "",
  "arrival": "",
  "std_curr": "GBP",
  "orig_curr": [
    "London"
  ],
  "std_total": "43.88",
  "orig_total": "43.88",
  "buyer_name": [],
  "seller_name": [
    "GATE RESTAURANT"
  ],
  "seller_address": [
    "United Kingdom-London"
  ],
  "invoice_number": "",
  "tax_number": "",
  "detail": [
    {
      "content": "OPEN FOOD",
      "amount": "17.00",
      "ifTax": false
    },
    {
      "content": "STRAWBERRY TRUFF",
      "amount": "8.50",
      "ifTax": false
    },
    {
      "content": "EDEMAMA",
      "amount": "2.50",
      "ifTax": false
    },
    {
      "content": "SCALLOP",
      "amount": "5.50",
      "ifTax": false
    },
    {
      "content": "DUCK GYOZA",
      "amount": "5.50",
      "ifTax": false
    },
    {
      "content": "SERVICE %12.50",
      "amount": "4.88",
      "ifTax": false
    }
  ]
}