{
  "type": "other",
  "std_start_time": "2016-08-27",
  "orig_start_time": "2016/08/27",
  "std_end_time": "",
  "orig_end_time": "",
  "std_invoice_time": "2016-08-27",
  "orig_invoice_time": "2016/08/27",
  "place": "United Kingdom-London",
  "departure": "",
  "arrival": "",
  "std_curr": "GBP",
  "orig_curr": [
    "£",
    "London"
  ],
  "std_total": "72.77",
  "orig_total": "72.77",
  "buyer_name": [],
  "seller_name": [
    "Royal China"
  ],
  "seller_address": [
    "United Kingdom-London"
  ],
  "invoice_number": "",
  "tax_number": "836095120",
  "detail": [
    {
      "content": "L/ Chinese Tea",
      "amount": "3.60",
      "ifTax": false
    },
    {
      "content": "Still (Bt)",
      "amount": "4.20",
      "ifTax": false
    },
    {
      "content": "Prawn Dumpling",
      "amount": "4.20",
      "ifTax": false
    },
    {
      "content": "Prawn&Chive Dumpling",
      "amount": "4.20",
      "ifTax": false
    },
    {
      "content": "Pork&Radish Dumpling",
      "amount": "3.80",
      "ifTax": false
    },
    {
      "content": "Beef Dumpling",
      "amount": "3.80",
      "ifTax": false
    },
    {
      "content": "Stuffed Bean Curd rolls",
      "amount": "3.80",
      "ifTax": false
    },
    {
      "content": "Spicy Chicken Feet",
      "amount": "3.80",
      "ifTax": false
    },
    {
      "content": "Roast Pork CheungFun",
      "amount": "4.80",
      "ifTax": false
    },
    {
      "content": "Plain Cheung Fun",
      "amount": "4.20",
      "ifTax": false
    },
    {
      "content": "Prawn Cheung Fun",
      "amount": "5.20",
      "ifTax": false
    },
    {
      "content": "Yam Paste",
      "amount": "3.80",
      "ifTax": false
    },
    {
      "content": "Vietnamese Rolls",
      "amount": "4.20",
      "ifTax": false
    },
    {
      "content": "Broccoli w/Ginger",
      "amount": "10.80",
      "ifTax": false
    },
    {
      "content": "Rec.Gratitude",
      "amount": "8.37",
      "ifTax": false
    }
  ]
}