{
  "type": "other",
  "std_start_time": "2015-07-24",
  "orig_start_time": "24-Jul-15",
  "std_end_time": "",
  "orig_end_time": "",
  "std_invoice_time": "2015-07-24",
  "orig_invoice_time": "24-Jul-15",
  "place": "United Kingdom-London",
  "departure": "",
  "arrival": "",
  "std_curr": "EUR",
  "orig_curr": [
    "£",
    "London"
  ],
  "std_total": "31.16",
  "orig_total": "31.16",
  "buyer_name": [],
  "seller_name": [
    "BAR & KITCHEN"
  ],
  "seller_address": [
    "United Kingdom-London"
  ],
  "invoice_number": "",
  "tax_number": "",
  "detail": [
    {
      "content": "2 125ml Prosecco Frizzante, Colli Trevigiani",
      "amount": "13.20",
      "ifTax": false
    },
    {
      "content": "1 Duck Liver Parfait",
      "amount": "9.00",
      "ifTax": false
    },
    {
      "content": "2 155 Burger",
      "amount": "20.00",
      "ifTax": false
    },
    {
      "content": "Discount-Management Goodwill",
      "amount": "-14.50",
      "ifTax": false
    },
    {
      "content": "Discretionary Service @ 12.50%",
      "amount": "3.46",
      "ifTax": false
    }
  ]
}