{
  "type": "other",
  "std_start_time": "2019-05-10",
  "orig_start_time": "05/10/2019 ",
  "std_end_time": "",
  "orig_end_time": "",
  "std_invoice_time": "2019-05-10",
  "orig_invoice_time": "05/10/2019 ",
  "place": "Canada-Richmond",
  "departure": "",
  "arrival": "",
  "std_curr": "CAD",
  "orig_curr": [
    "Richmond,$"
  ],
  "std_total": "20.81",
  "orig_total": "20.81",
  "buyer_name": [],
  "seller_name": [
    "McDonald's"
  ],
  "seller_address": [
    "Canada-Richmond"
  ],
  "invoice_number": "",
  "tax_number": " R104173455",
  "detail": [
    {
      "content": "Mighty Angus Original",
      "amount": "7.49",
      "ifTax": false
    },
    {
      "content": "Big Mac",
      "amount": "5.99",
      "ifTax": false
    },
    {
      "content": "NO Reconstituted Onions",
      "amount": "0.00",
      "ifTax": false
    },
    {
      "content": "M French Fries",
      "amount": "3.19",
      "ifTax": false
    },
    {
      "content": "M Coffee",
      "amount": "1.75",
      "ifTax": false
    },
    {
      "content": "ADD Cream",
      "amount": "0.00",
      "ifTax": false
    },
    {
      "content": "ADD Sugar",
      "amount": "0.00",
      "ifTax": false
    },
    {
      "content": "HST",
      "amount": "2.39",
      "ifTax": true
    }
  ]
}