{
  "type": "other",
  "std_start_time": "2024-12-10",
  "orig_start_time": "12-10-24",
  "std_end_time": "",
  "orig_end_time": "",
  "std_invoice_time": "2024-12-10",
  "orig_invoice_time": "12-10-24",
  "place": "India-Ettumanoor",
  "departure": "",
  "arrival": "",
  "std_curr": "INR",
  "orig_curr": [
    "Ettumanoor"
  ],
  "std_total": "734.00",
  "orig_total": "734.00",
  "buyer_name": [],
  "seller_name": [
    "HOTEL ARCADIA"
  ],
  "seller_address": [
    "India-Ettumanoor"
  ],
  "invoice_number": "072916",
  "tax_number": "32ABCFA4421A1Z6",
  "detail": [
    {
      "content": "APPAM",
      "amount": "160.00",
      "ifTax": true
    },
    {
      "content": "PARATHA",
      "amount": "64.00",
      "ifTax": true
    },
    {
      "content": "BEEF ROAST",
      "amount": "340.00",
      "ifTax": true
    },
    {
      "content": "EGG CURRY ROAST",
      "amount": "70.00",
      "ifTax": true
    },
    {
      "content": "TEA",
      "amount": "80.00",
      "ifTax": true
    },
    {
      "content": "PACKAGED WATER",
      "amount": "20.00",
      "ifTax": true
    }
  ]
}