{
  "type": "other",
  "std_start_time": "2016-07-08",
  "orig_start_time": "2016-07-08",
  "std_end_time": "",
  "orig_end_time": "",
  "std_invoice_time": "2016-07-08",
  "orig_invoice_time": "2016-07-08",
  "place": "USA-Levittown",
  "departure": "",
  "arrival": "",
  "std_curr": "USD",
  "orig_curr": [
    "$",
    "Levittown"
  ],
  "std_total": "21.73",
  "orig_total": "21.73",
  "buyer_name": [],
  "seller_name": [
    "KFC"
  ],
  "seller_address": [
    "USA-Levittown"
  ],
  "invoice_number": "2884",
  "tax_number": "",
  "detail": [
    {
      "content": "Family Fill Up",
      "amount": "20.00",
      "ifTax": false
    },
    {
      "content": "Tax",
      "amount": "1.73",
      "ifTax": true
    }
  ]
}