{
  "type": "other",
  "std_start_time": "2019-08-30",
  "orig_start_time": "30-Aug-2019",
  "std_end_time": "",
  "orig_end_time": "",
  "std_invoice_time": "2019-08-30",
  "orig_invoice_time": "30-Aug-2019",
  "place": "USA-Bellflower",
  "departure": "",
  "arrival": "",
  "std_curr": "USD",
  "orig_curr": [
    "$",
    "BELLFLOWER"
  ],
  "std_total": "68.99",
  "orig_total": "68.99",
  "buyer_name": [],
  "seller_name": [
    "KALAVERAS - BELLFLOWER"
  ],
  "seller_address": [
    "USA-Bellflower"
  ],
  "invoice_number": "83V4QQC31PPMT",
  "tax_number": "",
  "detail": [
    {
      "content": "Classic Michelada",
      "amount": "12.00",
      "ifTax": false
    },
    {
      "content": "Classic Michelada",
      "amount": "12.00",
      "ifTax": false
    },
    {
      "content": "Don Julio Anejo",
      "amount": "15.00",
      "ifTax": false
    },
    {
      "content": "Classic Michelada",
      "amount": "12.00",
      "ifTax": false
    },
    {
      "content": "Balam Maduro",
      "amount": "12.00",
      "ifTax": false
    },
    {
      "content": "Tax",
      "amount": "5.99",
      "ifTax": true
    }
  ]
}