{
  "type": "other",
  "std_start_time": "2018-12-28",
  "orig_start_time": "12/28/18",
  "std_end_time": "",
  "orig_end_time": "",
  "std_invoice_time": "2018-12-28",
  "orig_invoice_time": "12/28/18 ",
  "place": "USA-New Albany",
  "departure": "",
  "arrival": "",
  "std_curr": "USD",
  "orig_curr": [
    "$",
    "New Albany"
  ],
  "std_total": "83.64",
  "orig_total": "83.64",
  "buyer_name": [],
  "seller_name": [
    "Firefly American Bistro"
  ],
  "seller_address": [
    "USA-New Albany"
  ],
  "invoice_number": "140",
  "tax_number": "",
  "detail": [
    {
      "content": "Malbec Trivento",
      "amount": "8.00",
      "ifTax": false
    },
    {
      "content": "Blood Orange Marg",
      "amount": "9.00",
      "ifTax": false
    },
    {
      "content": "Cup Italian Wedding Soup",
      "amount": "2.95",
      "ifTax": false
    },
    {
      "content": "Spaghetti Marinara",
      "amount": "17.95",
      "ifTax": false
    },
    {
      "content": "Fettuccine Alfredo",
      "amount": "23.95",
      "ifTax": false
    },
    {
      "content": "Small Wedge Salad (Dinner)",
      "amount": "4.95",
      "ifTax": false
    },
    {
      "content": "Creme Brulee",
      "amount": "4.00",
      "ifTax": false
    },
    {
      "content": "Baileys",
      "amount": "7.00",
      "ifTax": false
    },
    {
      "content": "Tax",
      "amount": "5.84",
      "ifTax": true
    }
  ]
}