{
  "type": "other",
  "std_start_time": "2023-11-20",
  "orig_start_time": "20/11/2023 ",
  "std_end_time": "",
  "orig_end_time": "",
  "std_invoice_time": "2023-11-20",
  "orig_invoice_time": "20/11/2023 ",
  "place": "United Kingdom-Manchester",
  "departure": "",
  "arrival": "",
  "std_curr": "GBP",
  "orig_curr": [
    "£",
    "MANCHESTER"
  ],
  "std_total": "31.78",
  "orig_total": "31.78",
  "buyer_name": [],
  "seller_name": [
    "Sexy Fish Manchester"
  ],
  "seller_address": [
    "United Kingdom-Manchester"
  ],
  "invoice_number": "",
  "tax_number": "868140509",
  "detail": [
    {
      "content": "Negroni Plymouth Gin 25ml",
      "amount": "28.00",
      "ifTax": true
    },
    {
      "content": "Service Charge 13.5%",
      "amount": "3.78",
      "ifTax": false
    }
  ]
}