{
  "type": "other",
  "std_start_time": "2018-01-14",
  "orig_start_time": "14/01/2018",
  "std_end_time": "",
  "orig_end_time": "",
  "std_invoice_time": "2018-01-14",
  "orig_invoice_time": "14/01/2018",
  "place": "Australia-Melbourne",
  "departure": "",
  "arrival": "",
  "std_curr": "AUD",
  "orig_curr": [
    "$",
    "Melbourne"
  ],
  "std_total": "19.00",
  "orig_total": "19.00",
  "seller_name": [
    "Brunetti"
  ],
  "seller_address": [
    "Australia-Melbourne"
  ],
  "invoice_number": "",
  "tax_number": "51 110 083 502",
  "detail": [
    {
      "content": "Long Black",
      "amount": "4.10",
      "ifTax": true
    },
    {
      "content": "Flat White",
      "amount": "4.10",
      "ifTax": true
    },
    {
      "content": "French Custard",
      "amount": "7.50",
      "ifTax": true
    },
    {
      "content": "Baby Cone",
      "amount": "3.30",
      "ifTax": true
    }
  ]
}