{
  "type": "other",
  "std_start_time": "2023-08-03",
  "orig_start_time": "8/3/23 ",
  "std_end_time": "",
  "orig_end_time": "",
  "std_invoice_time": "2023-08-03",
  "orig_invoice_time": "8/3/23 ",
  "place": "United States-Washington-DC",
  "departure": "",
  "arrival": "",
  "std_curr": "USD",
  "orig_curr": [
    "$ ",
    "Washington, DC"
  ],
  "std_total": "12.09",
  "orig_total": "12.09",
  "seller_name": [
    "90 Second Pizza"
  ],
  "seller_address": [
    "United States-Washington, DC"
  ],
  "invoice_number": "",
  "tax_number": "",
  "detail": [
    {
      "content": "1 Boscaiola (Vegan) Black Olives",
      "amount": "10.99",
      "ifTax": false
    },
    {
      "content": "Tax",
      "amount": "1.10",
      "ifTax": true
    }
  ]
}