{
  "type": "other",
  "std_start_time": "2024-07-06",
  "orig_start_time": "06/07/2024",
  "std_end_time": "",
  "orig_end_time": "",
  "std_invoice_time": "2024-07-06",
  "orig_invoice_time": "06/07/2024",
  "place": "",
  "departure": "",
  "arrival": "",
  "std_curr": "USD",
  "orig_curr": [],
  "std_total": "27.90",
  "orig_total": "27.90",
  "buyer_name": [],
  "seller_name": [
    "TANAKATSU"
  ],
  "seller_address": [],
  "invoice_number": "",
  "tax_number": "201927925",
  "detail": [
    {
      "content": "Plum wine",
      "amount": "8.00",
      "ifTax": true
    },
    {
      "content": "CX CURRY",
      "amount": "17.95",
      "ifTax": true
    },
    {
      "content": "Service Charge (7.51%)",
      "amount": "1.95",
      "ifTax": true
    }
  ]
}