{
  "type": "other",
  "std_start_time": "2018-06-29",
  "orig_start_time": "29-06-2018",
  "std_end_time": "",
  "orig_end_time": "",
  "std_invoice_time": "2018-06-29",
  "orig_invoice_time": "29-06-2018",
  "place": "Malaysia-Kuala Lumpur",
  "departure": "",
  "arrival": "",
  "std_curr": "MYR",
  "orig_curr": [
    "Kuala Lumpur"
  ],
  "std_total": "780.45",
  "orig_total": "780.45",
  "seller_name": [
    "MITASU JAPANESE RESTAURANT SDN BHD"
  ],
  "seller_address": [
    "Malaysia-Kuala Lumpur"
  ],
  "invoice_number": "199535",
  "tax_number": "001774428160",
  "detail": [
    {
      "content": "11 (28.01) Adult",
      "amount": "709.50",
      "ifTax": false
    },
    {
      "content": "Serv. Charge (10%)",
      "amount": "70.95",
      "ifTax": false
    },
    {
      "content": "GST Payable (0%)",
      "amount": "0.00",
      "ifTax": true
    }
  ]
}