{
  "type": "other",
  "std_start_time": "2024-08-29",
  "orig_start_time": "8/29/2024",
  "std_end_time": "",
  "orig_end_time": "",
  "std_invoice_time": "2024-08-29",
  "orig_invoice_time": "8/29/2024 ",
  "place": "Cambodia-Phnom Penh",
  "departure": "",
  "arrival": "",
  "std_curr": "USD",
  "orig_curr": [
    " MonPhnom Penh,$"
  ],
  "std_total": "77.77",
  "orig_total": "77.77",
  "buyer_name": [],
  "seller_name": [
    "Sakaba New Tokyo"
  ],
  "seller_address": [
    "#132Z1St.PasteurVillage 5, \nSangkat Boeunng Keng Kang 1,\nKhan Chamkar MonPhnom Penh"
  ],
  "invoice_number": "[Provisional]",
  "tax_number": "",
  "detail": [
    {
      "content": "50_WagyuSushi_2pc",
      "amount": "6.90",
      "ifTax": true
    },
    {
      "content": "Warayaki_Chicken",
      "amount": "5.90",
      "ifTax": true
    },
    {
      "content": "21_Samon_Sashimi@2",
      "amount": "11.80",
      "ifTax": true
    },
    {
      "content": "32_ChickenTartar",
      "amount": "3.90",
      "ifTax": true
    },
    {
      "content": "55_3Temaki_WagyuSushi",
      "amount": "7.90",
      "ifTax": true
    },
    {
      "content": "59_Greenteaumeshu_rock",
      "amount": "3.90",
      "ifTax": true
    },
    {
      "content": "54_Chita_Rock",
      "amount": "5.90",
      "ifTax": true
    },
    {
      "content": "53_Kakubin_Soda@3",
      "amount": "8.70",
      "ifTax": true
    },
    {
      "content": "47_NewTokyoRamen",
      "amount": "6.90",
      "ifTax": true
    },
    {
      "content": "43_Eel_Bowl",
      "amount": "8.90",
      "ifTax": true
    },
    {
      "content": "<VAT 10%",
      "amount": "7.07",
      "ifTax": true
    }
  ]
}