{
  "type": "other",
  "std_start_time": "2023-08-24",
  "orig_start_time": "08/24/2023",
  "std_end_time": "",
  "orig_end_time": "",
  "std_invoice_time": "2023-08-24",
  "orig_invoice_time": "08/24/2023",
  "place": "United States-Zebulon",
  "departure": "",
  "arrival": "",
  "std_curr": "USD",
  "orig_curr": [
    "Zebulon"
  ],
  "std_total": "36.13",
  "orig_total": "36.13",
  "buyer_name": [],
  "seller_name": [
    "San Jose Mexican Restaurant"
  ],
  "seller_address": [
    "United States-Zebulon"
  ],
  "invoice_number": "",
  "tax_number": "",
  "detail": [
    {
      "content": "Fresh Guacamole",
      "amount": "9.99",
      "ifTax": false
    },
    {
      "content": "Vegetable Fajitas",
      "amount": "11.50",
      "ifTax": false
    },
    {
      "content": "Chimichangas",
      "amount": "10.99",
      "ifTax": false
    },
    {
      "content": "Tax",
      "amount": "2.68",
      "ifTax": true
    },
    {
      "content": "Cust Assistance Fee",
      "amount": "0.97",
      "ifTax": false
    }
  ]
}