{
  "type": "other",
  "std_start_time": "2017-08-27",
  "orig_start_time": "27/08/2017",
  "std_end_time": "",
  "orig_end_time": "",
  "std_invoice_time": "2017-08-27",
  "orig_invoice_time": "27/08/2017",
  "place": "United Kingdom-London",
  "departure": "",
  "arrival": "",
  "std_curr": "GBP",
  "orig_curr": [
    "£",
    "London"
  ],
  "std_total": "88.99",
  "orig_total": " 88.99",
  "seller_name": [
    "Dishoom"
  ],
  "seller_address": [
    "United Kingdom-London"
  ],
  "invoice_number": "240047",
  "tax_number": "",
  "detail": [
    {
      "content": "Dishoom Calamari",
      "amount": "5.90",
      "ifTax": false
    },
    {
      "content": "Chole Bhatura",
      "amount": "8.90",
      "ifTax": false
    },
    {
      "content": "Paneer Tikka",
      "amount": "7.70",
      "ifTax": false
    },
    {
      "content": "Spicy Lamb Chops",
      "amount": "11.90",
      "ifTax": false
    },
    {
      "content": "Steamed Basmati Rice",
      "amount": "2.90",
      "ifTax": false
    },
    {
      "content": "Plain Naan",
      "amount": "2.70",
      "ifTax": false
    },
    {
      "content": "Bowl of greens",
      "amount": "3.90",
      "ifTax": false
    },
    {
      "content": "Chicken Tikka Roomali",
      "amount": "7.50",
      "ifTax": false
    },
    {
      "content": "65cl Kingfisher (3 @6.90)",
      "amount": "20.70",
      "ifTax": false
    },
    {
      "content": "Pistachio Kulfi on a Stick",
      "amount": "3.50",
      "ifTax": false
    },
    {
      "content": "Malai Kulfi on a Stick",
      "amount": "3.50",
      "ifTax": false
    },
    {
      "content": "Optional Service 12.50%",
      "amount": "9.89",
      "ifTax": false
    }
  ]
}