{
  "type": "other",
  "std_start_time": "2021-10-31",
  "orig_start_time": "31/10/2021 ",
  "std_end_time": "",
  "orig_end_time": "",
  "std_invoice_time": "2021-10-31",
  "orig_invoice_time": "31/10/2021 ",
  "place": "Australia-Windsor",
  "departure": "",
  "arrival": "",
  "std_curr": "AUD",
  "orig_curr": [
    "Windsor",
    "$"
  ],
  "std_total": "97.30",
  "orig_total": "97.30",
  "buyer_name": [],
  "seller_name": [
    "Ganbare Kaz"
  ],
  "seller_address": [
    "Australia-Windsor"
  ],
  "invoice_number": "",
  "tax_number": "97 392 064 334",
  "detail": [
    {
      "content": "Mini Shoyu Ramen",
      "amount": "8.90",
      "ifTax": true
    },
    {
      "content": "Mini Inari Udon",
      "amount": "9.90",
      "ifTax": true
    },
    {
      "content": "Ship Tobbiko(Flying Fish Roe) - Red",
      "amount": "5.50",
      "ifTax": true
    },
    {
      "content": "Sushi plate(White)",
      "amount": "17.50",
      "ifTax": true
    },
    {
      "content": "Sushi plate(Black)",
      "amount": "27.00",
      "ifTax": true
    },
    {
      "content": "Sushi plate(EB)",
      "amount": "22.00",
      "ifTax": true
    },
    {
      "content": "Sushi plate(Beige)",
      "amount": "6.50",
      "ifTax": true
    }
  ]
}