{
  "type": "other",
  "std_start_time": "2014-10-18",
  "orig_start_time": "18/10/14",
  "std_end_time": "",
  "orig_end_time": "",
  "std_invoice_time": "2014-10-18",
  "orig_invoice_time": "18/10/14",
  "place": "India-New Delhi",
  "departure": "",
  "arrival": "",
  "std_curr": "INR",
  "orig_curr": [
    "New Delhi"
  ],
  "std_total": "0.00",
  "orig_total": "1,677.00",
  "buyer_name": [],
  "seller_name": [
    "The Melting Pot Food Company"
  ],
  "seller_address": [
    "India-New Delhi"
  ],
  "invoice_number": "",
  "tax_number": "07656925737",
  "detail": [
    {
      "content": "Apple Jalebi",
      "amount": "125.00",
      "ifTax": false
    },
    {
      "content": "Bottled Water",
      "amount": "20.00",
      "ifTax": false
    },
    {
      "content": "Keema Bao",
      "amount": "280.00",
      "ifTax": false
    },
    {
      "content": "Khajur Samosa",
      "amount": "125.00",
      "ifTax": false
    },
    {
      "content": "Kumaoni Platter",
      "amount": "300.00",
      "ifTax": false
    },
    {
      "content": "Masala Chaas",
      "amount": "85.00",
      "ifTax": false
    },
    {
      "content": "Mutton Sukka",
      "amount": "280.00",
      "ifTax": false
    },
    {
      "content": "Nimbu Paani",
      "amount": "85.00",
      "ifTax": false
    },
    {
      "content": "Yellikodige Coffee",
      "amount": "120.00",
      "ifTax": false
    },
    {
      "content": "Service Charge @ 5.00%",
      "amount": "71.00",
      "ifTax": false
    },
    {
      "content": "#VAT @ 12.50%",
      "amount": "186.40",
      "ifTax": true
    },
    {
      "content": "R. Off",
      "amount": "-0.40",
      "ifTax": false
    }
  ]
}