{
  "type": "other",
  "std_start_time": "2017-11-18",
  "orig_start_time": "11/18/17",
  "std_end_time": "",
  "orig_end_time": "",
  "std_invoice_time": "2017-11-18",
  "orig_invoice_time": "11/18/17",
  "place": "USA-Arlington",
  "departure": "",
  "arrival": "",
  "std_curr": "USD",
  "orig_curr": [
    "Arlington"
  ],
  "std_total": "52.76",
  "orig_total": "52.76",
  "buyer_name": [],
  "seller_name": [
    "Pappadeaux Seafood Kitchen"
  ],
  "seller_address": [
    "USA-Arlington"
  ],
  "invoice_number": "0035",
  "tax_number": "",
  "detail": [
    {
      "content": "Lump Crab & Spinach Dip",
      "amount": "15.95",
      "ifTax": false
    },
    {
      "content": "Cajun Combo",
      "amount": "18.95",
      "ifTax": false
    },
    {
      "content": "Lunch Shrimp & Andouille",
      "amount": "13.95",
      "ifTax": false
    },
    {
      "content": "Tax",
      "amount": "3.91",
      "ifTax": true
    }
  ]
}