{
  "type": "other",
  "std_start_time": "2018-06-24",
  "orig_start_time": "06/24/2018",
  "std_end_time": "",
  "orig_end_time": "",
  "std_invoice_time": "2018-06-24",
  "orig_invoice_time": "06/24/2018",
  "place": "USA",
  "departure": "",
  "arrival": "",
  "std_curr": "USD",
  "orig_curr": [],
  "std_total": "47.90",
  "orig_total": "47.90",
  "buyer_name": [],
  "seller_name": [
    "E1 Charro Cafe Ventana"
  ],
  "seller_address": [
    "USA"
  ],
  "invoice_number": "30076",
  "tax_number": "",
  "detail": [
    {
      "content": "Coors Light",
      "amount": "5.00",
      "ifTax": false
    },
    {
      "content": "Ice Tea",
      "amount": "3.25",
      "ifTax": false
    },
    {
      "content": "Shrimp Fajita",
      "amount": "18.95",
      "ifTax": false
    },
    {
      "content": "Stuffed Chicken",
      "amount": "17.95",
      "ifTax": false
    },
    {
      "content": "Tax",
      "amount": "2.75",
      "ifTax": true
    }
  ]
}