{
  "type": "other",
  "std_start_time": "2018-11-04",
  "orig_start_time": "04-Nov-2018 ",
  "std_end_time": "",
  "orig_end_time": "",
  "std_invoice_time": "2018-11-04",
  "orig_invoice_time": "04-Nov-2018 ",
  "place": "United States-Grand Terrace",
  "departure": "",
  "arrival": "",
  "std_curr": "USD",
  "orig_curr": [
    "$",
    "GRAND TERRACE"
  ],
  "std_total": "14.06",
  "orig_total": "14.06",
  "buyer_name": [],
  "seller_name": [
    "KAZ RAMEN"
  ],
  "seller_address": [
    "United States-Grand Terrace"
  ],
  "invoice_number": "T4G1",
  "tax_number": "",
  "detail": [
    {
      "content": "Tonkotsu",
      "amount": "9.50",
      "ifTax": false
    },
    {
      "content": "Tofu",
      "amount": "0.00",
      "ifTax": false
    },
    {
      "content": "Egg",
      "amount": "1.30",
      "ifTax": false
    },
    {
      "content": "Corn",
      "amount": "0.50",
      "ifTax": false
    },
    {
      "content": "Bamboo shoots",
      "amount": "1.00",
      "ifTax": false
    },
    {
      "content": "Naruto",
      "amount": "0.75",
      "ifTax": false
    },
    {
      "content": "Spicy",
      "amount": "0.00",
      "ifTax": false
    },
    {
      "content": "Tax",
      "amount": "1.01",
      "ifTax": true
    }
  ]
}