{
  "type": "other",
  "std_start_time": "2020-08-23",
  "orig_start_time": "23/08/20",
  "std_end_time": "",
  "orig_end_time": "",
  "std_invoice_time": "2020-08-23",
  "orig_invoice_time": "23/08/20 ",
  "place": "India- new Delhi",
  "departure": "",
  "arrival": "",
  "std_curr": "INR",
  "orig_curr": [
    "new Delhi"
  ],
  "std_total": "0.00",
  "orig_total": "4331.00",
  "seller_name": [
    "JAMUN RESTAURANT & BAR"
  ],
  "seller_address": [
    "India-Delhi"
  ],
  "invoice_number": "",
  "tax_number": "07AACPL9483C2ZM",
  "detail": [
    {
      "content": "MUTTON GHEE ROAST",
      "amount": "625.00",
      "ifTax": false
    },
    {
      "content": "TAMATAR KI CHAAT",
      "amount": "425.00",
      "ifTax": false
    },
    {
      "content": "AAM PANNA",
      "amount": "200.00",
      "ifTax": false
    },
    {
      "content": "JAMUN BUTER CHX",
      "amount": "795.00",
      "ifTax": false
    },
    {
      "content": "KER SANGRI KOFTE",
      "amount": "595.00",
      "ifTax": false
    },
    {
      "content": "LAL MAAS",
      "amount": "675.00",
      "ifTax": false
    },
    {
      "content": "MALABAR PARATHA",
      "amount": "290.00",
      "ifTax": false
    },
    {
      "content": "TANDOORI ROTI",
      "amount": "145.00",
      "ifTax": false
    },
    {
      "content": "SERVICE CHARGE 10%",
      "amount": "375.00",
      "ifTax": false
    },
    {
      "content": "SGST 2.5%",
      "amount": "103.13",
      "ifTax": true
    },
    {
      "content": "CGST 2.5%",
      "amount": "103.13",
      "ifTax": true
    }
  ]
}