{
  "type": "other",
  "std_start_time": "2021-10-08",
  "orig_start_time": "8 Oct'21 ",
  "std_end_time": "",
  "orig_end_time": "",
  "std_invoice_time": "2021-10-08",
  "orig_invoice_time": "8 Oct'21 ",
  "place": "United Kingdom-London",
  "departure": "",
  "arrival": "",
  "std_curr": "GBP",
  "orig_curr": [
    "£",
    "London"
  ],
  "std_total": "0.00",
  "orig_total": "37,023.10",
  "buyer_name": [],
  "seller_name": [
    "Nusr-et Steakhouse"
  ],
  "seller_address": [
    "United Kingdom-London"
  ],
  "invoice_number": "",
  "tax_number": "323585011",
  "detail": [
    {
      "content": "Golden Tomahawk",
      "amount": "850.00",
      "ifTax": true
    },
    {
      "content": "Herb Crusted Fries",
      "amount": "30.00",
      "ifTax": true
    },
    {
      "content": "Sauteed Mushroom",
      "amount": "12.00",
      "ifTax": true
    },
    {
      "content": "Sauteed Broccoli",
      "amount": "14.00",
      "ifTax": true
    },
    {
      "content": "Asparagus",
      "amount": "18.00",
      "ifTax": true
    },
    {
      "content": "Mashed Potato",
      "amount": "12.00",
      "ifTax": true
    },
    {
      "content": "Nusret Baklava",
      "amount": "400.00",
      "ifTax": true
    },
    {
      "content": "Golden Baklava",
      "amount": "200.00",
      "ifTax": true
    },
    {
      "content": "Red Bull",
      "amount": "11.00",
      "ifTax": true
    },
    {
      "content": "Eira Still",
      "amount": "18.00",
      "ifTax": true
    },
    {
      "content": "Eira Sparkling",
      "amount": "9.00",
      "ifTax": true
    },
    {
      "content": "Petrus 1996 Btl",
      "amount": "9,100.00",
      "ifTax": true
    },
    {
      "content": "Petrus 2003 Btl",
      "amount": "19,900.00",
      "ifTax": true
    },
    {
      "content": "Dom Pérignon Rosé 2006",
      "amount": "1,620.00",
      "ifTax": true
    },
    {
      "content": "15% Service Charge",
      "amount": "0.00",
      "ifTax": true
    }
  ]
}