{
  "type": "other",
  "std_start_time": "2017-07-15",
  "orig_start_time": "Jul 15'17",
  "std_end_time": "",
  "orig_end_time": "",
  "std_invoice_time": "2017-07-15",
  "orig_invoice_time": "Jul 15'17 ",
  "place": "United States-Chicago",
  "departure": "",
  "arrival": "",
  "std_curr": "USD",
  "orig_curr": [
    "Chicago"
  ],
  "std_total": "79.17",
  "orig_total": "79.17",
  "buyer_name": [],
  "seller_name": [
    "Rosebud on Rush"
  ],
  "seller_address": [
    "United States-Chicago"
  ],
  "invoice_number": "",
  "tax_number": "",
  "detail": [
    {
      "content": "Subtotal",
      "amount": "79.17",
      "ifTax": false
    }
  ]
}