{
  "type": "other",
  "std_start_time": "2024-12-30",
  "orig_start_time": "12/30/2024 ",
  "std_end_time": "",
  "orig_end_time": "",
  "std_invoice_time": "2024-12-30",
  "orig_invoice_time": "12/30/2024 ",
  "place": "Canada-Milton",
  "departure": "",
  "arrival": "",
  "std_curr": "CAD",
  "orig_curr": [
    "Milton"
  ],
  "std_total": "58.56",
  "orig_total": "58.56",
  "seller_name": [
    "Premium Hakka House"
  ],
  "seller_address": [
    "Canada-Milton"
  ],
  "invoice_number": "2101192145",
  "tax_number": "123456789",
  "detail": [
    {
      "content": "Veg Manchorn Soup(L)",
      "amount": "14.49",
      "ifTax": false
    },
    {
      "content": "Cauliflower 65",
      "amount": "15.29",
      "ifTax": false
    },
    {
      "content": "Veg Manchurian",
      "amount": "14.49",
      "ifTax": false
    },
    {
      "content": "Triple Szn Veg Fr",
      "amount": "14.29",
      "ifTax": false
    }
  ]
}