{
  "type": "other",
  "std_start_time": "2014-09-25",
  "orig_start_time": "20140925",
  "std_end_time": "",
  "orig_end_time": "",
  "std_invoice_time": "2014-09-25",
  "orig_invoice_time": "20140925",
  "place": "Czech Republic",
  "departure": "",
  "arrival": "",
  "std_curr": "CZK",
  "orig_curr": [],
  "std_total": "0.00",
  "orig_total": "6690.00",
  "buyer_name": [],
  "seller_name": [
    "RESTAURANT - CAFÉ SVATÉHO VÁCLAVA"
  ],
  "seller_address": [
    "Czech Republic"
  ],
  "invoice_number": "",
  "tax_number": "",
  "detail": [
    {
      "content": "absolut blue 4cl",
      "amount": "95.00",
      "ifTax": false
    },
    {
      "content": "gin beefeater 4 cl",
      "amount": "95.00",
      "ifTax": false
    },
    {
      "content": "Jameson 4 cl",
      "amount": "240.00",
      "ifTax": false
    },
    {
      "content": "pepsi 0,25 1",
      "amount": "140.00",
      "ifTax": false
    },
    {
      "content": "seven up 0,25 1",
      "amount": "70.00",
      "ifTax": false
    },
    {
      "content": "everess tonic 0,25 1",
      "amount": "70.00",
      "ifTax": false
    },
    {
      "content": "pilsner urquell 0,5l",
      "amount": "270.00",
      "ifTax": false
    },
    {
      "content": "pina colada",
      "amount": "340.00",
      "ifTax": false
    },
    {
      "content": "potato soup in bread bowl",
      "amount": "600.00",
      "ifTax": false
    },
    {
      "content": "chicken broth",
      "amount": "90.00",
      "ifTax": false
    },
    {
      "content": "goulash soup",
      "amount": "90.00",
      "ifTax": false
    },
    {
      "content": "Lettuce salad with egg",
      "amount": "190.00",
      "ifTax": false
    },
    {
      "content": "pork neck",
      "amount": "350.00",
      "ifTax": false
    },
    {
      "content": "bicoloured meat skewer",
      "amount": "980.00",
      "ifTax": false
    },
    {
      "content": "mix grill",
      "amount": "590.00",
      "ifTax": false
    },
    {
      "content": "beef ribs roasted with be",
      "amount": "780.00",
      "ifTax": false
    },
    {
      "content": "czech variety platter",
      "amount": "490.00",
      "ifTax": false
    },
    {
      "content": "chips",
      "amount": "70.00",
      "ifTax": false
    },
    {
      "content": "potato wedges",
      "amount": "70.00",
      "ifTax": false
    },
    {
      "content": "bacon dumpling",
      "amount": "140.00",
      "ifTax": false
    },
    {
      "content": "blue lagoon",
      "amount": "150.00",
      "ifTax": false
    },
    {
      "content": "long island iced tea",
      "amount": "420.00",
      "ifTax": false
    },
    {
      "content": "lynchburg lemonade",
      "amount": "170.00",
      "ifTax": false
    },
    {
      "content": "fidel castro",
      "amount": "160.00",
      "ifTax": false
    },
    {
      "content": "garlic dressing",
      "amount": "30.00",
      "ifTax": false
    },
    {
      "content": "house drink-included in m",
      "amount": "0.00",
      "ifTax": false
    }
  ]
}