{
  "type": "other",
  "std_start_time": "2018-09-21",
  "orig_start_time": "21/09/18",
  "std_end_time": "",
  "orig_end_time": "",
  "std_invoice_time": "2018-09-21",
  "orig_invoice_time": "21/09/18",
  "place": "Malaysia-Seri Kembangan",
  "departure": "",
  "arrival": "",
  "std_curr": "MYR",
  "orig_curr": [
    "Selangor",
    "Seri Kembangan"
  ],
  "std_total": "33.70",
  "orig_total": "33.70",
  "buyer_name": [],
  "seller_name": [
    "KImosasa Vegetarian Cuisine"
  ],
  "seller_address": [
    "Malaysia-Seri Kembangan"
  ],
  "invoice_number": "001-1010021",
  "tax_number": "",
  "detail": [
    {
      "content": "Sexy Rice promo",
      "amount": "9.90",
      "ifTax": false
    },
    {
      "content": "Laura Fun promo",
      "amount": "9.90",
      "ifTax": false
    },
    {
      "content": "Watermelon Juice *",
      "amount": "0.00",
      "ifTax": false
    },
    {
      "content": "Seafood Noodle",
      "amount": "10.90",
      "ifTax": false
    },
    {
      "content": "Upgrade drink",
      "amount": "3.00",
      "ifTax": false
    }
  ]
}