{
  "type": "other",
  "std_start_time": "",
  "orig_start_time": "",
  "std_end_time": "",
  "orig_end_time": "",
  "std_invoice_time": "",
  "orig_invoice_time": "",
  "place": "United States-Waipahu",
  "departure": "",
  "arrival": "",
  "std_curr": "USD",
  "orig_curr": [
    "$",
    "Waipahu"
  ],
  "std_total": "10.25",
  "orig_total": "10.25",
  "buyer_name": [],
  "seller_name": [
    "Golden Coin"
  ],
  "seller_address": [
    "United States-Hawaii"
  ],
  "invoice_number": "6879",
  "tax_number": "",
  "detail": [
    {
      "content": "1 Plt Lunch 2 Choices",
      "amount": "9.79",
      "ifTax": false
    },
    {
      "content": "Tax 1",
      "amount": "0.46",
      "ifTax": true
    }
  ]
}