{
  "type": "other",
  "std_start_time": "",
  "orig_start_time": "",
  "std_end_time": "",
  "orig_end_time": "",
  "std_invoice_time": "",
  "orig_invoice_time": "",
  "place": "United States-San Fernando",
  "departure": "",
  "arrival": "",
  "std_curr": "USD",
  "orig_curr": [
    "$",
    "San Fernando"
  ],
  "std_total": "24.47",
  "orig_total": "24.47",
  "buyer_name": [],
  "seller_name": [
    "Dona Mercedes Restaurant"
  ],
  "seller_address": [
    "United States-San Fernando"
  ],
  "invoice_number": "",
  "tax_number": "",
  "detail": [
    {
      "content": "1 CHicharon",
      "amount": "2.25",
      "ifTax": false
    },
    {
      "content": "3 Pupusa Queso",
      "amount": "6.75",
      "ifTax": false
    },
    {
      "content": "1 Platanos Orden",
      "amount": "7.75",
      "ifTax": false
    },
    {
      "content": "1 Diet coke",
      "amount": "1.50",
      "ifTax": false
    },
    {
      "content": "2 Quesadilla salvadorena",
      "amount": "4.00",
      "ifTax": false
    },
    {
      "content": "TAX",
      "amount": "2.22",
      "ifTax": true
    }
  ]
}