{
  "type": "other",
  "std_start_time": "2025-02-18",
  "orig_start_time": "18 FEBRUARY 2025",
  "std_end_time": "",
  "orig_end_time": "",
  "std_invoice_time": "2025-02-18",
  "orig_invoice_time": "18 FEBRUARY 2025",
  "place": "United Kingdom-Plymouth",
  "departure": "",
  "arrival": "",
  "std_curr": "GBP",
  "orig_curr": [
    "£",
    "Plymouth"
  ],
  "std_total": "70.25",
  "orig_total": "70.25",
  "buyer_name": [
    "Corey"
  ],
  "seller_name": [
    "Ocean View Bar & Dining"
  ],
  "seller_address": [
    "United Kingdom-Plymouth"
  ],
  "invoice_number": "144633",
  "tax_number": "343 2543 21",
  "detail": [
    {
      "content": "Seafood Sharer Board",
      "amount": "39.95",
      "ifTax": false
    },
    {
      "content": "175ml 8 Perigord Sauv B1",
      "amount": "6.30",
      "ifTax": false
    },
    {
      "content": "Seared Scallops (6)",
      "amount": "24.00",
      "ifTax": false
    }
  ]
}