{
  "type": "other",
  "std_start_time": "2025-06-17",
  "orig_start_time": "June 17, 2025 ",
  "std_end_time": "",
  "orig_end_time": "",
  "std_invoice_time": "2025-06-17",
  "orig_invoice_time": "June 17, 2025 ",
  "place": "Canada-Vancouver",
  "departure": "",
  "arrival": "",
  "std_curr": "CAD",
  "orig_curr": [
    "Vancouver"
  ],
  "std_total": "102.90",
  "orig_total": "102.90",
  "buyer_name": [],
  "seller_name": [
    "Sainam"
  ],
  "seller_address": [
    "Canada-Vancouver"
  ],
  "invoice_number": "334",
  "tax_number": "",
  "detail": [
    {
      "content": "Yuzu Elder Margarita",
      "amount": "15.00",
      "ifTax": false
    },
    {
      "content": "Summer Spritz",
      "amount": "15.00",
      "ifTax": false
    },
    {
      "content": "Lao Som Tum",
      "amount": "16.00",
      "ifTax": false
    },
    {
      "content": "Wichian Buri Chicken",
      "amount": "29.00",
      "ifTax": false
    },
    {
      "content": "Koi Nua",
      "amount": "21.00",
      "ifTax": false
    },
    {
      "content": "GST 5%",
      "amount": "4.80",
      "ifTax": true
    },
    {
      "content": "PST 7%",
      "amount": "2.10",
      "ifTax": true
    },
    {
      "content": "PST 10%",
      "amount": "0.00",
      "ifTax": true
    }
  ]
}