{
  "type": "other",
  "std_start_time": "2018-12-31",
  "orig_start_time": "12/31/2018 ",
  "std_end_time": "",
  "orig_end_time": "",
  "std_invoice_time": "2018-12-31",
  "orig_invoice_time": "12/31/2018 ",
  "place": "",
  "departure": "",
  "arrival": "",
  "std_curr": "USD",
  "orig_curr": [
    "$"
  ],
  "std_total": "58.30",
  "orig_total": "58.30",
  "buyer_name": [
    "CHARES"
  ],
  "seller_name": [
    "TO GO"
  ],
  "seller_address": [],
  "invoice_number": "",
  "tax_number": "",
  "detail": [
    {
      "content": "TIKKA MASALA CHICKEN (MURGH)",
      "amount": "20.00",
      "ifTax": false
    },
    {
      "content": "PALAK (SPINACH) PANEER (CHEESE)",
      "amount": "18.00",
      "ifTax": false
    },
    {
      "content": "VEGAN BENGAN BHARTA*",
      "amount": "17.00",
      "ifTax": false
    },
    {
      "content": "Tax",
      "amount": "3.30",
      "ifTax": true
    }
  ]
}