{
  "type": "other",
  "std_start_time": "2018-01-23",
  "orig_start_time": "1/23/18",
  "std_end_time": "",
  "orig_end_time": "",
  "std_invoice_time": "2018-01-23",
  "orig_invoice_time": "1/23/18",
  "place": "United States-Costa Mesa",
  "departure": "",
  "arrival": "",
  "std_curr": "USD",
  "orig_curr": [
    "$",
    "Costa Mesa"
  ],
  "std_total": "45.79",
  "orig_total": "45.79",
  "buyer_name": [],
  "seller_name": [
    "Taco Maria"
  ],
  "seller_address": [
    "United States-Costa Mesa"
  ],
  "invoice_number": "118888",
  "tax_number": "",
  "detail": [
    {
      "content": "Chicken",
      "amount": "15.00",
      "ifTax": false
    },
    {
      "content": "Pescado",
      "amount": "18.00",
      "ifTax": false
    },
    {
      "content": "Arrachera solo",
      "amount": "9.50",
      "ifTax": false
    },
    {
      "content": "Total Tax",
      "amount": "3.29",
      "ifTax": true
    }
  ]
}