{
  "type": "other",
  "std_start_time": "2018-03-10",
  "orig_start_time": "03/10/2018",
  "std_end_time": "",
  "orig_end_time": "",
  "std_invoice_time": "2018-03-10",
  "orig_invoice_time": "03/10/2018",
  "place": "Canada-Edmonton",
  "departure": "",
  "arrival": "",
  "std_curr": "CAD",
  "orig_curr": [
    "Edmonton"
  ],
  "std_total": "26.15",
  "orig_total": "26.15",
  "buyer_name": [],
  "seller_name": [
    "McDonald's"
  ],
  "seller_address": [
    "Canada-Edmonton"
  ],
  "invoice_number": "04kdfwg532",
  "tax_number": "120907092",
  "detail": [
    {
      "content": "Delivery",
      "amount": "0.00",
      "ifTax": false
    },
    {
      "content": "10 McNuggets EVM",
      "amount": "10.29",
      "ifTax": false
    },
    {
      "content": "L Coke",
      "amount": "0.40",
      "ifTax": false
    },
    {
      "content": "HM GrChs S-Fry Yog",
      "amount": "3.99",
      "ifTax": false
    },
    {
      "content": "6 Cookies",
      "amount": "2.89",
      "ifTax": false
    },
    {
      "content": "Baked Apple Pie",
      "amount": "1.19",
      "ifTax": false
    },
    {
      "content": "L French Fries",
      "amount": "3.29",
      "ifTax": false
    },
    {
      "content": "L Iced Tea",
      "amount": "2.99",
      "ifTax": false
    },
    {
      "content": "GST",
      "amount": "1.11",
      "ifTax": true
    }
  ]
}