{
  "type": "other",
  "std_start_time": "2022-01-12",
  "orig_start_time": "12-01-2022",
  "std_end_time": "",
  "orig_end_time": "",
  "std_invoice_time": "2022-12-01",
  "orig_invoice_time": "12-01-2022",
  "place": "Malaysia-Subang Jaya",
  "departure": "",
  "arrival": "",
  "std_curr": "MYR",
  "orig_curr": [
    "Subang Jaya"
  ],
  "std_total": "15.65",
  "orig_total": "15.65",
  "buyer_name": [],
  "seller_name": [
    "LAPAN GOURMET"
  ],
  "seller_address": [
    "Malaysia-Subang Jaya"
  ],
  "invoice_number": "207289",
  "tax_number": "000822730752",
  "detail": [
    {
      "content": "Nasi Lemak Mak Elisa",
      "amount": "18.90",
      "ifTax": false
    },
    {
      "content": "**<OPEN AMT DISC>",
      "amount": "-4.00",
      "ifTax": false
    },
    {
      "content": "Serv. Charge (5%)",
      "amount": "0.75",
      "ifTax": false
    }
  ]
}