{
  "type": "other",
  "std_start_time": "2014-12-25",
  "orig_start_time": "25/12/2014 ",
  "std_end_time": "",
  "orig_end_time": "",
  "std_invoice_time": "2014-12-25",
  "orig_invoice_time": "25/12/2014 ",
  "place": "India  - New Delhi",
  "departure": "",
  "arrival": "",
  "std_curr": "INR",
  "orig_curr": [
    "New Delhi"
  ],
  "std_total": "0.00",
  "orig_total": "6,630.00",
  "buyer_name": [],
  "seller_name": [
    "LE BISTRO DU PARC French Bistronomie Pvt. Ltd."
  ],
  "seller_address": [
    " India - New Delhi"
  ],
  "invoice_number": "",
  "tax_number": "",
  "detail": [
    {
      "content": "BRUNCH GOURMAND",
      "amount": "0.00",
      "ifTax": false
    },
    {
      "content": "BRUNCH ALCOHOL",
      "amount": "500.00",
      "ifTax": false
    },
    {
      "content": "DUCK BRUNCH",
      "amount": "200.00",
      "ifTax": false
    },
    {
      "content": "STEAK SUPPLEMENT",
      "amount": "400.00",
      "ifTax": false
    },
    {
      "content": "SERVICE CHARGES 10%",
      "amount": "510.00",
      "ifTax": false
    },
    {
      "content": "SERVICE TAX @ 4.944",
      "amount": "277.56",
      "ifTax": true
    },
    {
      "content": "VAT @ 12.5%",
      "amount": "632.50",
      "ifTax": true
    },
    {
      "content": "VAT @ 20% ON LIG.",
      "amount": "110.00",
      "ifTax": true
    }
  ]
}