{
  "type": "other",
  "std_start_time": "2018-09-06",
  "orig_start_time": "9/6/2018",
  "std_end_time": "",
  "orig_end_time": "",
  "std_invoice_time": "2018-09-06",
  "orig_invoice_time": "9/6/2018",
  "place": "USA-Baldwin Park",
  "departure": "",
  "arrival": "",
  "std_curr": "USD",
  "orig_curr": [
    "$",
    "Baldwin Park"
  ],
  "std_total": "73.24",
  "orig_total": "73.24",
  "buyer_name": [],
  "seller_name": [
    "Via Mar Restaurant"
  ],
  "seller_address": [
    "USA-Baldwin Park"
  ],
  "invoice_number": "320502",
  "tax_number": "",
  "detail": [
    {
      "content": "6 TAP BEER 10-HH Modelo Tap.",
      "amount": "9.54",
      "ifTax": false
    },
    {
      "content": "2 Manzanita Sol",
      "amount": "5.50",
      "ifTax": false
    },
    {
      "content": "1 Tamarindo",
      "amount": "2.75",
      "ifTax": false
    },
    {
      "content": "1 Sprite",
      "amount": "2.75",
      "ifTax": false
    },
    {
      "content": "1 Thur. 2 Cock Shrimp",
      "amount": "11.95",
      "ifTax": false
    },
    {
      "content": "2 Whole Fish Tilapia Whl Fried",
      "amount": "21.90",
      "ifTax": false
    },
    {
      "content": "1 2 tcs Governador > plan ,fries",
      "amount": "7.75",
      "ifTax": false
    },
    {
      "content": "1 French Fries",
      "amount": "2.50",
      "ifTax": false
    },
    {
      "content": "1 Taco DE Asada > plain,papas",
      "amount": "2.25",
      "ifTax": false
    },
    {
      "content": "Tax 1:",
      "amount": "6.35",
      "ifTax": true
    },
    {
      "content": "Tax 2:",
      "amount": "0.00",
      "ifTax": false
    }
  ]
}