{
  "type": "other",
  "std_start_time": "2022-11-04",
  "orig_start_time": "11/4/2022",
  "std_end_time": "",
  "orig_end_time": "",
  "std_invoice_time": "2022-11-04",
  "orig_invoice_time": "11/4/2022",
  "place": "",
  "departure": "",
  "arrival": "",
  "std_curr": "USD",
  "orig_curr": [],
  "std_total": "40.09",
  "orig_total": "40.09",
  "buyer_name": [],
  "seller_name": [
    "AY CARAMBA MEXICAN RESTAURANT"
  ],
  "seller_address": [],
  "invoice_number": "",
  "tax_number": "",
  "detail": [
    {
      "content": "2 VERDE BRITO",
      "amount": "27.98",
      "ifTax": false
    },
    {
      "content": "1 SIDE RICE/BNS",
      "amount": "4.75",
      "ifTax": false
    },
    {
      "content": "1 ODOULS",
      "amount": "4.25",
      "ifTax": false
    },
    {
      "content": "TAX",
      "amount": "3.11",
      "ifTax": true
    }
  ]
}