{
  "type": "other",
  "std_start_time": "2011-08-23",
  "orig_start_time": "23/08/11",
  "std_end_time": "",
  "orig_end_time": "",
  "std_invoice_time": "2011-08-23",
  "orig_invoice_time": "23/08/11",
  "place": "United Kingdom-London",
  "departure": "",
  "arrival": "",
  "std_curr": "GBP",
  "orig_curr": [
    "£",
    "London"
  ],
  "std_total": "47.30",
  "orig_total": "47.30",
  "buyer_name": [],
  "seller_name": [
    "Manchurian Legends"
  ],
  "seller_address": [
    "United Kingdom-London"
  ],
  "invoice_number": "",
  "tax_number": "",
  "detail": [
    {
      "content": "SHRD KELP",
      "amount": "4.50",
      "ifTax": false
    },
    {
      "content": "CUCUMBER PORK",
      "amount": "4.50",
      "ifTax": false
    },
    {
      "content": "PORK VEG DUMPLIN",
      "amount": "5.00",
      "ifTax": false
    },
    {
      "content": "PORK GLASS NOODL",
      "amount": "8.50",
      "ifTax": false
    },
    {
      "content": "STEAMED RICE",
      "amount": "4.00",
      "ifTax": false
    },
    {
      "content": "EEK BT",
      "amount": "16.50",
      "ifTax": false
    },
    {
      "content": "SC",
      "amount": "4.30",
      "ifTax": false
    }
  ]
}