{
  "type": "other",
  "std_start_time": "2024-07-22",
  "orig_start_time": "22/07/2024",
  "std_end_time": "",
  "orig_end_time": "",
  "std_invoice_time": "2024-07-22",
  "orig_invoice_time": "22/07/2024",
  "place": "United Kingdom-London",
  "departure": "",
  "arrival": "",
  "std_curr": "GBP",
  "orig_curr": [
    "£",
    "London"
  ],
  "std_total": "34.54",
  "orig_total": "34.54",
  "buyer_name": [],
  "seller_name": [
    "Barrafina Adelaide"
  ],
  "seller_address": [
    "United Kingdom-London"
  ],
  "invoice_number": "",
  "tax_number": "884636283",
  "detail": [
    {
      "content": "Special Croquetas x2",
      "amount": "8.50",
      "ifTax": true
    },
    {
      "content": "Stuffed Courgette Flower",
      "amount": "14.00",
      "ifTax": true
    },
    {
      "content": "Txakoli Bidaia 125ml",
      "amount": "8.20",
      "ifTax": true
    },
    {
      "content": "Service Charge @ 12.5%",
      "amount": "3.84",
      "ifTax": false
    }
  ]
}