{
  "type": "other",
  "std_start_time": "2019-04-10",
  "orig_start_time": "April 10, 2019",
  "std_end_time": "",
  "orig_end_time": "",
  "std_invoice_time": "2019-04-10",
  "orig_invoice_time": "April 10, 2019",
  "place": "USA-Snohomish",
  "departure": "",
  "arrival": "",
  "std_curr": "USD",
  "orig_curr": [
    "$",
    "Snohomish"
  ],
  "std_total": "13.53",
  "orig_total": "13.53",
  "buyer_name": [],
  "seller_name": [
    "Collector's Choice Restaurant"
  ],
  "seller_address": [
    "USA-Snohomish"
  ],
  "invoice_number": "1904100085",
  "tax_number": "",
  "detail": [
    {
      "content": "1 Twisted Rueben",
      "amount": "11.69",
      "ifTax": false
    },
    {
      "content": "Service Fee (-6%) ",
      "amount": "0.70",
      "ifTax": false
    },
    {
      "content": "Sales Tax (9.2%)",
      "amount": "1.14",
      "ifTax": true
    }
  ]
}