{
  "type": "other",
  "std_start_time": "2018-05-06",
  "orig_start_time": "6 MAY'18",
  "std_end_time": "",
  "orig_end_time": "",
  "std_invoice_time": "2018-05-06",
  "orig_invoice_time": "6 MAY'18",
  "place": "United Kingdom-Manchester",
  "departure": "",
  "arrival": "",
  "std_curr": "GBP",
  "orig_curr": [
    "£",
    "Manchester"
  ],
  "std_total": "20.79",
  "orig_total": "20.79",
  "buyer_name": [],
  "seller_name": [
    "HMSHost Manchester"
  ],
  "seller_address": [
    "United Kingdom-Manchester"
  ],
  "invoice_number": "",
  "tax_number": "",
  "detail": [
    {
      "content": "2 Latte S",
      "amount": "5.90",
      "ifTax": false
    },
    {
      "content": "1 Bfast English",
      "amount": "8.99",
      "ifTax": false
    },
    {
      "content": "1 Toast Jan",
      "amount": "3.05",
      "ifTax": false
    },
    {
      "content": "3 Xtra Egg",
      "amount": "2.85",
      "ifTax": false
    }
  ]
}