{
  "type": "other",
  "std_start_time": "2018-01-30",
  "orig_start_time": " JANUARY 30,2018",
  "std_end_time": "",
  "orig_end_time": "",
  "std_invoice_time": "2018-01-30",
  "orig_invoice_time": " JANUARY 30,2018",
  "place": "United States-Beverly Hills",
  "departure": "",
  "arrival": "",
  "std_curr": "USD",
  "orig_curr": [
    "$",
    "Beverly Hills"
  ],
  "std_total": "146.73",
  "orig_total": "146.73",
  "buyer_name": [],
  "seller_name": [
    "E. BALDI"
  ],
  "seller_address": [
    "United States-Beverly Hills"
  ],
  "invoice_number": "",
  "tax_number": "",
  "detail": [
    {
      "content": "ICED TEA",
      "amount": "4.50",
      "ifTax": false
    },
    {
      "content": "ROMBO CARCIOFI FUNGH",
      "amount": "48.00",
      "ifTax": false
    },
    {
      "content": "SPARKLING WATER LARG",
      "amount": "8.50",
      "ifTax": false
    },
    {
      "content": "BRANZINO GRIGLIATO",
      "amount": "40.00",
      "ifTax": false
    },
    {
      "content": "CARPACCIO RED SNAPPE",
      "amount": "33.00",
      "ifTax": false
    },
    {
      "content": "TAX",
      "amount": "12.73",
      "ifTax": true
    }
  ]
}