{
  "type": "other",
  "std_start_time": "2025-05-19",
  "orig_start_time": "19/05/2025",
  "std_end_time": "",
  "orig_end_time": "",
  "std_invoice_time": "2025-05-19",
  "orig_invoice_time": "19/05/2025",
  "place": "United Kingdom-London",
  "departure": "",
  "arrival": "",
  "std_curr": "GBP",
  "orig_curr": [
    "£",
    "London"
  ],
  "std_total": "77.90",
  "orig_total": " 77.90",
  "buyer_name": [],
  "seller_name": [
    "RAMBUTAN"
  ],
  "seller_address": [
    "United Kingdom-London"
  ],
  "invoice_number": "",
  "tax_number": "328962467",
  "detail": [
    {
      "content": "Gundu Dosa",
      "amount": "6.50",
      "ifTax": false
    },
    {
      "content": "Marrow Rolls",
      "amount": "12.00",
      "ifTax": false
    },
    {
      "content": "Black Pork Curry",
      "amount": "16.50",
      "ifTax": false
    },
    {
      "content": "Mutton Kottu Roti",
      "amount": "18.50",
      "ifTax": false
    },
    {
      "content": "Rice",
      "amount": "3.75",
      "ifTax": false
    },
    {
      "content": "Pongal Ice Cream",
      "amount": "6.00",
      "ifTax": false
    },
    {
      "content": "Lemongrass Ice Cream",
      "amount": "6.00",
      "ifTax": false
    },
    {
      "content": "Service charge 12.5%",
      "amount": "8.65",
      "ifTax": true
    }
  ]
}