{
  "type": "other",
  "std_start_time": "2016-11-13",
  "orig_start_time": "13/11/16",
  "std_end_time": "",
  "orig_end_time": "",
  "std_invoice_time": "2016-11-13",
  "orig_invoice_time": "13/11/16",
  "place": "United Kingdom",
  "departure": "",
  "arrival": "",
  "std_curr": "GBP",
  "orig_curr": [
    "UK"
  ],
  "std_total": "44.39",
  "orig_total": "44.39",
  "buyer_name": [],
  "seller_name": [
    "The Punjab Restaurant"
  ],
  "seller_address": [
    "United Kingdom"
  ],
  "invoice_number": "",
  "tax_number": " 233733377",
  "detail": [
    {
      "content": "1 COBRA PREM",
      "amount": "5.15",
      "ifTax": false
    },
    {
      "content": "2 COKE",
      "amount": "5.30",
      "ifTax": false
    },
    {
      "content": "2 PAPADIUM PLAIN",
      "amount": "1.70",
      "ifTax": false
    },
    {
      "content": "1 BUTTER CHICKEN",
      "amount": "10.75",
      "ifTax": false
    },
    {
      "content": "CHICKEN TIKKA MASALA",
      "amount": "10.50",
      "ifTax": false
    },
    {
      "content": "PILAU RICE",
      "amount": "3.30",
      "ifTax": false
    },
    {
      "content": "BULLET NAAN",
      "amount": "3.65",
      "ifTax": false
    },
    {
      "content": "Optional Service 10%",
      "amount": "4.04",
      "ifTax": true
    }
  ]
}