{
  "type": "other",
  "std_start_time": "2018-05-10",
  "orig_start_time": "10/05/2018 ",
  "std_end_time": "",
  "orig_end_time": "",
  "std_invoice_time": "2018-10-05",
  "orig_invoice_time": "10/05/2018 ",
  "place": "Malaysia-Shah Alam",
  "departure": "",
  "arrival": "",
  "std_curr": "MYR",
  "orig_curr": [
    "SHAH ALAM"
  ],
  "std_total": "18.50",
  "orig_total": "18.50",
  "buyer_name": [],
  "seller_name": [
    "PECEL LELE (AYAM PENYET)\nSYASYA SYAURAH ENTERPRISE"
  ],
  "seller_address": [
    "Malaysia- Shah Alam"
  ],
  "invoice_number": "",
  "tax_number": "001368756224",
  "detail": [
    {
      "content": "AYAM BAKAR CARAMEL",
      "amount": "6.00",
      "ifTax": true
    },
    {
      "content": "M.A - Mee Ayam",
      "amount": "4.50",
      "ifTax": true
    },
    {
      "content": "Pecal Daging Potong Koscnq",
      "amount": "5.00",
      "ifTax": true
    },
    {
      "content": "M - Mangga",
      "amount": "3.00",
      "ifTax": true
    }
  ]
}