{
  "type": "other",
  "std_start_time": "2019-04-01",
  "orig_start_time": "Apr 01, 2019",
  "std_end_time": "",
  "orig_end_time": "",
  "std_invoice_time": "2019-04-01",
  "orig_invoice_time": "Apr 01, 2019",
  "place": "United States-Rosemead",
  "departure": "",
  "arrival": "",
  "std_curr": "USD",
  "orig_curr": [
    "$",
    "Rosemead"
  ],
  "std_total": "33.26",
  "orig_total": "33.26",
  "seller_name": [
    "HP Pho Ga"
  ],
  "seller_address": [
    "United States-Rosemead"
  ],
  "invoice_number": "59980",
  "tax_number": "",
  "detail": [
    {
      "content": "Pho Ga (Small)",
      "amount": "8.00",
      "ifTax": false
    },
    {
      "content": "Pho Ga (Large)",
      "amount": "9.00",
      "ifTax": false
    },
    {
      "content": "Goi Cuon",
      "amount": "5.25",
      "ifTax": false
    },
    {
      "content": "TAX",
      "amount": "2.11",
      "ifTax": true
    },
    {
      "content": "S. Service Charge 40%",
      "amount": "8.90",
      "ifTax": false
    }
  ]
}