{
  "type": "other",
  "std_start_time": "2024-11-11",
  "orig_start_time": "11/11/24 ",
  "std_end_time": "",
  "orig_end_time": "",
  "std_invoice_time": "2024-11-11",
  "orig_invoice_time": "11/11/24",
  "place": "Singapore-Singapore city",
  "departure": "",
  "arrival": "",
  "std_curr": "SGD",
  "orig_curr": [
    "$",
    "Singapore"
  ],
  "std_total": "22.51",
  "orig_total": "22.51",
  "seller_name": [
    "KOMALA'S@LITTLE INDIA "
  ],
  "seller_address": [
    "Singapore-Singapore city"
  ],
  "invoice_number": "#001241111002",
  "tax_number": "200107474G",
  "detail": [
    {
      "content": "V5. Masala Dosai, Idly & Vadai Set",
      "amount": "7.77",
      "ifTax": false
    },
    {
      "content": "V10. Onion Rawa Masala & Vadai Set",
      "amount": "8.16",
      "ifTax": false
    },
    {
      "content": "Coffee [No sugar]",
      "amount": "1.91",
      "ifTax": false
    },
    {
      "content": "Black Coffee",
      "amount": "1.83",
      "ifTax": false
    },
    {
      "content": "5% SERVICE CHARGE",
      "amount": "0.98",
      "ifTax": false
    },
    {
      "content": "9.0% GST",
      "amount": "1.86",
      "ifTax": true
    }
  ]
}