{
  "type": "other",
  "std_start_time": "2022-04-19",
  "orig_start_time": "19/04/22 ",
  "std_end_time": "",
  "orig_end_time": "",
  "std_invoice_time": "2022-04-19",
  "orig_invoice_time": "19/04/22",
  "place": "India-Gurugram",
  "departure": "",
  "arrival": "",
  "std_curr": "INR",
  "orig_curr": [
    "₹,Gurugram"
  ],
  "std_total": "0.00",
  "orig_total": "2218.00",
  "seller_name": [
    "Ambience Mall"
  ],
  "seller_address": [
    "India-Gurugram"
  ],
  "invoice_number": "2199",
  "tax_number": "06AAACC0305M1Z3",
  "detail": [
    {
      "content": "Salmon Inside Out Roll",
      "amount": "795.00",
      "ifTax": false
    },
    {
      "content": "Poke Bowl Salmon",
      "amount": "675.00",
      "ifTax": false
    },
    {
      "content": "Jiggly Pancake Nutella",
      "amount": "450.00",
      "ifTax": false
    },
    {
      "content": "Service Charge",
      "amount": "192.00",
      "ifTax": false
    },
    {
      "content": "SGST 2.5%",
      "amount": "52.80",
      "ifTax": true
    },
    {
      "content": "CGST 2.5%",
      "amount": "52.80",
      "ifTax": true
    },
    {
      "content": "Round off",
      "amount": "0.40",
      "ifTax": false
    }
  ]
}