{
  "type": "other",
  "std_start_time": "2025-03-29",
  "orig_start_time": "29/03/25 ",
  "std_end_time": "",
  "orig_end_time": "",
  "std_invoice_time": "2025-03-29",
  "orig_invoice_time": "29/03/25",
  "place": "India-Cochin",
  "departure": "",
  "arrival": "",
  "std_curr": "INR",
  "orig_curr": [
    "₹",
    "Cochin"
  ],
  "std_total": "700.00",
  "orig_total": "700.0",
  "buyer_name": [],
  "seller_name": [
    "Gokul ootupura, K T Koshy Avenu"
  ],
  "seller_address": [],
  "invoice_number": "KTK/225125/23-24",
  "tax_number": "32AANFG0158Q1Z2",
  "detail": [
    {
      "content": "Garlic Naan",
      "amount": "133.40",
      "ifTax": false
    },
    {
      "content": "Pineapple Juice",
      "amount": "119.10",
      "ifTax": false
    },
    {
      "content": "Fresh Lime Juice",
      "amount": "33.30",
      "ifTax": false
    },
    {
      "content": "Jeera Rice",
      "amount": "95.20",
      "ifTax": false
    },
    {
      "content": "Kadal Mushroom",
      "amount": "185.70",
      "ifTax": false
    },
    {
      "content": "Dal Thadka",
      "amount": "100.00",
      "ifTax": false
    },
    {
      "content": "CGST",
      "amount": "16.70",
      "ifTax": true
    },
    {
      "content": "SGST",
      "amount": "16.70",
      "ifTax": true
    },
    {
      "content": "Round off",
      "amount": "-0.10",
      "ifTax": false
    }
  ]
}