{
  "type": "other",
  "std_start_time": "2015-08-02",
  "orig_start_time": "02AUG'15",
  "std_end_time": "",
  "orig_end_time": "",
  "std_invoice_time": "2015-08-02",
  "orig_invoice_time": "02AUG'15",
  "place": "India-New Delhi",
  "departure": "",
  "arrival": "",
  "std_curr": "INR",
  "orig_curr": [
    "Rs,New Delhi"
  ],
  "std_total": "9,312.19",
  "orig_total": "9312.19",
  "buyer_name": [
    "J026 Kesar S Mehta"
  ],
  "seller_name": [
    "ITC Maurya"
  ],
  "seller_address": [
    "India-New Delhi"
  ],
  "invoice_number": "",
  "tax_number": "AAACI 5950LST004",
  "detail": [
    {
      "content": "DUMPUKHT KAKORI",
      "amount": "1,595.00",
      "ifTax": false
    },
    {
      "content": "HABIBIA CHOPS",
      "amount": "1,595.00",
      "ifTax": false
    },
    {
      "content": "JAL JEERA",
      "amount": "250.00",
      "ifTax": false
    },
    {
      "content": "KOH-E-AMADH",
      "amount": "1,795.00",
      "ifTax": false
    },
    {
      "content": "KHAMIRI ROTI",
      "amount": "200.00",
      "ifTax": false
    },
    {
      "content": "SALTED LASSI",
      "amount": "250.00",
      "ifTax": false
    },
    {
      "content": "DUMPUKHT BIRYANI",
      "amount": "1,750.00",
      "ifTax": false
    },
    {
      "content": "GULAB KI KHEER",
      "amount": "450.00",
      "ifTax": false
    },
    {
      "content": "Vat 12.5%",
      "amount": "985.63",
      "ifTax": true
    },
    {
      "content": "Service Tax 5.6%",
      "amount": "441.56",
      "ifTax": true
    }
  ]
}