{
  "type": "other",
  "std_start_time": "",
  "orig_start_time": "",
  "std_end_time": "",
  "orig_end_time": "",
  "std_invoice_time": "",
  "orig_invoice_time": "",
  "place": "United States- Castle Rock",
  "departure": "",
  "arrival": "",
  "std_curr": "USD",
  "orig_curr": [
    "$",
    "Castle Rock"
  ],
  "std_total": "47.70",
  "orig_total": "47.70",
  "buyer_name": [],
  "seller_name": [
    "El Meson Mexican Restaurant"
  ],
  "seller_address": [
    "United States- Castle Rock"
  ],
  "invoice_number": " 18533",
  "tax_number": "",
  "detail": [
    {
      "content": "SOPA DE TORTILA BOWL",
      "amount": "5.50",
      "ifTax": false
    },
    {
      "content": "TACO SALAD CHKN",
      "amount": "9.50",
      "ifTax": false
    },
    {
      "content": "HOUSE MARGARITA JUMBO",
      "amount": "12.50",
      "ifTax": false
    },
    {
      "content": "Dr Pepper",
      "amount": "2.65",
      "ifTax": false
    },
    {
      "content": "SIDE CHEESE",
      "amount": "1.55",
      "ifTax": false
    },
    {
      "content": "HOUSE MARGARITA JUMBO",
      "amount": "12.50",
      "ifTax": false
    },
    {
      "content": "Tax 1",
      "amount": "3.50",
      "ifTax": true
    }
  ]
}