{
  "type": "other",
  "std_start_time": "2018-09-15",
  "orig_start_time": "09/15/2018",
  "std_end_time": "",
  "orig_end_time": "",
  "std_invoice_time": "2018-09-15",
  "orig_invoice_time": "09/15/2018",
  "place": "United States- City of Industry",
  "departure": "",
  "arrival": "",
  "std_curr": "USD",
  "orig_curr": [
    "$",
    "City of Industry"
  ],
  "std_total": "26.37",
  "orig_total": "26.37",
  "buyer_name": [],
  "seller_name": [
    "Chili's Grill & Bar"
  ],
  "seller_address": [
    "United States- City of Industry"
  ],
  "invoice_number": "2060012",
  "tax_number": "",
  "detail": [
    {
      "content": "TRIPLE DIPPER",
      "amount": "12.19",
      "ifTax": false
    },
    {
      "content": "CHICKEN WAFFLES4",
      "amount": "11.89",
      "ifTax": false
    },
    {
      "content": "Total Tax",
      "amount": "2.29",
      "ifTax": true
    }
  ]
}