{
  "type": "other",
  "std_start_time": "2017-05-09",
  "orig_start_time": "09-May-2017",
  "std_end_time": "",
  "orig_end_time": "",
  "std_invoice_time": "2017-05-09",
  "orig_invoice_time": "09-May-2017",
  "place": "United States-Somerville",
  "departure": "",
  "arrival": "",
  "std_curr": "USD",
  "orig_curr": [
    "$",
    "Somerville"
  ],
  "std_total": "30.98",
  "orig_total": "30.98",
  "buyer_name": [],
  "seller_name": [
    "RINCON MEXICANO"
  ],
  "seller_address": [
    "United States-Somerville"
  ],
  "invoice_number": "ZJTIOG7ZX6ANR8",
  "tax_number": "",
  "detail": [
    {
      "content": "Arroz",
      "amount": "3.00",
      "ifTax": false
    },
    {
      "content": "Taco De Pescado",
      "amount": "7.00",
      "ifTax": false
    },
    {
      "content": "Taco Tuesday Pollo",
      "amount": "2.00",
      "ifTax": false
    },
    {
      "content": "Taco D Carne Asada",
      "amount": "2.99",
      "ifTax": false
    },
    {
      "content": "Taco D Chorizo",
      "amount": "2.99",
      "ifTax": false
    },
    {
      "content": "Taco Tuesday Pastor",
      "amount": "1.00",
      "ifTax": false
    },
    {
      "content": "Horchata",
      "amount": "2.99",
      "ifTax": false
    },
    {
      "content": "Taco Tuesday Pollo",
      "amount": "1.00",
      "ifTax": false
    },
    {
      "content": "Taco D Cochinita",
      "amount": "2.99",
      "ifTax": false
    },
    {
      "content": "Taco D Carnitas",
      "amount": "2.99",
      "ifTax": false
    },
    {
      "content": "Tax",
      "amount": "2.03",
      "ifTax": true
    }
  ]
}