{
  "type": "other",
  "std_start_time": "2016-04-10",
  "orig_start_time": "04/10/16",
  "std_end_time": "",
  "orig_end_time": "",
  "std_invoice_time": "2016-04-10",
  "orig_invoice_time": "04/10/16",
  "place": "USA-Hackensack",
  "departure": "",
  "arrival": "",
  "std_curr": "USD",
  "orig_curr": [
    "$",
    "Hackensack"
  ],
  "std_total": "10.70",
  "orig_total": "10.70",
  "buyer_name": [],
  "seller_name": [
    "GENERAL POOR'S TAVERN"
  ],
  "seller_address": [
    "USA-Hackensack"
  ],
  "invoice_number": "",
  "tax_number": "",
  "detail": [
    {
      "content": "40 BONELESS WINGS SPEC",
      "amount": "10.00",
      "ifTax": false
    },
    {
      "content": "Tax",
      "amount": "0.70",
      "ifTax": true
    }
  ]
}