{
  "type": "other",
  "std_start_time": "2021-09-23",
  "orig_start_time": "23 Sep 21",
  "std_end_time": "",
  "orig_end_time": "",
  "std_invoice_time": "2021-09-23",
  "orig_invoice_time": "23 Sep 21 ",
  "place": "United Kingdom-London",
  "departure": "",
  "arrival": "",
  "std_curr": "GBP",
  "orig_curr": [
    "£",
    "London"
  ],
  "std_total": "0.00",
  "orig_total": "1,812.40",
  "buyer_name": [],
  "seller_name": [
    "Nusr-et Steakhouse"
  ],
  "seller_address": [
    "United Kingdom-London"
  ],
  "invoice_number": "",
  "tax_number": "323585011",
  "detail": [
    {
      "content": "Buratta",
      "amount": "25.00",
      "ifTax": false
    },
    {
      "content": "Nusret Salad",
      "amount": "23.00",
      "ifTax": false
    },
    {
      "content": "Nusret Sushi",
      "amount": "46.00",
      "ifTax": false
    },
    {
      "content": "Prawn Tempura Roll",
      "amount": "60.00",
      "ifTax": false
    },
    {
      "content": "Giant Tomahawk",
      "amount": "630.00",
      "ifTax": false
    },
    {
      "content": "Kafes",
      "amount": "200.00",
      "ifTax": false
    },
    {
      "content": "Onion Flower",
      "amount": "18.00",
      "ifTax": false
    },
    {
      "content": "Herb Crusted Fries",
      "amount": "10.00",
      "ifTax": false
    },
    {
      "content": "Sweet Corn",
      "amount": "12.00",
      "ifTax": false
    },
    {
      "content": "Golden Burger",
      "amount": "100.00",
      "ifTax": false
    },
    {
      "content": "Asado for 2",
      "amount": "120.00",
      "ifTax": false
    },
    {
      "content": "Nusret Baklava",
      "amount": "44.00",
      "ifTax": false
    },
    {
      "content": "DBL Patron Coffee",
      "amount": "80.00",
      "ifTax": false
    },
    {
      "content": "DBL Grey Goose",
      "amount": "72.00",
      "ifTax": false
    },
    {
      "content": "Turkish Tea",
      "amount": "0.00",
      "ifTax": false
    },
    {
      "content": "Coca Cola",
      "amount": "18.00",
      "ifTax": false
    },
    {
      "content": "Virgin Mojito",
      "amount": "11.00",
      "ifTax": false
    },
    {
      "content": "Red Bull",
      "amount": "44.00",
      "ifTax": false
    },
    {
      "content": "Eira Still",
      "amount": "9.00",
      "ifTax": false
    },
    {
      "content": "Coca Cola Light",
      "amount": "18.00",
      "ifTax": false
    },
    {
      "content": "Nusret Godfather",
      "amount": "18.00",
      "ifTax": false
    },
    {
      "content": "Elvira",
      "amount": "18.00",
      "ifTax": false
    },
    {
      "content": "15% Service Charge",
      "amount": "236.40",
      "ifTax": true
    }
  ]
}