{
  "type": "other",
  "std_start_time": "2018-06-10",
  "orig_start_time": "06/10/2018",
  "std_end_time": "",
  "orig_end_time": "",
  "std_invoice_time": "2018-06-10",
  "orig_invoice_time": "06/10/2018",
  "place": "USA-Parker",
  "departure": "",
  "arrival": "",
  "std_curr": "USD",
  "orig_curr": [
    "Parker"
  ],
  "std_total": "33.75",
  "orig_total": "33.75",
  "buyer_name": [],
  "seller_name": [
    "Amici Conyers"
  ],
  "seller_address": [
    "USA-Parker"
  ],
  "invoice_number": "",
  "tax_number": "",
  "detail": [
    {
      "content": "Seat 1: Coke",
      "amount": "2.29",
      "ifTax": false
    },
    {
      "content": "Seat 1: Margherita Calzone",
      "amount": "11.99",
      "ifTax": false
    },
    {
      "content": "Seat 1: Side Caesar",
      "amount": "4.99",
      "ifTax": false
    },
    {
      "content": "Seat 1: Tax",
      "amount": "1.35",
      "ifTax": true
    },
    {
      "content": "Seat 2: Coke",
      "amount": "2.29",
      "ifTax": false
    },
    {
      "content": "Seat 2: Double Stack Cheeseburger",
      "amount": "8.99",
      "ifTax": false
    },
    {
      "content": "Seat 2: Bacon",
      "amount": "0.99",
      "ifTax": false
    },
    {
      "content": "Seat 2: Tax",
      "amount": "0.86",
      "ifTax": true
    }
  ]
}