{
  "type": "other",
  "std_start_time": "2024-02-17",
  "orig_start_time": "February 17, 2024",
  "std_end_time": "",
  "orig_end_time": "",
  "std_invoice_time": "2024-02-17",
  "orig_invoice_time": "February 17, 2024",
  "place": "United States-Asheville",
  "departure": "",
  "arrival": "",
  "std_curr": "USD",
  "orig_curr": [
    "$",
    "Asheville"
  ],
  "std_total": "62.60",
  "orig_total": "62.60",
  "buyer_name": [],
  "seller_name": [
    "The Smokin' Onion"
  ],
  "seller_address": [
    "United States-Asheville"
  ],
  "invoice_number": "T19",
  "tax_number": "",
  "detail": [
    {
      "content": "Gyro",
      "amount": "13.50",
      "ifTax": false
    },
    {
      "content": "Biscuit",
      "amount": "1.80",
      "ifTax": false
    },
    {
      "content": "IOWF Burger + FF Kids x 2",
      "amount": "14.40",
      "ifTax": false
    },
    {
      "content": "IWGH Tofu + 2 Sides For Kids",
      "amount": "9.00",
      "ifTax": false
    },
    {
      "content": "Bis & Gravy",
      "amount": "12.60",
      "ifTax": false
    },
    {
      "content": "Fries",
      "amount": "7.20",
      "ifTax": false
    },
    {
      "content": "NC Sales Tax (7%)",
      "amount": "4.10",
      "ifTax": true
    }
  ]
}