{
  "type": "other",
  "std_start_time": "2016-12-07",
  "orig_start_time": "12/07/2016",
  "std_end_time": "",
  "orig_end_time": "",
  "std_invoice_time": "2016-12-07",
  "orig_invoice_time": "12/07/2016",
  "place": "USA-Newtown Square",
  "departure": "",
  "arrival": "",
  "std_curr": "USD",
  "orig_curr": [
    "Newtown Square"
  ],
  "std_total": "142.93",
  "orig_total": "142.93",
  "buyer_name": [],
  "seller_name": [
    "Firepoint Grill"
  ],
  "seller_address": [
    "USA-Newtown Square"
  ],
  "invoice_number": "",
  "tax_number": "",
  "detail": [
    {
      "content": "Makers Mark (2 @11.50) As Old Fashioned",
      "amount": "23.00",
      "ifTax": false
    },
    {
      "content": "Side Caesar",
      "amount": "6.00",
      "ifTax": false
    },
    {
      "content": "Chicken & Rib Combo",
      "amount": "29.00",
      "ifTax": false
    },
    {
      "content": "Woodford Reserve (2 @12.00) On the Rocks",
      "amount": "24.00",
      "ifTax": false
    },
    {
      "content": "Frisee Salad",
      "amount": "10.00",
      "ifTax": false
    },
    {
      "content": "Poached Shrimp Cocktail",
      "amount": "17.50",
      "ifTax": false
    },
    {
      "content": "NY Strip 8oz",
      "amount": "28.00",
      "ifTax": false
    },
    {
      "content": "Total Tax",
      "amount": "5.43",
      "ifTax": true
    }
  ]
}