{
  "type": "hotel",
  "std_start_time": "2012-10-11",
  "orig_start_time": "10-11-2012",
  "std_end_time": "2012-12-10",
  "orig_end_time": "10-12-2012",
  "std_invoice_time": "2012-10-12",
  "orig_invoice_time": "10-12-2012 ",
  "place": "Canada - Surrey",
  "departure": "",
  "arrival": "",
  "std_curr": "CAD",
  "orig_curr": [
    "Surrey",
    "$"
  ],
  "std_total": "124.52",
  "orig_total": "124.52",
  "seller_name": [
    "Sheraton Vancouver Guildford Hotel"
  ],
  "seller_address": [
    "Canada-Surrey"
  ],
  "invoice_number": "1000017715",
  "tax_number": "861323749",
  "detail": [
    {
      "content": "Room Charge",
      "amount": "109.00",
      "ifTax": false
    },
    {
      "content": "City Tax",
      "amount": "2.18",
      "ifTax": true
    },
    {
      "content": "Room HST",
      "amount": "13.34",
      "ifTax": true
    }
  ]
}