{
  "type": "hotel",
  "std_start_time": "2012-10-04",
  "orig_start_time": "10-04-2012",
  "std_end_time": "2012-10-05",
  "orig_end_time": "10-05-2012",
  "std_invoice_time": "2012-10-05",
  "orig_invoice_time": "10-05-2012",
  "place": "Canada-Calgary",
  "departure": "",
  "arrival": "",
  "std_curr": "CAD",
  "orig_curr": [
    "$",
    "Calgary"
  ],
  "std_total": "207.70",
  "orig_total": "207.70",
  "seller_name": [
    "The Westin Calgary"
  ],
  "seller_address": [
    "Canada-Calgary"
  ],
  "invoice_number": "",
  "tax_number": "861336493R0004",
  "detail": [
    {
      "content": "Room Charge Restricted SW",
      "amount": "185.00",
      "ifTax": false
    },
    {
      "content": "Goods And Services Tax",
      "amount": "9.53",
      "ifTax": true
    },
    {
      "content": "Destination Marketing Fee",
      "amount": "5.55",
      "ifTax": false
    },
    {
      "content": "Tourism Levy",
      "amount": "7.62",
      "ifTax": true
    }
  ]
}