{
  "type": "hotel",
  "std_start_time": "2012-10-10",
  "orig_start_time": "10-10-12",
  "std_end_time": "2012-10-12",
  "orig_end_time": "10-11-12",
  "std_invoice_time": "2012-10-11",
  "orig_invoice_time": "10-11-12",
  "place": "Canada-Edmonton",
  "departure": "",
  "arrival": "",
  "std_curr": "CAD",
  "orig_curr": [
    "Canada-Edmonton"
  ],
  "std_total": "154.13",
  "orig_total": "154.13",
  "seller_name": [
    "MATRIX HOTEL"
  ],
  "seller_address": [
    "Canada-Edmonton"
  ],
  "invoice_number": "128690",
  "tax_number": "866344302 RT 0001",
  "detail": [
    {
      "content": "Room Revenue",
      "amount": "140.00",
      "ifTax": false
    },
    {
      "content": "Tourism Levy - 4%",
      "amount": "5.60",
      "ifTax": true
    },
    {
      "content": "Room GST - 5%",
      "amount": "7.00",
      "ifTax": true
    },
    {
      "content": "Destination Marketing Fee - 1%",
      "amount": "1.40",
      "ifTax": true
    },
    {
      "content": "GST on DMF",
      "amount": "0.07",
      "ifTax": true
    },
    {
      "content": "Tourism Levy on DMF",
      "amount": "0.06",
      "ifTax": true
    }
  ]
}