{
  "type": "hotel",
  "std_start_time": "2012-10-14",
  "orig_start_time": "10-14-12",
  "std_end_time": "",
  "orig_end_time": "",
  "std_invoice_time": "2012-10-15",
  "orig_invoice_time": "10-15-12",
  "place": "Canada-Sherwood Park",
  "departure": "",
  "arrival": "",
  "std_curr": "CAD",
  "orig_curr": [],
  "std_total": "151.51",
  "orig_total": "151.51",
  "seller_name": [
    "Holiday Inn Express & Suites - Sherwood Park"
  ],
  "seller_address": [
    "Canada-Sherwood Park"
  ],
  "invoice_number": "113",
  "tax_number": "856666409RT0009",
  "detail": [
    {
      "content": "+Accommodation",
      "amount": "139.00",
      "ifTax": false
    },
    {
      "content": "4% Tourism Levy",
      "amount": "5.56",
      "ifTax": true
    },
    {
      "content": "5% GST - Rooms",
      "amount": "6.95",
      "ifTax": true
    }
  ]
}