{
  "type": "hotel",
  "std_start_time": "2019-01-22",
  "orig_start_time": "1/22/2019",
  "std_end_time": "",
  "orig_end_time": "",
  "std_invoice_time": "2019-01-25",
  "orig_invoice_time": "1/25/2019",
  "place": "United States-Washington-DC",
  "departure": "",
  "arrival": "",
  "std_curr": "USD",
  "orig_curr": [
    "$",
    "Washington"
  ],
  "std_total": "0.00",
  "orig_total": "1,122.22",
  "seller_name": [
    "Capital Hilton"
  ],
  "seller_address": [
    "United States-Washington, DC"
  ],
  "invoice_number": "1686790 A",
  "tax_number": "",
  "detail": [
    {
      "content": "GUEST ROOM",
      "amount": "316.00",
      "ifTax": false
    },
    {
      "content": "ROOM TAX",
      "amount": "47.24",
      "ifTax": true
    },
    {
      "content": "NORTH GATE GRILL",
      "amount": "32.50",
      "ifTax": false
    },
    {
      "content": "GUEST ROOM",
      "amount": "316.00",
      "ifTax": false
    },
    {
      "content": "ROOM TAX",
      "amount": "47.24",
      "ifTax": true
    },
    {
      "content": "GUEST ROOM",
      "amount": "316.00",
      "ifTax": false
    },
    {
      "content": "ROOM TAX",
      "amount": "47.24",
      "ifTax": true
    }
  ]
}