{
  "type": "hotel",
  "std_start_time": "2012-10-09",
  "orig_start_time": " Oct 9/12 ",
  "std_end_time": "",
  "orig_end_time": "",
  "std_invoice_time": "",
  "orig_invoice_time": "",
  "place": "Canada-Edmonton",
  "departure": "",
  "arrival": "",
  "std_curr": "CAD",
  "orig_curr": [
    "Edmonton"
  ],
  "std_total": "135.33",
  "orig_total": "135.33",
  "seller_name": [],
  "seller_address": [
    "Canada-Edmonton"
  ],
  "invoice_number": "",
  "tax_number": "103576021RT0002",
  "detail": [
    {
      "content": "GOVERNMENT RATE",
      "amount": "109.00",
      "ifTax": false
    },
    {
      "content": "GST",
      "amount": "5.45",
      "ifTax": true
    },
    {
      "content": "Room Tax",
      "amount": "4.16",
      "ifTax": true
    },
    {
      "content": "Destination Marketing Fee",
      "amount": "2.08",
      "ifTax": false
    },
    {
      "content": "Gratuities - Jungle Cafe",
      "amount": "1.00",
      "ifTax": false
    },
    {
      "content": "Jungle Cafe Charge (Dinner buffet)",
      "amount": "12.99",
      "ifTax": false
    },
    {
      "content": "GST",
      "amount": "0.65",
      "ifTax": true
    }
  ]
}