{
  "type": "hotel",
  "std_start_time": "2012-10-10",
  "orig_start_time": "10-10-12",
  "std_end_time": "",
  "orig_end_time": "",
  "std_invoice_time": "2012-10-12",
  "orig_invoice_time": "10-11-12",
  "place": "Canada-Grande Prairie",
  "departure": "",
  "arrival": "",
  "std_curr": "CAD",
  "orig_curr": [
    "Grande Prairie"
  ],
  "std_total": "196.19",
  "orig_total": "196.19",
  "seller_name": [
    "Holiday Inn Hotel and Suites Grande Prairie"
  ],
  "seller_address": [
    "Canada-Grande Prairie"
  ],
  "invoice_number": "66745663",
  "tax_number": "858317167RT0018",
  "detail": [
    {
      "content": "Best 4 Breakfast",
      "amount": "179.99",
      "ifTax": false
    },
    {
      "content": "GST Tax - Room",
      "amount": "9.00",
      "ifTax": true
    },
    {
      "content": "Tourism Tax - Room",
      "amount": "7.20",
      "ifTax": true
    }
  ]
}