{
  "type": "hotel",
  "std_start_time": "2019-02-14",
  "orig_start_time": "02/14/19",
  "std_end_time": "",
  "orig_end_time": "",
  "std_invoice_time": "",
  "orig_invoice_time": "",
  "place": "United States-Amarillo City",
  "departure": "",
  "arrival": "",
  "std_curr": "USD",
  "orig_curr": [
    "$",
    "Amarillo City"
  ],
  "std_total": "67.28",
  "orig_total": "67.28",
  "seller_name": [
    "La Quinta Inn Amarillo Mid-City"
  ],
  "seller_address": [
    "United States-Amarillo City"
  ],
  "invoice_number": "",
  "tax_number": "",
  "detail": [
    {
      "content": "Rm: 246 TCLUB - Travel Clubs",
      "amount": "58.50",
      "ifTax": false
    },
    {
      "content": "TAX - OCCUPANCY - CITY",
      "amount": "5.27",
      "ifTax": true
    },
    {
      "content": "TAX - OCCUPANCY - STATE",
      "amount": "3.51",
      "ifTax": true
    }
  ]
}