{
  "type": "hotel",
  "std_start_time": "2012-10-15",
  "orig_start_time": "10-15-12",
  "std_end_time": "2012-10-17",
  "orig_end_time": "10-17-12",
  "std_invoice_time": "",
  "orig_invoice_time": "",
  "place": "Canada-Toronto",
  "departure": "",
  "arrival": "",
  "std_curr": "CAD",
  "orig_curr": [
    "Canada"
  ],
  "std_total": "508.50",
  "orig_total": "508.50",
  "seller_name": [
    "Park Hyatt Toronto"
  ],
  "seller_address": [
    "Canada-Toronto"
  ],
  "invoice_number": "198295",
  "tax_number": "867257131 RT",
  "detail": [
    {
      "content": "Group Room",
      "amount": "225.00",
      "ifTax": false
    },
    {
      "content": "Room - HST 13.0%",
      "amount": "29.25",
      "ifTax": true
    },
    {
      "content": "Group Room",
      "amount": "225.00",
      "ifTax": false
    },
    {
      "content": "Room - HST 13.0%",
      "amount": "29.25",
      "ifTax": true
    }
  ]
}