{
  "type": "hotel",
  "std_start_time": "2012-10-04",
  "orig_start_time": "10/4/2012",
  "std_end_time": "2012-10-05",
  "orig_end_time": "10/5/2012",
  "std_invoice_time": "",
  "orig_invoice_time": "",
  "place": "Canada-High Prairie",
  "departure": "",
  "arrival": "",
  "std_curr": "CAD",
  "orig_curr": [
    "$",
    "High Prairie"
  ],
  "std_total": "102.01",
  "orig_total": "102.01",
  "seller_name": [
    "DAYS INN HIGH PRAIRIE"
  ],
  "seller_address": [
    "Canada-High Prairie"
  ],
  "invoice_number": "",
  "tax_number": "841867328RT0000",
  "detail": [
    {
      "content": "Room charge",
      "amount": "98.09",
      "ifTax": false
    },
    {
      "content": "Tax",
      "amount": "3.92",
      "ifTax": true
    }
  ]
}