{
  "type": "hotel",
  "std_start_time": "2019-08-27",
  "orig_start_time": "08/27/2019",
  "std_end_time": "2019-08-29",
  "orig_end_time": "08/29/2019",
  "std_invoice_time": "",
  "orig_invoice_time": "",
  "place": "United States-Reno",
  "departure": "",
  "arrival": "",
  "std_curr": "USD",
  "orig_curr": [
    "$",
    "Reno"
  ],
  "std_total": "125.18",
  "orig_total": "125.18",
  "seller_name": [
    "SILVER LEGACY"
  ],
  "seller_address": [
    "United States-Reno"
  ],
  "invoice_number": "KLRWF",
  "tax_number": "",
  "detail": [
    {
      "content": "RESORT FEE",
      "amount": "22.70",
      "ifTax": false
    },
    {
      "content": "CITY OF RENO",
      "amount": "3.00",
      "ifTax": true
    },
    {
      "content": "TOURISM SURCHARGE",
      "amount": "65.00",
      "ifTax": false
    },
    {
      "content": "TAX2",
      "amount": "8.78",
      "ifTax": true
    },
    {
      "content": "APPLIED DEPOSIT",
      "amount": "-73.78",
      "ifTax": false
    },
    {
      "content": "$30 + 4.05 TX PER DAY",
      "amount": "22.70",
      "ifTax": true
    },
    {
      "content": "CITY OF RENO TOURISM SURCHARGE",
      "amount": "3.00",
      "ifTax": true
    },
    {
      "content": "ROOM CHARGE 3165",
      "amount": "65.00",
      "ifTax": true
    },
    {
      "content": "TAX2",
      "amount": "8.78",
      "ifTax": true
    }
  ]
}