{
  "type": "hotel",
  "std_start_time": "2012-10-02",
  "orig_start_time": "10-02-12",
  "std_end_time": "",
  "orig_end_time": "",
  "std_invoice_time": "2010-04-12",
  "orig_invoice_time": "10-04-12",
  "place": "Canada-Hinton",
  "departure": "",
  "arrival": "",
  "std_curr": "CAD",
  "orig_curr": [
    "Hinton"
  ],
  "std_total": "259.42",
  "orig_total": "259.42",
  "seller_name": [
    "Holiday Inn Express Hotel & Suites-Hinton"
  ],
  "seller_address": [
    "Canada-Hinton"
  ],
  "invoice_number": "",
  "tax_number": "878160969",
  "detail": [
    {
      "content": "Accommodation",
      "amount": "119.00",
      "ifTax": false
    },
    {
      "content": "Tourism Levy Tax - 4%",
      "amount": "4.76",
      "ifTax": true
    },
    {
      "content": "GST Tax - Room 5%",
      "amount": "5.95",
      "ifTax": true
    },
    {
      "content": "Accommodation",
      "amount": "119.00",
      "ifTax": false
    },
    {
      "content": "Tourism Levy Tax - 4%",
      "amount": "4.76",
      "ifTax": true
    },
    {
      "content": "GST Tax - Room 5%",
      "amount": "5.95",
      "ifTax": true
    }
  ]
}