{
  "type": "hotel",
  "std_start_time": "2012-10-15",
  "orig_start_time": "10/15/2012",
  "std_end_time": "",
  "orig_end_time": "",
  "std_invoice_time": "2012-10-17",
  "orig_invoice_time": "10/17/2012",
  "place": "Canada-Edmonton",
  "departure": "",
  "arrival": "",
  "std_curr": "CAD",
  "orig_curr": [
    "Edmonton"
  ],
  "std_total": "297.52",
  "orig_total": "297.52",
  "seller_name": [
    "The Coast Edmonton Plaza Hotel"
  ],
  "seller_address": [
    "Canada-Edmonton"
  ],
  "invoice_number": "2216",
  "tax_number": "10103 5467 RT0020",
  "detail": [
    {
      "content": "Room Charge",
      "amount": "119.00",
      "ifTax": false
    },
    {
      "content": "GST Taxes",
      "amount": "6.01",
      "ifTax": true
    },
    {
      "content": "Tourism Levy",
      "amount": "4.76",
      "ifTax": false
    },
    {
      "content": "Destination Market Fee",
      "amount": "1.19",
      "ifTax": false
    },
    {
      "content": "Parking Daily",
      "amount": "16.95",
      "ifTax": false
    },
    {
      "content": "Federal Tax GST Parking",
      "amount": "0.85",
      "ifTax": true
    },
    {
      "content": "Room Charge",
      "amount": "119.00",
      "ifTax": false
    },
    {
      "content": "GST Taxes",
      "amount": "6.01",
      "ifTax": true
    },
    {
      "content": "Tourism Levy",
      "amount": "4.76",
      "ifTax": false
    },
    {
      "content": "Destination Market Fee",
      "amount": "1.19",
      "ifTax": false
    },
    {
      "content": "Parking Daily",
      "amount": "16.95",
      "ifTax": false
    },
    {
      "content": "Federal Tax GST Parking",
      "amount": "0.85",
      "ifTax": true
    }
  ]
}