{
  "type": "other",
  "std_start_time": "",
  "orig_start_time": "",
  "std_end_time": "",
  "orig_end_time": "",
  "std_invoice_time": "",
  "orig_invoice_time": "",
  "place": "",
  "departure": "",
  "arrival": "",
  "std_curr": "USD",
  "orig_curr": [
    "$"
  ],
  "std_total": "53.03",
  "orig_total": "53.03",
  "seller_name": [],
  "seller_address": [],
  "invoice_number": "",
  "tax_number": "",
  "detail": [
    {
      "content": "Tea (3 @2.50)",
      "amount": "7.50",
      "ifTax": false
    },
    {
      "content": "Kokos Salad (2 @12.95)",
      "amount": "25.90",
      "ifTax": false
    },
    {
      "content": "Steak Salad",
      "amount": "14.95",
      "ifTax": false
    },
    {
      "content": "Tax",
      "amount": "1.21",
      "ifTax": true
    },
    {
      "content": "Occ Tax",
      "amount": "3.47",
      "ifTax": true
    }
  ]
}