{
  "type": "other",
  "std_start_time": "2018-08-12",
  "orig_start_time": "2018/08/12",
  "std_end_time": "",
  "orig_end_time": "",
  "std_invoice_time": "2018-08-12",
  "orig_invoice_time": "2018/08/12",
  "place": "Malaysia-Kuala Lumpur",
  "departure": "",
  "arrival": "",
  "std_curr": "MYR",
  "orig_curr": [
    "RM",
    "Kuala Lumpur"
  ],
  "std_total": "109.90",
  "orig_total": "109.90",
  "seller_name": [
    "H & M Retail Sdn Bhd"
  ],
  "seller_address": [
    "Malaysia-Kuala Lumpur"
  ],
  "invoice_number": "1251",
  "tax_number": "00116115046",
  "detail": [
    {
      "content": "Equatorial Assortmen M Red",
      "amount": "54.95",
      "ifTax": false
    },
    {
      "content": "Equatorial Assortmen L Red",
      "amount": "54.95",
      "ifTax": false
    }
  ]
}