{
  "type": "other",
  "std_start_time": "2022-05-19",
  "orig_start_time": "19/05/2022",
  "std_end_time": "",
  "orig_end_time": "",
  "std_invoice_time": "2022-05-19",
  "orig_invoice_time": "19/05/2022",
  "place": "Egypt-Cairo",
  "departure": "",
  "arrival": "",
  "std_curr": "EGP",
  "orig_curr": [
    "L.E",
    "Cairo"
  ],
  "std_total": "700.00",
  "orig_total": "700.00",
  "seller_name": [
    "Emarat Misr"
  ],
  "seller_address": [
    "Egypt-Cairo"
  ],
  "invoice_number": "2574376",
  "tax_number": "",
  "detail": [
    {
      "content": "WILD BUBBLE GUM",
      "amount": "35.00",
      "ifTax": true
    },
    {
      "content": "HEETS SIENNA'20 10 @ L.E37.00",
      "amount": "370.00",
      "ifTax": true
    },
    {
      "content": "Swimming ring angel 170*110",
      "amount": "295.00",
      "ifTax": true
    }
  ]
}