{
  "type": "other",
  "std_start_time": "2022-12-27",
  "orig_start_time": "27-12-22",
  "std_end_time": "",
  "orig_end_time": "",
  "std_invoice_time": "2022-12-27",
  "orig_invoice_time": "27-12-22",
  "place": "",
  "departure": "",
  "arrival": "",
  "std_curr": "USD",
  "orig_curr": [
    "EGP"
  ],
  "std_total": "450.00",
  "orig_total": "450.00",
  "seller_name": [
    "Orient International Trading LTD"
  ],
  "seller_address": [],
  "invoice_number": "",
  "tax_number": "278 - 900 - 437",
  "detail": [
    {
      "content": "BLACK UNICORN LPJ SET",
      "amount": "450.00",
      "ifTax": true
    }
  ]
}