{
  "type": "other",
  "std_start_time": "2015-05-09",
  "orig_start_time": "05/09/2015",
  "std_end_time": "",
  "orig_end_time": "",
  "std_invoice_time": "2015-05-09",
  "orig_invoice_time": "05/09/2015 ",
  "place": "",
  "departure": "",
  "arrival": "",
  "std_curr": "USD",
  "orig_curr": [],
  "std_total": "117.45",
  "orig_total": "117.45",
  "seller_name": [],
  "seller_address": [],
  "invoice_number": "",
  "tax_number": "",
  "detail": [
    {
      "content": "BREAD",
      "amount": "5.00",
      "ifTax": false
    },
    {
      "content": "SOUP",
      "amount": "13.00",
      "ifTax": false
    },
    {
      "content": "BLACK COD",
      "amount": "31.00",
      "ifTax": false
    },
    {
      "content": "PORRIDGE",
      "amount": "33.00",
      "ifTax": false
    },
    {
      "content": "RHUBARB",
      "amount": "12.00",
      "ifTax": false
    },
    {
      "content": "Syrah, MGrailiot Equinoxe",
      "amount": "14.00",
      "ifTax": false
    },
    {
      "content": "Tax",
      "amount": "9.45",
      "ifTax": true
    }
  ]
}