{
  "type": "other",
  "std_start_time": "2022-06-25",
  "orig_start_time": "25/6/2022",
  "std_end_time": "",
  "orig_end_time": "",
  "std_invoice_time": "2022-06-25",
  "orig_invoice_time": "25/6/2022",
  "place": "Egypt-Cairo",
  "departure": "",
  "arrival": "",
  "std_curr": "EGP",
  "orig_curr": [
    "LE",
    "Cairo"
  ],
  "std_total": "93.22",
  "orig_total": "93.22",
  "seller_name": [
    "GOURMET FOOD STORES"
  ],
  "seller_address": [
    "Egypt-Cairo"
  ],
  "invoice_number": "1716386",
  "tax_number": "",
  "detail": [
    {
      "content": "Gourmet Smoked Chicken B",
      "amount": "93.22",
      "ifTax": false
    }
  ]
}