{
  "type": "other",
  "std_start_time": "2016-02-16",
  "orig_start_time": "16/02/2016",
  "std_end_time": "",
  "orig_end_time": "",
  "std_invoice_time": "2016-02-16",
  "orig_invoice_time": "16/02/2016",
  "place": "",
  "departure": "",
  "arrival": "",
  "std_curr": "USD",
  "orig_curr": [],
  "std_total": "281.00",
  "orig_total": "281.00",
  "seller_name": [
    "BETAWI"
  ],
  "seller_address": [],
  "invoice_number": "0052",
  "tax_number": "",
  "detail": [
    {
      "content": "BAKSO MEAT BALL SOUP",
      "amount": "32.00",
      "ifTax": false
    },
    {
      "content": "BIHUN GORENG",
      "amount": "32.00",
      "ifTax": false
    },
    {
      "content": "BOTTLED WATER LARGE",
      "amount": "10.00",
      "ifTax": false
    },
    {
      "content": "GADO GADO",
      "amount": "32.00",
      "ifTax": false
    },
    {
      "content": "NASI GORENG",
      "amount": "32.00",
      "ifTax": false
    },
    {
      "content": "SATE AYAM",
      "amount": "32.00",
      "ifTax": false
    },
    {
      "content": "SOTO AYAM",
      "amount": "64.00",
      "ifTax": false
    },
    {
      "content": "SOTO AYAM",
      "amount": "27.00",
      "ifTax": false
    },
    {
      "content": "ES CENDOL",
      "amount": "20.00",
      "ifTax": false
    }
  ]
}