{
  "type": "other",
  "std_start_time": "2022-02-11",
  "orig_start_time": "11-Feb-22",
  "std_end_time": "",
  "orig_end_time": "",
  "std_invoice_time": "2022-02-11",
  "orig_invoice_time": "11-Feb-22",
  "place": "Egypt-Tanta",
  "departure": "",
  "arrival": "",
  "std_curr": "EGP",
  "orig_curr": [
    "LE",
    "TANTA"
  ],
  "std_total": "897.00",
  "orig_total": "897.00",
  "seller_name": [
    "LC Waikiki"
  ],
  "seller_address": [
    "Egypt-Tanta"
  ],
  "invoice_number": "190500000000048188",
  "tax_number": "379-456-249",
  "detail": [
    {
      "content": "MOVEN DEHIM TROUSERS",
      "amount": "238.19",
      "ifTax": true
    },
    {
      "content": "KNITWEAR VEST-JACKET",
      "amount": "198.36",
      "ifTax": true
    },
    {
      "content": "JERSEY TROUSERS",
      "amount": "182.43",
      "ifTax": true
    },
    {
      "content": "JERSEY CARDIGAN",
      "amount": "278.02",
      "ifTax": true
    }
  ]
}