{
  "type": "other",
  "std_start_time": "2012-10-05",
  "orig_start_time": "05/10/12",
  "std_end_time": "",
  "orig_end_time": "",
  "std_invoice_time": "2012-10-05",
  "orig_invoice_time": "05/10/12",
  "place": "Malaysia-Petaling Jaya",
  "departure": "",
  "arrival": "",
  "std_curr": "MYR",
  "orig_curr": [
    "Petaling Jaya",
    "$"
  ],
  "std_total": "6.68",
  "orig_total": "6.68",
  "seller_name": [
    "Subway Sandwiches & Salads"
  ],
  "seller_address": [
    "Malaysia-Petaling Jaya"
  ],
  "invoice_number": "0000206867",
  "tax_number": "",
  "detail": [
    {
      "content": "EGG&HAM",
      "amount": "6.30",
      "ifTax": false
    },
    {
      "content": "Sales Tax",
      "amount": "0.38",
      "ifTax": true
    }
  ]
}