{
  "type": "other",
  "std_start_time": "2016-02-02",
  "orig_start_time": "02/02/2016",
  "std_end_time": "",
  "orig_end_time": "",
  "std_invoice_time": "",
  "orig_invoice_time": "",
  "place": "United States-New Laura",
  "departure": "",
  "arrival": "",
  "std_curr": "USD",
  "orig_curr": [
    "$",
    "New Laura"
  ],
  "std_total": "68.16",
  "orig_total": "68.16",
  "seller_name": [
    "Davis-Obrien"
  ],
  "seller_address": [
    "United States-New Laura"
  ],
  "invoice_number": "74322107",
  "tax_number": "930-75-0933",
  "detail": [
    {
      "content": "100cm Nordic Round Area Rug Abstract Geometric Patterns Non-Slip Floor Carpet",
      "amount": "61.96",
      "ifTax": false
    },
    {
      "content": "VAT",
      "amount": "6.20",
      "ifTax": true
    }
  ]
}