{
  "type": "other",
  "std_start_time": "2024-05-11",
  "orig_start_time": "11/05/24",
  "std_end_time": "",
  "orig_end_time": "",
  "std_invoice_time": "2024-05-11",
  "orig_invoice_time": "11/05/24",
  "place": "India-New Delhi",
  "departure": "",
  "arrival": "",
  "std_curr": "INR",
  "orig_curr": [
    "New Delhi"
  ],
  "std_total": "0.00",
  "orig_total": "3430.00",
  "seller_name": [
    "EVOO EATERY AND PIZZERIA LLP"
  ],
  "seller_address": [
    "India-New Delhi"
  ],
  "invoice_number": "B02674",
  "tax_number": "07AAGFE5335CIZS",
  "detail": [
    {
      "content": "SUNDRIED TOMATO ARANCINI",
      "amount": "425.00",
      "ifTax": false
    },
    {
      "content": "MEATBALL SKILLET",
      "amount": "475.00",
      "ifTax": false
    },
    {
      "content": "LAMB RAGOUT CAPELETTI",
      "amount": "695.00",
      "ifTax": false
    },
    {
      "content": "COKE ZERO",
      "amount": "150.00",
      "ifTax": false
    },
    {
      "content": "PARMESAN CHICKEN",
      "amount": "475.00",
      "ifTax": false
    },
    {
      "content": "CANNOLI",
      "amount": "475.00",
      "ifTax": false
    },
    {
      "content": "COLD BREW COFFEE",
      "amount": "275.00",
      "ifTax": false
    },
    {
      "content": "OPTIONAL SERVICE CHARGE 10%",
      "amount": "297.00",
      "ifTax": false
    },
    {
      "content": "SGST 2.5%",
      "amount": "81.67",
      "ifTax": true
    },
    {
      "content": "CGST 2.5%",
      "amount": "81.67",
      "ifTax": true
    }
  ]
}