{
  "type": "other",
  "std_start_time": "2025-01-02",
  "orig_start_time": "01/02/2025",
  "std_end_time": "",
  "orig_end_time": "",
  "std_invoice_time": "2025-01-02",
  "orig_invoice_time": "01/02/2025",
  "place": "United Kingdom-London",
  "departure": "",
  "arrival": "",
  "std_curr": "GBP",
  "orig_curr": [
    "£",
    "London"
  ],
  "std_total": "37.16",
  "orig_total": "37.16",
  "seller_name": [
    "Normahs"
  ],
  "seller_address": [
    "United Kingdom-London"
  ],
  "invoice_number": "",
  "tax_number": "",
  "detail": [
    {
      "content": "NORMAHS ROTI BEEF RENDANG",
      "amount": "9.89",
      "ifTax": false
    },
    {
      "content": "NORMAHS ASAM PEDAS SEABASS",
      "amount": "15.90",
      "ifTax": false
    },
    {
      "content": "NORMAHS CRISPY CHICKEN WINGS",
      "amount": "7.99",
      "ifTax": false
    },
    {
      "content": "Service Charge (10.00%)",
      "amount": "3.38",
      "ifTax": false
    }
  ]
}