{
  "type": "other",
  "std_start_time": "2017-07-05",
  "orig_start_time": "Jul05'17",
  "std_end_time": "",
  "orig_end_time": "",
  "std_invoice_time": "2017-07-05",
  "orig_invoice_time": "Jul05'17",
  "place": "United States-Tampa",
  "departure": "",
  "arrival": "",
  "std_curr": "USD",
  "orig_curr": [
    "Tampa"
  ],
  "std_total": "27.08",
  "orig_total": "27.08",
  "seller_name": [
    "MIGUELS MEXICAN"
  ],
  "seller_address": [
    "United States-Tampa"
  ],
  "invoice_number": "",
  "tax_number": "",
  "detail": [
    {
      "content": "WATER",
      "amount": "0.00",
      "ifTax": false
    },
    {
      "content": "ENCH VERDE",
      "amount": "12.50",
      "ifTax": false
    },
    {
      "content": "ENCH MANUEL",
      "amount": "12.80",
      "ifTax": false
    },
    {
      "content": "Tax",
      "amount": "1.78",
      "ifTax": true
    }
  ]
}