{
  "type": "other",
  "std_start_time": "",
  "orig_start_time": "",
  "std_end_time": "",
  "orig_end_time": "",
  "std_invoice_time": "",
  "orig_invoice_time": "",
  "place": "USA-Ohio",
  "departure": "",
  "arrival": "",
  "std_curr": "USD",
  "orig_curr": [
    "FINDLAY OH"
  ],
  "std_total": "45.95",
  "orig_total": "45.95",
  "seller_name": [
    "Walmart"
  ],
  "seller_address": [
    "USA-Ohio"
  ],
  "invoice_number": "",
  "tax_number": "",
  "detail": [
    {
      "content": "CORN CHEX",
      "amount": "3.18",
      "ifTax": true
    },
    {
      "content": "RICE KRISPY",
      "amount": "2.98",
      "ifTax": true
    },
    {
      "content": "KIX CEREAL",
      "amount": "2.98",
      "ifTax": true
    },
    {
      "content": "GV FF MILK",
      "amount": "2.72",
      "ifTax": true
    },
    {
      "content": "GV FF MILK",
      "amount": "2.72",
      "ifTax": true
    },
    {
      "content": "GV ALH UNSUN",
      "amount": "2.57",
      "ifTax": true
    },
    {
      "content": "DAIRYREDUCT",
      "amount": "1.27",
      "ifTax": true
    },
    {
      "content": "DAIRYREDUCT",
      "amount": "1.27",
      "ifTax": true
    },
    {
      "content": "DAIRYREDUCT",
      "amount": "1.27",
      "ifTax": true
    },
    {
      "content": "CELERY STALK",
      "amount": "1.48",
      "ifTax": true
    },
    {
      "content": "LB WHT CORN",
      "amount": "3.38",
      "ifTax": true
    },
    {
      "content": "HOTTS JCE",
      "amount": "2.48",
      "ifTax": true
    },
    {
      "content": "NORTH BEAN",
      "amount": "0.92",
      "ifTax": true
    },
    {
      "content": "NAVY BEAN",
      "amount": "0.92",
      "ifTax": true
    },
    {
      "content": "NORTH BEAN",
      "amount": "0.92",
      "ifTax": true
    },
    {
      "content": "NAVY BEAN",
      "amount": "0.92",
      "ifTax": true
    },
    {
      "content": "GV SHRFIESTA",
      "amount": "13.97",
      "ifTax": true
    }
  ]
}