{
  "type": "other",
  "std_start_time": "2021-10-28",
  "orig_start_time": "28 October, 2021",
  "std_end_time": "",
  "orig_end_time": "",
  "std_invoice_time": "2021-10-28",
  "orig_invoice_time": "28 October, 2021",
  "place": "Egypt-New Cairo",
  "departure": "",
  "arrival": "",
  "std_curr": "EGP",
  "orig_curr": [
    "EGP",
    "New Cairo"
  ],
  "std_total": "39.90",
  "orig_total": "39.90",
  "seller_name": [
    "Breadfast"
  ],
  "seller_address": [
    "Egypt-New Cairo"
  ],
  "invoice_number": "2812-1892935",
  "tax_number": "",
  "detail": [
    {
      "content": "Medium Burger Buns",
      "amount": "4.00",
      "ifTax": true
    },
    {
      "content": "Cream Pastry Donut",
      "amount": "40.00",
      "ifTax": true
    },
    {
      "content": "Delivery",
      "amount": "10.00",
      "ifTax": false
    },
    {
      "content": "Current Balance",
      "amount": "-14.10",
      "ifTax": false
    }
  ]
}