{
  "type": "other",
  "std_start_time": "2022-09-17",
  "orig_start_time": "17-Sep-22",
  "std_end_time": "",
  "orig_end_time": "",
  "std_invoice_time": "2022-09-17",
  "orig_invoice_time": "17-Sep-22",
  "place": "Egypt-Cairo",
  "departure": "",
  "arrival": "",
  "std_curr": "EGP",
  "orig_curr": [
    "LE",
    "Cairo"
  ],
  "std_total": "399.00",
  "orig_total": "399.00",
  "seller_name": [
    "LC WAIKIKI"
  ],
  "seller_address": [
    "Egypt-Cairo"
  ],
  "invoice_number": "200300000000099988",
  "tax_number": "379-456-249",
  "detail": [
    {
      "content": "WOVEN BLOUSE - SHIRT LONG-SLEEVED",
      "amount": "399.00",
      "ifTax": true
    }
  ]
}