{
  "type": "other",
  "std_start_time": "",
  "orig_start_time": "",
  "std_end_time": "",
  "orig_end_time": "",
  "std_invoice_time": "",
  "orig_invoice_time": "",
  "place": "USA-Alameda",
  "departure": "",
  "arrival": "",
  "std_curr": "USD",
  "orig_curr": [
    "Alameda",
    "$"
  ],
  "std_total": "89.37",
  "orig_total": "89.37",
  "seller_name": [
    "King Soopers"
  ],
  "seller_address": [
    "USA-Alameda\n"
  ],
  "invoice_number": "",
  "tax_number": "",
  "detail": [
    {
      "content": "ONIONS YLW",
      "amount": "0.75",
      "ifTax": false
    },
    {
      "content": "ONIONS YlW",
      "amount": "-0.18",
      "ifTax": false
    },
    {
      "content": "ST101 ALMOND MILK",
      "amount": "2.89",
      "ifTax": false
    },
    {
      "content": "AMYS MAC&CHS",
      "amount": "2.99",
      "ifTax": false
    },
    {
      "content": "MZFR FRS MOZ",
      "amount": "4.79",
      "ifTax": false
    },
    {
      "content": "GREEN PEPPER",
      "amount": "0.99",
      "ifTax": false
    },
    {
      "content": "PPR RED BELL",
      "amount": "1.89",
      "ifTax": false
    },
    {
      "content": "AECO QUINOA",
      "amount": "8.99",
      "ifTax": false
    },
    {
      "content": "LAFVR CHIPS",
      "amount": "1.99",
      "ifTax": false
    },
    {
      "content": "CHRMN BASIC",
      "amount": "8.99",
      "ifTax": false
    },
    {
      "content": "CHRMN BASIC(6.49)",
      "amount": "-2.50",
      "ifTax": false
    },
    {
      "content": "GGDS YOGURT",
      "amount": "3.89",
      "ifTax": false
    },
    {
      "content": "KRO CLNTR LV",
      "amount": "1.99",
      "ifTax": false
    },
    {
      "content": "UDIS BREAD",
      "amount": "5.99",
      "ifTax": false
    },
    {
      "content": "BRNK GRANOLA",
      "amount": "3.79",
      "ifTax": false
    },
    {
      "content": "FRSC 4 CHEESE",
      "amount": "9.99",
      "ifTax": false
    },
    {
      "content": "eCPN Freschetta",
      "amount": "-2.00",
      "ifTax": false
    },
    {
      "content": "BRNK CEREAL",
      "amount": "3.79",
      "ifTax": false
    },
    {
      "content": "eCpn BEAR NAKED",
      "amount": "-1.00",
      "ifTax": false
    },
    {
      "content": "KRO PEPPER JACK",
      "amount": "6.49",
      "ifTax": false
    },
    {
      "content": "KRO PEPPER",
      "amount": "-3.50",
      "ifTax": false
    },
    {
      "content": "JIF PNT BTR",
      "amount": "2.99",
      "ifTax": false
    },
    {
      "content": "DNSN CHILI W/BEANS",
      "amount": "2.19",
      "ifTax": false
    },
    {
      "content": "KUNER GARBANZO BEA",
      "amount": "0.89",
      "ifTax": false
    },
    {
      "content": "KNR BLACK BEANS",
      "amount": "0.89",
      "ifTax": false
    },
    {
      "content": "NAKD JUICE",
      "amount": "3.89",
      "ifTax": false
    },
    {
      "content": "GGDS YOGURT",
      "amount": "3.89",
      "ifTax": false
    },
    {
      "content": "HFNG SAUCE",
      "amount": "2.99",
      "ifTax": false
    },
    {
      "content": "CLAS D ROMA ARBBIT",
      "amount": "3.19",
      "ifTax": false
    },
    {
      "content": "CLAS D ROMA(2.99)",
      "amount": "-0.20",
      "ifTax": false
    },
    {
      "content": "ITL GRDN LME",
      "amount": "0.99",
      "ifTax": false
    },
    {
      "content": "CFMT CREAMER",
      "amount": "2.79",
      "ifTax": false
    },
    {
      "content": "KNR L/S KIDNEY BEA",
      "amount": "0.89",
      "ifTax": false
    },
    {
      "content": "TAPATIO HOT SCE",
      "amount": "1.39",
      "ifTax": false
    },
    {
      "content": "KR NSA CUT GRN BNS",
      "amount": "0.69",
      "ifTax": false
    },
    {
      "content": "KR NSA CUT G",
      "amount": "-0.02",
      "ifTax": false
    },
    {
      "content": "TAX",
      "amount": "0.90",
      "ifTax": true
    }
  ]
}