{
  "type": "other",
  "std_start_time": "2023-06-15",
  "orig_start_time": "06/15/23",
  "std_end_time": "",
  "orig_end_time": "",
  "std_invoice_time": "2023-06-15",
  "orig_invoice_time": "06/15/23",
  "place": "",
  "departure": "",
  "arrival": "",
  "std_curr": "EGP",
  "orig_curr": [
    "LE"
  ],
  "std_total": "48.00",
  "orig_total": "48.00",
  "seller_name": [
    "Emarat Misr"
  ],
  "seller_address": [],
  "invoice_number": "0000210-P3000175897",
  "tax_number": "",
  "detail": [
    {
      "content": "HEETS TURQUOISE 20 pcs",
      "amount": "48.00",
      "ifTax": false
    }
  ]
}