{
  "type": "other",
  "std_start_time": "",
  "orig_start_time": "",
  "std_end_time": "",
  "orig_end_time": "",
  "std_invoice_time": "2023-04-17",
  "orig_invoice_time": "17/4/2023",
  "place": "Egypt-New Cairo",
  "departure": "",
  "arrival": "",
  "std_curr": "EGP",
  "orig_curr": [
    "LE",
    "New Cairo"
  ],
  "std_total": "745.00",
  "orig_total": "745.00",
  "seller_name": [
    "GOURMET FOOD STORES"
  ],
  "seller_address": [
    "Egypt-New Cairo"
  ],
  "invoice_number": "880000013633",
  "tax_number": "",
  "detail": [
    {
      "content": "Kellogg's Frosties Cereal",
      "amount": "185.00",
      "ifTax": true
    },
    {
      "content": "C.K Jam Sable 400g",
      "amount": "135.00",
      "ifTax": true
    },
    {
      "content": "C.K Chocolate Sable 450",
      "amount": "150.00",
      "ifTax": true
    },
    {
      "content": "Gourmet Walnut Kahk 50",
      "amount": "275.00",
      "ifTax": true
    }
  ]
}