{
  "type": "other",
  "std_start_time": "2012-01-14",
  "orig_start_time": "01/14/2012",
  "std_end_time": "",
  "orig_end_time": "",
  "std_invoice_time": "2012-01-14",
  "orig_invoice_time": "01/14/2012",
  "place": "USA-San Clemente",
  "departure": "",
  "arrival": "",
  "std_curr": "USD",
  "orig_curr": [
    "San Clemente"
  ],
  "std_total": "14.92",
  "orig_total": "14.92",
  "seller_name": [
    "CHIPOTLE MEXICAN GRILL"
  ],
  "seller_address": [
    "USA-San Clemente"
  ],
  "invoice_number": "378",
  "tax_number": "",
  "detail": [
    {
      "content": "Steak Bowl",
      "amount": "6.35",
      "ifTax": false
    },
    {
      "content": "Chk Faj Bowl",
      "amount": "5.95",
      "ifTax": false
    },
    {
      "content": "Small Soda",
      "amount": "1.55",
      "ifTax": false
    },
    {
      "content": "Tax",
      "amount": "1.07",
      "ifTax": true
    }
  ]
}