{
  "type": "other",
  "std_start_time": "2023-03-09",
  "orig_start_time": "09/03/23",
  "std_end_time": "",
  "orig_end_time": "",
  "std_invoice_time": "2023-03-09",
  "orig_invoice_time": "09/03/23",
  "place": "",
  "departure": "",
  "arrival": "",
  "std_curr": "EGP",
  "orig_curr": [
    "LE"
  ],
  "std_total": "33.00",
  "orig_total": "33.00",
  "seller_name": [
    "Emarat Misr"
  ],
  "seller_address": [],
  "invoice_number": "",
  "tax_number": "",
  "detail": [
    {
      "content": "WINSTON BLUE PACK pcs",
      "amount": "33.00",
      "ifTax": false
    }
  ]
}