{
  "type": "other",
  "std_start_time": "2016-07-13",
  "orig_start_time": "13/07/2016",
  "std_end_time": "",
  "orig_end_time": "",
  "std_invoice_time": "2016-07-13",
  "orig_invoice_time": "13/07/2016 ",
  "place": " ",
  "departure": "",
  "arrival": "",
  "std_curr": "USD",
  "orig_curr": [
    " "
  ],
  "std_total": "55.67",
  "orig_total": "55.67",
  "seller_name": [
    "XIN WANG"
  ],
  "seller_address": [
    " "
  ],
  "invoice_number": "T001",
  "tax_number": "20-0711630-D",
  "detail": [
    {
      "content": "(705)Xoap1",
      "amount": "1.70",
      "ifTax": false
    },
    {
      "content": "(074)Wonton Soup Noodle",
      "amount": "8.90",
      "ifTax": false
    },
    {
      "content": "(503)Spicy P.Dices Soup Ndi",
      "amount": "7.80",
      "ifTax": false
    },
    {
      "content": "(043)Pork Chop Bk Rice",
      "amount": "12.50",
      "ifTax": false
    },
    {
      "content": "(545)Chicken Flos Fried Rice",
      "amount": "10.50",
      "ifTax": false
    },
    {
      "content": "(110)F.Toast PeanutButter",
      "amount": "5.90",
      "ifTax": false
    },
    {
      "content": "10% SVC CHG",
      "amount": "4.73",
      "ifTax": false
    },
    {
      "content": "7% GST",
      "amount": "3.64",
      "ifTax": true
    }
  ]
}