{
  "type": "other",
  "std_start_time": "2011-09-23",
  "orig_start_time": "23/09/11",
  "std_end_time": "",
  "orig_end_time": "",
  "std_invoice_time": "2011-09-23",
  "orig_invoice_time": "23/09/11",
  "place": "Malaysia-Tanjung Pinang",
  "departure": "",
  "arrival": "",
  "std_curr": "MYR",
  "orig_curr": [
    "Tanjung Pinang"
  ],
  "std_total": "17.76",
  "orig_total": "17.76",
  "seller_name": [
    "TESCO"
  ],
  "seller_address": [
    "Malaysia-Tanjung Pinang"
  ],
  "invoice_number": "",
  "tax_number": "",
  "detail": [
    {
      "content": "09556001030221 NESTLE BLI",
      "amount": "3.79",
      "ifTax": false
    },
    {
      "content": "09556001030375 NESTLE BLI",
      "amount": "3.79",
      "ifTax": false
    },
    {
      "content": "09555106308303 SENSOR NIG",
      "amount": "5.09",
      "ifTax": false
    },
    {
      "content": "09555106308303 SENSOR NIG",
      "amount": "5.09",
      "ifTax": false
    }
  ]
}