{
  "type": "other",
  "std_start_time": "2013-05-08",
  "orig_start_time": "MAY 8,2013",
  "std_end_time": "",
  "orig_end_time": "",
  "std_invoice_time": "2013-05-08",
  "orig_invoice_time": "MAY 8,2013",
  "place": "USA",
  "departure": "",
  "arrival": "",
  "std_curr": "USD",
  "orig_curr": [
    "$"
  ],
  "std_total": "147.42",
  "orig_total": "147.42",
  "seller_name": [],
  "seller_address": [
    "USA"
  ],
  "invoice_number": "",
  "tax_number": "",
  "detail": [
    {
      "content": "Margarita Pizza",
      "amount": "12.00",
      "ifTax": false
    },
    {
      "content": "Margarita Pizza",
      "amount": "12.00",
      "ifTax": false
    },
    {
      "content": "Bacon Pizza",
      "amount": "13.00",
      "ifTax": false
    },
    {
      "content": "SPECIAL DRINK",
      "amount": "25.00",
      "ifTax": false
    },
    {
      "content": "SPECIAL DRINK",
      "amount": "25.00",
      "ifTax": false
    },
    {
      "content": "Corona",
      "amount": "10.00",
      "ifTax": false
    },
    {
      "content": "Corona",
      "amount": "10.00",
      "ifTax": false
    },
    {
      "content": "Bud",
      "amount": "10.00",
      "ifTax": false
    },
    {
      "content": "TAX",
      "amount": "10.53",
      "ifTax": true
    },
    {
      "content": "17% GRATUITY",
      "amount": "19.89",
      "ifTax": true
    }
  ]
}