{
  "type": "other",
  "std_start_time": "2015-03-14",
  "orig_start_time": "14/03/2015",
  "std_end_time": "",
  "orig_end_time": "",
  "std_invoice_time": "2015-03-14",
  "orig_invoice_time": "14/03/2015",
  "place": "",
  "departure": "",
  "arrival": "",
  "std_curr": "GBP",
  "orig_curr": [
    "£",
    "Seahouses"
  ],
  "std_total": "13.90",
  "orig_total": "13.90",
  "seller_name": [
    "Pinnacles Restaurant"
  ],
  "seller_address": [],
  "invoice_number": "000041",
  "tax_number": "",
  "detail": [
    {
      "content": "COD/HAD CHIPS",
      "amount": "6.95",
      "ifTax": false
    },
    {
      "content": "COD/HAD CHIPS",
      "amount": "6.95",
      "ifTax": false
    }
  ]
}