{
  "type": "other",
  "std_start_time": "2018-08-23",
  "orig_start_time": "23AUG'18",
  "std_end_time": "",
  "orig_end_time": "",
  "std_invoice_time": "2018-08-23",
  "orig_invoice_time": "23AUG'18 ",
  "place": "",
  "departure": "",
  "arrival": "",
  "std_curr": "USD",
  "orig_curr": [],
  "std_total": "0.00",
  "orig_total": "1390.00",
  "seller_name": [],
  "seller_address": [
    "Kenyan"
  ],
  "invoice_number": "",
  "tax_number": "0179502U",
  "detail": [
    {
      "content": "1 Onion Rings",
      "amount": "415.25",
      "ifTax": false
    },
    {
      "content": "1 1L LightBrew COLD",
      "amount": "762.71",
      "ifTax": false
    },
    {
      "content": "VAT",
      "amount": "188.47",
      "ifTax": true
    },
    {
      "content": "CTL",
      "amount": "23.56",
      "ifTax": true
    },
    {
      "content": "Rounding",
      "amount": "0.01",
      "ifTax": false
    }
  ]
}