{
  "type": "other",
  "std_start_time": "2025-04-01",
  "orig_start_time": "APR 1",
  "std_end_time": "",
  "orig_end_time": "",
  "std_invoice_time": "2025-04-01",
  "orig_invoice_time": "APR 1",
  "place": "",
  "departure": "",
  "arrival": "",
  "std_curr": "USD",
  "orig_curr": [
    "$"
  ],
  "std_total": "3.70",
  "orig_total": "3.70",
  "seller_name": [
    "The Kroger Co."
  ],
  "seller_address": [],
  "invoice_number": "",
  "tax_number": "",
  "detail": [
    {
      "content": "Gr A",
      "amount": "0.39",
      "ifTax": false
    },
    {
      "content": "Gr A",
      "amount": "0.49",
      "ifTax": false
    },
    {
      "content": "Gr A",
      "amount": "0.27",
      "ifTax": false
    },
    {
      "content": "Gr A",
      "amount": "0.18",
      "ifTax": false
    },
    {
      "content": "Gr A",
      "amount": "0.29",
      "ifTax": false
    },
    {
      "content": "Gr A",
      "amount": "0.22",
      "ifTax": false
    },
    {
      "content": "Mt A",
      "amount": "0.12",
      "ifTax": false
    },
    {
      "content": "Mt A",
      "amount": "0.43",
      "ifTax": false
    },
    {
      "content": "Mt A",
      "amount": "0.43",
      "ifTax": false
    },
    {
      "content": "Pr A",
      "amount": "0.59",
      "ifTax": false
    },
    {
      "content": "Pr A",
      "amount": "0.29",
      "ifTax": false
    }
  ]
}