{
  "type": "other",
  "std_start_time": "2012-04-19",
  "orig_start_time": "14/09/2012",
  "std_end_time": "",
  "orig_end_time": "",
  "std_invoice_time": "2012-04-19",
  "orig_invoice_time": "14/09/2012",
  "place": "Singapore-Singapore",
  "departure": "",
  "arrival": "",
  "std_curr": "SGD",
  "orig_curr": [
    "Singapore"
  ],
  "std_total": "0.00",
  "orig_total": "",
  "seller_name": [
    "Prive Grill"
  ],
  "seller_address": [
    "Singapore-Singapore"
  ],
  "invoice_number": "",
  "tax_number": "200716810H",
  "detail": [
    {
      "content": "2 FIJI WATER, 100ML",
      "amount": "20.00",
      "ifTax": false
    },
    {
      "content": "1 HARMONY RIBEYE",
      "amount": "58.00",
      "ifTax": false
    },
    {
      "content": "** ROSEMARY SAUCE",
      "amount": "3.00",
      "ifTax": false
    },
    {
      "content": "1 JOSPER SEABASS",
      "amount": "42.00",
      "ifTax": false
    },
    {
      "content": "1 GRILLED ASPARAGUS",
      "amount": "8.00",
      "ifTax": false
    },
    {
      "content": "1 TWICE BAKED POTATOES",
      "amount": "8.00",
      "ifTax": false
    },
    {
      "content": "1 CAESAR SALAD",
      "amount": "15.00",
      "ifTax": false
    },
    {
      "content": "1 JAMON IBERICO",
      "amount": "32.00",
      "ifTax": false
    },
    {
      "content": "1 RM40 BAROLO GDV'07",
      "amount": "145.00",
      "ifTax": false
    },
    {
      "content": "SUBTL",
      "amount": "331.00",
      "ifTax": false
    },
    {
      "content": "10% SVC CHG",
      "amount": "33.10",
      "ifTax": true
    },
    {
      "content": "7% GST",
      "amount": "25.49",
      "ifTax": true
    }
  ]
}