{
  "type": "other",
  "std_start_time": "2016-07-22",
  "orig_start_time": "07/22/16",
  "std_end_time": "",
  "orig_end_time": "",
  "std_invoice_time": "2016-07-22",
  "orig_invoice_time": "07/22/16",
  "place": "USA-Westminster",
  "departure": "",
  "arrival": "",
  "std_curr": "USD",
  "orig_curr": [
    "Westminster"
  ],
  "std_total": "12.58",
  "orig_total": "12.58",
  "seller_name": [
    "Walmart"
  ],
  "seller_address": [
    "USA-Westminster"
  ],
  "invoice_number": "62050604401",
  "tax_number": "",
  "detail": [
    {
      "content": "DIABETES",
      "amount": "12.58",
      "ifTax": false
    }
  ]
}