{
  "type": "other",
  "std_start_time": "2016-11-26",
  "orig_start_time": "26/11/2016",
  "std_end_time": "",
  "orig_end_time": "",
  "std_invoice_time": "2016-11-26",
  "orig_invoice_time": "26/11/2016",
  "place": "India-Delhi",
  "departure": "",
  "arrival": "",
  "std_curr": "INR",
  "orig_curr": [
    "Delhi"
  ],
  "std_total": "0.00",
  "orig_total": "5,241.00",
  "seller_name": [
    "HAVELI DHARAMPURA"
  ],
  "seller_address": [
    "India-Delhi"
  ],
  "invoice_number": "SOP/3015",
  "tax_number": "",
  "detail": [
    {
      "content": "SHIKANJI",
      "amount": "230.00",
      "ifTax": false
    },
    {
      "content": "FIX MENU VEG",
      "amount": "0.00",
      "ifTax": false
    },
    {
      "content": "CHAAACH",
      "amount": "230.00",
      "ifTax": false
    },
    {
      "content": "VAT@12.5%",
      "amount": "507.50",
      "ifTax": true
    },
    {
      "content": "Service Charge@10%",
      "amount": "406.00",
      "ifTax": false
    },
    {
      "content": "Service Tax 5.6%",
      "amount": "250.10",
      "ifTax": true
    },
    {
      "content": "Swachh Bharat Cess .2%",
      "amount": "8.93",
      "ifTax": true
    },
    {
      "content": "K.K Cess .2%",
      "amount": "8.93",
      "ifTax": true
    },
    {
      "content": "Other Disc.",
      "amount": "0.00",
      "ifTax": false
    },
    {
      "content": "Round off",
      "amount": "-0.46",
      "ifTax": false
    }
  ]
}