{
  "type": "other",
  "std_start_time": "2016-09-24",
  "orig_start_time": "nan",
  "std_end_time": "",
  "orig_end_time": "",
  "std_invoice_time": "2016-09-24",
  "orig_invoice_time": "'16",
  "place": "Canada-Montreal",
  "departure": "",
  "arrival": "",
  "std_curr": "CAD",
  "orig_curr": [
    "MONTREAL"
  ],
  "std_total": "30.86",
  "orig_total": "30.86",
  "seller_name": [
    "BURGER KING"
  ],
  "seller_address": [
    "Canada-Montreal"
  ],
  "invoice_number": "",
  "tax_number": "",
  "detail": [
    {
      "content": "1 C WHP DB CHS M",
      "amount": "13.09",
      "ifTax": false
    },
    {
      "content": "C POUTINE C SODA FTN M",
      "amount": "2.59",
      "ifTax": false
    },
    {
      "content": "1 WHP JR",
      "amount": "3.59",
      "ifTax": false
    },
    {
      "content": "1 WHP JR",
      "amount": "3.59",
      "ifTax": false
    },
    {
      "content": "XTR AMERICAN FMG",
      "amount": "0.69",
      "ifTax": false
    },
    {
      "content": "1 BTNNTS MOZZ",
      "amount": "3.29",
      "ifTax": false
    },
    {
      "content": "26.84 T.P.S. 217010",
      "amount": "1.34",
      "ifTax": true
    },
    {
      "content": "26.84 T.V.Q. 217101",
      "amount": "2.68",
      "ifTax": true
    }
  ]
}