{
  "type": "other",
  "std_start_time": "2017-05-10",
  "orig_start_time": "10 May 17",
  "std_end_time": "",
  "orig_end_time": "",
  "std_invoice_time": "2017-05-10",
  "orig_invoice_time": "10 May 17",
  "place": "Malaysia-Kuala Lumpur",
  "departure": "",
  "arrival": "",
  "std_curr": "MYR",
  "orig_curr": [
    "S",
    "Kuala Lumpur"
  ],
  "std_total": "0.00",
  "orig_total": "78,478.80",
  "seller_name": [],
  "seller_address": [
    "Malaysia-Kuala Lumpur"
  ],
  "invoice_number": "",
  "tax_number": "000828801536",
  "detail": [
    {
      "content": "Chateau Margaux '99",
      "amount": "0.00",
      "ifTax": false
    },
    {
      "content": "Cht Margaux '98",
      "amount": "0.00",
      "ifTax": false
    },
    {
      "content": "Cht Pavie '05",
      "amount": "0.00",
      "ifTax": false
    },
    {
      "content": "Lobster Salad @138.00",
      "amount": "414.00",
      "ifTax": false
    },
    {
      "content": "Bone Marrow @128.00",
      "amount": "512.00",
      "ifTax": false
    },
    {
      "content": "Tomahawk 1.6kg @1,380.00",
      "amount": "0.00",
      "ifTax": false
    },
    {
      "content": "Lamb Rack",
      "amount": "158.00",
      "ifTax": false
    },
    {
      "content": "Spring Chicken",
      "amount": "128.00",
      "ifTax": false
    },
    {
      "content": "Steak Fries @18.00",
      "amount": "54.00",
      "ifTax": false
    },
    {
      "content": "Portobello Mahroom @18.00",
      "amount": "54.00",
      "ifTax": false
    },
    {
      "content": "Creamed Spinach @26.00",
      "amount": "78.00",
      "ifTax": false
    },
    {
      "content": "Truffle Mash @18.00",
      "amount": "54.00",
      "ifTax": false
    },
    {
      "content": "Cristal Champgn @3,888.00",
      "amount": "0.00",
      "ifTax": false
    },
    {
      "content": "Choc Fondant @48.00",
      "amount": "144.00",
      "ifTax": false
    },
    {
      "content": "Creme Brulee @38.00",
      "amount": "114.00",
      "ifTax": false
    },
    {
      "content": "MV Still 750ml @28.00",
      "amount": "308.00",
      "ifTax": false
    },
    {
      "content": "Open Food OSETRA CAVIA",
      "amount": "0.00",
      "ifTax": false
    },
    {
      "content": "Open Food OSETRA CAVIA",
      "amount": "0.00",
      "ifTax": false
    },
    {
      "content": "Open Food OSETRA CAVIA",
      "amount": "0.00",
      "ifTax": false
    },
    {
      "content": "Open Food OSETRA CAVIA",
      "amount": "0.00",
      "ifTax": false
    },
    {
      "content": "Open Food @98.00 SPECTAL CHEESE",
      "amount": "0.00",
      "ifTax": false
    },
    {
      "content": "SPECIAL CHEESE",
      "amount": "0.00",
      "ifTax": false
    },
    {
      "content": "10% Srv Chg",
      "amount": "0.00",
      "ifTax": false
    },
    {
      "content": "GST @6%",
      "amount": "0.00",
      "ifTax": true
    }
  ]
}