{
  "type": "other",
  "std_start_time": "2023-08-08",
  "orig_start_time": "08.08.2023",
  "std_end_time": "",
  "orig_end_time": "",
  "std_invoice_time": "2023-08-08",
  "orig_invoice_time": "08.08.2023",
  "place": "Egypt-New Cairo",
  "departure": "",
  "arrival": "",
  "std_curr": "EGP",
  "orig_curr": [
    "EGP",
    "New Cairo"
  ],
  "std_total": "183.75",
  "orig_total": "183.75",
  "seller_name": [
    "Lulu Hypermarket"
  ],
  "seller_address": [
    "Egypt-New Cairo"
  ],
  "invoice_number": "477681",
  "tax_number": "",
  "detail": [
    {
      "content": "Foul Medames&Filafil Platter",
      "amount": "156.00",
      "ifTax": false
    },
    {
      "content": "Filafil Sandwich",
      "amount": "18.00",
      "ifTax": false
    },
    {
      "content": "7 Up Can Regular 330ml",
      "amount": "9.75",
      "ifTax": false
    }
  ]
}