{
  "type": "other",
  "std_start_time": "2018-03-25",
  "orig_start_time": "25 Mar 2018",
  "std_end_time": "",
  "orig_end_time": "",
  "std_invoice_time": "2018-03-25",
  "orig_invoice_time": "25 Mar 2018",
  "place": "United Kingdom-West Bridgford",
  "departure": "",
  "arrival": "",
  "std_curr": "GBP",
  "orig_curr": [
    "£",
    "West Bridgford"
  ],
  "std_total": "54.65",
  "orig_total": "54.65",
  "seller_name": [
    "The Botanist"
  ],
  "seller_address": [
    "United Kingdom-West Bridgford"
  ],
  "invoice_number": "3171",
  "tax_number": "",
  "detail": [
    {
      "content": "Passion Basil Cr",
      "amount": "7.95",
      "ifTax": false
    },
    {
      "content": "Black Rasberry Fizz",
      "amount": "7.95",
      "ifTax": false
    },
    {
      "content": "Lamb Kebab",
      "amount": "12.75",
      "ifTax": false
    },
    {
      "content": "Squash Pie",
      "amount": "11.50",
      "ifTax": false
    },
    {
      "content": "Tenderstem Broco",
      "amount": "3.50",
      "ifTax": false
    },
    {
      "content": "Mochachoka",
      "amount": "5.50",
      "ifTax": false
    },
    {
      "content": "Sticky Toffee Pu",
      "amount": "5.50",
      "ifTax": false
    },
    {
      "content": "Glass Water",
      "amount": "0.00",
      "ifTax": false
    }
  ]
}