{
  "type": "other",
  "std_start_time": "",
  "orig_start_time": "",
  "std_end_time": "",
  "orig_end_time": "",
  "std_invoice_time": "",
  "orig_invoice_time": "",
  "place": "",
  "departure": "",
  "arrival": "",
  "std_curr": "EGP",
  "orig_curr": [
    "EGP"
  ],
  "std_total": "132.20",
  "orig_total": "",
  "seller_name": [
    "Breakfast"
  ],
  "seller_address": [],
  "invoice_number": "219-3887661",
  "tax_number": "",
  "detail": [
    {
      "content": "5 Petits Pains",
      "amount": "12.00",
      "ifTax": true
    },
    {
      "content": "5 Soft Bread",
      "amount": "10.00",
      "ifTax": true
    },
    {
      "content": "5 Mini Cheese Croissants",
      "amount": "32.00",
      "ifTax": true
    },
    {
      "content": "Nutella Donut",
      "amount": "22.00",
      "ifTax": true
    },
    {
      "content": "Cream Pastry Donut",
      "amount": "20.00",
      "ifTax": true
    },
    {
      "content": "Halwani Beef Luncheon With Olive (200g)",
      "amount": "29.00",
      "ifTax": true
    },
    {
      "content": "Roumi - Batarekh (20g)",
      "amount": "24.95",
      "ifTax": true
    },
    {
      "content": "Cook's Cake Improver & Baking Powder (18g)",
      "amount": "3.00",
      "ifTax": true
    },
    {
      "content": "Cook's Cake Baking Powder (16g)",
      "amount": "8.00",
      "ifTax": true
    },
    {
      "content": "Pinar Labneh (370g)",
      "amount": "61.25",
      "ifTax": true
    },
    {
      "content": "Discount",
      "amount": "-100.00",
      "ifTax": false
    },
    {
      "content": "Delivery",
      "amount": "10.00",
      "ifTax": false
    }
  ]
}