{
  "type": "other",
  "std_start_time": "2014-03-10",
  "orig_start_time": "03/10/2014",
  "std_end_time": "",
  "orig_end_time": "",
  "std_invoice_time": "2014-03-10",
  "orig_invoice_time": "03/10/2014",
  "place": "",
  "departure": "",
  "arrival": "",
  "std_curr": "USD",
  "orig_curr": [],
  "std_total": "317.14",
  "orig_total": "317.14",
  "seller_name": [
    "Gavin DeGraw"
  ],
  "seller_address": [],
  "invoice_number": "204496",
  "tax_number": "",
  "detail": [
    {
      "content": "New Hats",
      "amount": "118.17",
      "ifTax": false
    },
    {
      "content": "Lots of Coffee",
      "amount": "44.87",
      "ifTax": false
    },
    {
      "content": "BTLs Water",
      "amount": "104.12",
      "ifTax": false
    },
    {
      "content": "Large Pillow",
      "amount": "19.99",
      "ifTax": false
    },
    {
      "content": "Video Games/DVDs",
      "amount": "29.99",
      "ifTax": false
    }
  ]
}