{
  "type": "other",
  "std_start_time": "2021-07-30",
  "orig_start_time": "30-Jul-21",
  "std_end_time": "",
  "orig_end_time": "",
  "std_invoice_time": "2021-07-30",
  "orig_invoice_time": "30-Jul-21",
  "place": "",
  "departure": "",
  "arrival": "",
  "std_curr": "EGP",
  "orig_curr": [
    "LE,EGP"
  ],
  "std_total": "222.00",
  "orig_total": "222.00",
  "seller_name": [
    "LC WAIKIKI"
  ],
  "seller_address": [],
  "invoice_number": "080100000000107747",
  "tax_number": "379-456-249",
  "detail": [
    {
      "content": "JERSEY BODY - T-SHIRT SHORT-SLEEVED",
      "amount": "34.00",
      "ifTax": true
    },
    {
      "content": "WOVEN TROUSERS",
      "amount": "89.00",
      "ifTax": true
    },
    {
      "content": "WOVEN DENIM TROUSERS",
      "amount": "99.00",
      "ifTax": true
    }
  ]
}