{
  "type": "other",
  "std_start_time": "2017-09-17",
  "orig_start_time": "09/17/17",
  "std_end_time": "",
  "orig_end_time": "",
  "std_invoice_time": "2017-09-17",
  "orig_invoice_time": "09/17/17",
  "place": "",
  "departure": "",
  "arrival": "",
  "std_curr": "USD",
  "orig_curr": [],
  "std_total": "77.60",
  "orig_total": "77.60",
  "seller_name": [
    "Boston Pizza"
  ],
  "seller_address": [],
  "invoice_number": "",
  "tax_number": "89379 0592 RT001",
  "detail": [
    {
      "content": "BAR QUECH, black raspberry",
      "amount": "3.30",
      "ifTax": false
    },
    {
      "content": "BAR QUECH, cucumber lime",
      "amount": "3.30",
      "ifTax": false
    },
    {
      "content": "N.S. POP",
      "amount": "3.30",
      "ifTax": false
    },
    {
      "content": "FRIED CHICKEN, medium w/ranch",
      "amount": "12.75",
      "ifTax": false
    },
    {
      "content": "MENU VEGGIE",
      "amount": "17.50",
      "ifTax": false
    },
    {
      "content": "S-T-C HAWAIIAN",
      "amount": "15.00",
      "ifTax": false
    },
    {
      "content": "SPAG SHRIMP",
      "amount": "18.75",
      "ifTax": false
    },
    {
      "content": "QUENCH REFILL, black raspberry",
      "amount": "0.00",
      "ifTax": false
    },
    {
      "content": "GST",
      "amount": "3.70",
      "ifTax": true
    }
  ]
}