{
  "type": "other",
  "std_start_time": "2015-10-20",
  "orig_start_time": "10/20/2015",
  "std_end_time": "",
  "orig_end_time": "",
  "std_invoice_time": "2015-10-20",
  "orig_invoice_time": "10/20/2015",
  "place": "USA-North Brunswick",
  "departure": "",
  "arrival": "",
  "std_curr": "USD",
  "orig_curr": [
    "$,North Brunswick"
  ],
  "std_total": "26.73",
  "orig_total": "26.73",
  "seller_name": [
    "TARGET"
  ],
  "seller_address": [
    "USA-North Brunswick"
  ],
  "invoice_number": "#2-5293-2853-0112-0924-0",
  "tax_number": "",
  "detail": [
    {
      "content": "ASUS",
      "amount": "24.98",
      "ifTax": false
    },
    {
      "content": "T = NJ TAX",
      "amount": "1.75",
      "ifTax": true
    }
  ]
}