{
  "type": "other",
  "std_start_time": "2022-02-21",
  "orig_start_time": "21 February 2022",
  "std_end_time": "",
  "orig_end_time": "",
  "std_invoice_time": "2022-02-21",
  "orig_invoice_time": "21 February 2022",
  "place": "Egypt-Al Rehab City",
  "departure": "",
  "arrival": "",
  "std_curr": "EGP",
  "orig_curr": [
    "EGP",
    "Al Rehab City"
  ],
  "std_total": "94.19",
  "orig_total": "94.19",
  "seller_name": [
    "Breadfast"
  ],
  "seller_address": [
    "Egypt-Al Rehab City"
  ],
  "invoice_number": "2120-2649077",
  "tax_number": "",
  "detail": [
    {
      "content": "5 Soft Bread",
      "amount": "10.00",
      "ifTax": true
    },
    {
      "content": "Mini Broche",
      "amount": "4.00",
      "ifTax": true
    },
    {
      "content": "Farm Frites Steak House (750g)",
      "amount": "26.00",
      "ifTax": true
    },
    {
      "content": "Twinkies Icing Vanilla Cake (12 Pcs)",
      "amount": "36.00",
      "ifTax": true
    },
    {
      "content": "Fride Liquid Hand Wash Wild Berries (320g)",
      "amount": "32.00",
      "ifTax": true
    },
    {
      "content": "Discount",
      "amount": "-21.00",
      "ifTax": true
    },
    {
      "content": "Delivery",
      "amount": "10.00",
      "ifTax": true
    },
    {
      "content": "-Current Balance",
      "amount": "-2.21",
      "ifTax": true
    }
  ]
}