{
  "type": "other",
  "std_start_time": "2015-02-03",
  "orig_start_time": "Feb03'15",
  "std_end_time": "",
  "orig_end_time": "",
  "std_invoice_time": "2015-02-03",
  "orig_invoice_time": "Feb03'15",
  "place": "USA-New Orleans",
  "departure": "",
  "arrival": "",
  "std_curr": "USD",
  "orig_curr": [
    "New Orleans "
  ],
  "std_total": "87.53",
  "orig_total": "87.53",
  "seller_name": [
    "FRANKS"
  ],
  "seller_address": [
    "USA-New Orleans"
  ],
  "invoice_number": "",
  "tax_number": "",
  "detail": [
    {
      "content": "GARLICBREAD",
      "amount": "3.95",
      "ifTax": false
    },
    {
      "content": "Diet",
      "amount": "6.00",
      "ifTax": false
    },
    {
      "content": "Iced Tea",
      "amount": "6.00",
      "ifTax": false
    },
    {
      "content": "TASTE OF NO",
      "amount": "33.90",
      "ifTax": false
    },
    {
      "content": "Whole Muff",
      "amount": "14.95",
      "ifTax": false
    },
    {
      "content": "Alfredo",
      "amount": "14.95",
      "ifTax": false
    },
    {
      "content": "Tax",
      "amount": "7.78",
      "ifTax": true
    }
  ]
}