{
  "type": "other",
  "std_start_time": "2017-09-06",
  "orig_start_time": "9/6/2017",
  "std_end_time": "",
  "orig_end_time": "",
  "std_invoice_time": "2017-09-06",
  "orig_invoice_time": "9/6/2017",
  "place": "United States-Chicago",
  "departure": "",
  "arrival": "",
  "std_curr": "USD",
  "orig_curr": [
    "Chicago"
  ],
  "std_total": "22.05",
  "orig_total": "22.05",
  "seller_name": [
    "WINDY CITY HARLEY-DAVIDSON"
  ],
  "seller_address": [
    "United States-Chicago"
  ],
  "invoice_number": "34851",
  "tax_number": "",
  "detail": [
    {
      "content": "WCCHIF WC POKER CHIP AL CAPONE",
      "amount": "20.00",
      "ifTax": false
    },
    {
      "content": "Tax",
      "amount": "2.05",
      "ifTax": true
    }
  ]
}