{
  "type": "other",
  "std_start_time": "2021-11-11",
  "orig_start_time": "11-11-2021",
  "std_end_time": "",
  "orig_end_time": "",
  "std_invoice_time": "2021-11-11",
  "orig_invoice_time": "11-11-2021",
  "place": "Egypt-Cairo",
  "departure": "",
  "arrival": "",
  "std_curr": "EGP",
  "orig_curr": [
    "EGP",
    "Cairo"
  ],
  "std_total": "99.00",
  "orig_total": "99.00",
  "seller_name": [
    "TEMA RETAIL EG S.A.E"
  ],
  "seller_address": [
    "Egypt-Cairo"
  ],
  "invoice_number": "1000518451",
  "tax_number": "",
  "detail": [
    {
      "content": "8681365164211 - سترة",
      "amount": "89.00",
      "ifTax": true
    },
    {
      "content": "Cod Fee - 8681359248811",
      "amount": "10.00",
      "ifTax": true
    }
  ]
}