{
  "type": "other",
  "std_start_time": "2012-12-16",
  "orig_start_time": "12/16/2012",
  "std_end_time": "",
  "orig_end_time": "",
  "std_invoice_time": "2012-12-16",
  "orig_invoice_time": "12/16/2012",
  "place": "",
  "departure": "",
  "arrival": "",
  "std_curr": "USD",
  "orig_curr": [],
  "std_total": "77.85",
  "orig_total": "77.85",
  "seller_name": [],
  "seller_address": [],
  "invoice_number": "",
  "tax_number": "",
  "detail": [
    {
      "content": "Pliny the Elder (3 @7.00)",
      "amount": "21.00",
      "ifTax": true
    },
    {
      "content": "Coke",
      "amount": "2.00",
      "ifTax": true
    },
    {
      "content": "Side Mac n Chee",
      "amount": "4.95",
      "ifTax": true
    },
    {
      "content": "Cheeseburger add Bacon",
      "amount": "12.00",
      "ifTax": true
    },
    {
      "content": "add CCC fries add CCC fries",
      "amount": "2.00",
      "ifTax": true
    },
    {
      "content": "Cheeseburger add Bacon sub Curly Fry",
      "amount": "12.50",
      "ifTax": true
    },
    {
      "content": "Kid's Mac & Cheese",
      "amount": "5.50",
      "ifTax": true
    },
    {
      "content": "Kids Chicken Fingers",
      "amount": "5.95",
      "ifTax": true
    },
    {
      "content": "Vietnamese Tofu",
      "amount": "7.95",
      "ifTax": true
    },
    {
      "content": "Small Orange Juice (2 @2.00)",
      "amount": "4.00",
      "ifTax": true
    }
  ]
}