{
  "type": "other",
  "std_start_time": "2018-05-20",
  "orig_start_time": "5/20/2018",
  "std_end_time": "",
  "orig_end_time": "",
  "std_invoice_time": "2018-05-20",
  "orig_invoice_time": "5/20/2018",
  "place": "USA-Texarkana",
  "departure": "",
  "arrival": "",
  "std_curr": "USD",
  "orig_curr": [
    "$",
    "Texarkana"
  ],
  "std_total": "16.00",
  "orig_total": "16.00",
  "seller_name": [
    "Zips Car Wash"
  ],
  "seller_address": [
    "USA-Texarkana"
  ],
  "invoice_number": "129087",
  "tax_number": "",
  "detail": [
    {
      "content": "Mr. Zippy's Power",
      "amount": "16.00",
      "ifTax": false
    }
  ]
}