{
  "type": "other",
  "std_start_time": "",
  "orig_start_time": "",
  "std_end_time": "",
  "orig_end_time": "",
  "std_invoice_time": "",
  "orig_invoice_time": "",
  "place": "United States-Decatur",
  "departure": "",
  "arrival": "",
  "std_curr": "USD",
  "orig_curr": [
    "Decatur"
  ],
  "std_total": "43.66",
  "orig_total": "43.66",
  "seller_name": [
    "Publix"
  ],
  "seller_address": [
    "United States-Decatur"
  ],
  "invoice_number": "",
  "tax_number": "",
  "detail": [
    {
      "content": "CUPCAKE 6CT DEC",
      "amount": "4.99",
      "ifTax": true
    },
    {
      "content": "CUPCAKE 6CT DEC",
      "amount": "4.99",
      "ifTax": true
    },
    {
      "content": "CUPCAKE 6CT DEC",
      "amount": "4.99",
      "ifTax": true
    },
    {
      "content": "CUPCAKE 6CT DEC",
      "amount": "4.99",
      "ifTax": true
    },
    {
      "content": "OM L/ABLE TKY/AMER",
      "amount": "3.00",
      "ifTax": true
    },
    {
      "content": "OM L/ABLE TKY/AMER",
      "amount": "3.00",
      "ifTax": true
    },
    {
      "content": "AQUAFINA WATER",
      "amount": "1.49",
      "ifTax": true
    },
    {
      "content": "GLAZED DONUT",
      "amount": "0.79",
      "ifTax": true
    },
    {
      "content": "OM L/ABLE TRY/AMER",
      "amount": "3.00",
      "ifTax": true
    },
    {
      "content": "PUBLIX MILK WH 0.5",
      "amount": "2.09",
      "ifTax": true
    },
    {
      "content": "KLEENEX TISSUE",
      "amount": "2.29",
      "ifTax": true
    },
    {
      "content": "BANANAS",
      "amount": "1.26",
      "ifTax": true
    },
    {
      "content": "GLAZED DONUTS 6CT",
      "amount": "2.19",
      "ifTax": true
    },
    {
      "content": "PF XTRA CHEDDAR GF",
      "amount": "1.00",
      "ifTax": true
    },
    {
      "content": "PF CHEESE GOLDFISH",
      "amount": "1.00",
      "ifTax": true
    },
    {
      "content": "PROG CHICK BROTH",
      "amount": "2.59",
      "ifTax": true
    }
  ]
}