{
  "type": "other",
  "std_start_time": "2022-03-15",
  "orig_start_time": "15/03/2022",
  "std_end_time": "",
  "orig_end_time": "",
  "std_invoice_time": "2022-03-15",
  "orig_invoice_time": "15/03/2022",
  "place": "United Kingdom-London",
  "departure": "",
  "arrival": "",
  "std_curr": "GBP",
  "orig_curr": [
    "£",
    "London"
  ],
  "std_total": "28.13",
  "orig_total": "28.13",
  "seller_name": [
    "Hoppers Marylebone"
  ],
  "seller_address": [
    "United Kingdom-London"
  ],
  "invoice_number": "",
  "tax_number": "219739673",
  "detail": [
    {
      "content": "Tropical Lager",
      "amount": "5.50",
      "ifTax": true
    },
    {
      "content": "Podi Dosa",
      "amount": "5.50",
      "ifTax": true
    },
    {
      "content": "Hopper",
      "amount": "5.50",
      "ifTax": true
    },
    {
      "content": "Coriander Chutney",
      "amount": "1.50",
      "ifTax": true
    },
    {
      "content": "Dhal Kari",
      "amount": "4.00",
      "ifTax": true
    },
    {
      "content": "Kale Mallung",
      "amount": "3.00",
      "ifTax": true
    },
    {
      "content": "12.5% Service Charge @ 12.5%",
      "amount": "3.13",
      "ifTax": true
    }
  ]
}