{
  "type": "other",
  "std_start_time": "2012-12-09",
  "orig_start_time": "09/12/2012",
  "std_end_time": "",
  "orig_end_time": "",
  "std_invoice_time": "2012-12-09",
  "orig_invoice_time": "09/12/2012",
  "place": "India-Thane",
  "departure": "",
  "arrival": "",
  "std_curr": "INR",
  "orig_curr": [
    "Thane"
  ],
  "std_total": "523.00",
  "orig_total": "523.00",
  "seller_name": [
    "POP TATES KORUM HALL"
  ],
  "seller_address": [
    "India-Thane"
  ],
  "invoice_number": "B00006266",
  "tax_number": "27840289613V",
  "detail": [
    {
      "content": "2 FRENCH FRIES",
      "amount": "190.00",
      "ifTax": false
    },
    {
      "content": "1 OPEN FOOD",
      "amount": "60.00",
      "ifTax": false
    },
    {
      "content": "1 PANEER TIKKA",
      "amount": "248.00",
      "ifTax": false
    },
    {
      "content": "SERVICE TAX @ 4.94%",
      "amount": "24.60",
      "ifTax": true
    },
    {
      "content": "Rounding",
      "amount": "0.40",
      "ifTax": false
    }
  ]
}