{
  "type": "other",
  "std_start_time": "2001-11-07",
  "orig_start_time": "11/07/01",
  "std_end_time": "",
  "orig_end_time": "",
  "std_invoice_time": "2001-11-07",
  "orig_invoice_time": "11/07/01",
  "place": "USA-Hanover",
  "departure": "",
  "arrival": "",
  "std_curr": "USD",
  "orig_curr": [
    "$",
    "HANOVER"
  ],
  "std_total": "24.65",
  "orig_total": "24.65",
  "seller_name": [
    "DARTMOUTH BOOKSTORE, INC."
  ],
  "seller_address": [
    "USA-Hanover"
  ],
  "invoice_number": "",
  "tax_number": "",
  "detail": [
    {
      "content": "WITH LOVE AND SQUID11100",
      "amount": "12.95",
      "ifTax": true
    },
    {
      "content": "DREAMING EQUINOX ED0500",
      "amount": "13.00",
      "ifTax": true
    },
    {
      "content": "5 XY DISCOUNT",
      "amount": "-0.65",
      "ifTax": true
    },
    {
      "content": "5 ZY DISCOUNT",
      "amount": "-0.65",
      "ifTax": true
    }
  ]
}