{
  "type": "other",
  "std_start_time": "2014-12-24",
  "orig_start_time": "24/12/2014",
  "std_end_time": "",
  "orig_end_time": "",
  "std_invoice_time": "2014-12-24",
  "orig_invoice_time": "24/12/2014 ",
  "place": "Singapore-Singapore city",
  "departure": "",
  "arrival": "",
  "std_curr": "SGD",
  "orig_curr": [
    "Singapore "
  ],
  "std_total": "20.50",
  "orig_total": "20.50",
  "seller_name": [
    "SARI RATU"
  ],
  "seller_address": [
    "Singapore-Singapore city"
  ],
  "invoice_number": "A076070",
  "tax_number": "",
  "detail": [
    {
      "content": "Alipokat Juice",
      "amount": "5.00",
      "ifTax": false
    },
    {
      "content": "Ayam Kg. Panggang",
      "amount": "5.00",
      "ifTax": false
    },
    {
      "content": "WHITE RICE",
      "amount": "2.00",
      "ifTax": false
    },
    {
      "content": "Telur Dadar",
      "amount": "2.00",
      "ifTax": false
    },
    {
      "content": "Sambal Grg",
      "amount": "2.50",
      "ifTax": false
    },
    {
      "content": "Sambal Hij/Merah",
      "amount": "1.50",
      "ifTax": false
    },
    {
      "content": "Sayur Loden",
      "amount": "2.50",
      "ifTax": false
    }
  ]
}