{
  "type": "other",
  "std_start_time": "2023-08-18",
  "orig_start_time": "18/08/23",
  "std_end_time": "",
  "orig_end_time": "",
  "std_invoice_time": "2023-08-18",
  "orig_invoice_time": "18/08/23",
  "place": "",
  "departure": "",
  "arrival": "",
  "std_curr": "EGP",
  "orig_curr": [
    "LE"
  ],
  "std_total": "35.00",
  "orig_total": "35.00",
  "seller_name": [
    "Emarat Misr-El Rehab(2011)"
  ],
  "seller_address": [],
  "invoice_number": "",
  "tax_number": "",
  "detail": [
    {
      "content": "HOT TEA PRIMO pcs",
      "amount": "35.00",
      "ifTax": true
    }
  ]
}