{
  "type": "other",
  "std_start_time": "2023-05-24",
  "orig_start_time": "24/05/23",
  "std_end_time": "",
  "orig_end_time": "",
  "std_invoice_time": "2023-05-24",
  "orig_invoice_time": "24/05/23",
  "place": "",
  "departure": "",
  "arrival": "",
  "std_curr": "USD",
  "orig_curr": [
    "LE"
  ],
  "std_total": "78.00",
  "orig_total": "78.00",
  "seller_name": [
    "Julio Digital Emarat Misr"
  ],
  "seller_address": [],
  "invoice_number": "",
  "tax_number": "",
  "detail": [
    {
      "content": "CLORETS ORIGINAL pcs",
      "amount": "13.00",
      "ifTax": true
    },
    {
      "content": "MON AREON XXL pcs",
      "amount": "65.00",
      "ifTax": true
    }
  ]
}