{
  "type": "other",
  "std_start_time": "2012-01-24",
  "orig_start_time": "24/01/2012",
  "std_end_time": "",
  "orig_end_time": "",
  "std_invoice_time": "2012-01-24",
  "orig_invoice_time": "24/01/2012",
  "place": "",
  "departure": "",
  "arrival": "",
  "std_curr": "USD",
  "orig_curr": [
    "AU$"
  ],
  "std_total": "77.43",
  "orig_total": "77.43",
  "seller_name": [
    "Caltex Central Myrtleford"
  ],
  "seller_address": [],
  "invoice_number": "044844",
  "tax_number": "80 122 660 833",
  "detail": [
    {
      "content": "VORTEX 98",
      "amount": "77.43",
      "ifTax": true
    }
  ]
}