{
  "type": "other",
  "std_start_time": "2014-07-22",
  "orig_start_time": "2014-07-22",
  "std_end_time": "",
  "orig_end_time": "",
  "std_invoice_time": "2014-07-22",
  "orig_invoice_time": "2014-07-22",
  "place": "Canada-Toronto",
  "departure": "",
  "arrival": "",
  "std_curr": "CAD",
  "orig_curr": [
    "Toronto"
  ],
  "std_total": "19.50",
  "orig_total": "19.50",
  "seller_name": [
    "WENDY'S REG 3"
  ],
  "seller_address": [
    "Canada-Toronto"
  ],
  "invoice_number": "",
  "tax_number": "HST R105619688",
  "detail": [
    {
      "content": "DOUBLE COMBO",
      "amount": "7.69",
      "ifTax": false
    },
    {
      "content": "*LARGE COMBO*",
      "amount": "1.09",
      "ifTax": false
    },
    {
      "content": "BACDLX SGL-CMB",
      "amount": "7.79",
      "ifTax": false
    },
    {
      "content": "*MEDIUM COMBO*",
      "amount": "0.69",
      "ifTax": false
    },
    {
      "content": "HST",
      "amount": "2.24",
      "ifTax": true
    }
  ]
}