{
  "type": "other",
  "std_start_time": "2017-09-08",
  "orig_start_time": "09/08/2017",
  "std_end_time": "",
  "orig_end_time": "",
  "std_invoice_time": "2017-09-08",
  "orig_invoice_time": "09/08/2017",
  "place": "",
  "departure": "",
  "arrival": "",
  "std_curr": "USD",
  "orig_curr": [],
  "std_total": "26.96",
  "orig_total": "26.96",
  "seller_name": [
    "HOLLYWOOD CAFE & SPORTS BAR"
  ],
  "seller_address": [],
  "invoice_number": "332114",
  "tax_number": "",
  "detail": [
    {
      "content": "SODA",
      "amount": "2.49",
      "ifTax": false
    },
    {
      "content": "CHEESE STEAK",
      "amount": "10.49",
      "ifTax": false
    },
    {
      "content": "+AMERICAN CHS",
      "amount": "1.00",
      "ifTax": false
    },
    {
      "content": "+FRD ONION",
      "amount": "0.75",
      "ifTax": false
    },
    {
      "content": "Chix Cheesesteak",
      "amount": "10.49",
      "ifTax": false
    },
    {
      "content": "Food Tax",
      "amount": "1.74",
      "ifTax": true
    }
  ]
}