{
  "type": "other",
  "std_start_time": "",
  "orig_start_time": "",
  "std_end_time": "",
  "orig_end_time": "",
  "std_invoice_time": "",
  "orig_invoice_time": "",
  "place": "United States-Artesia",
  "departure": "",
  "arrival": "",
  "std_curr": "USD",
  "orig_curr": [
    "Artesia"
  ],
  "std_total": "40.30",
  "orig_total": "40.30",
  "seller_name": [
    "Anjappar Chettinad Artesia"
  ],
  "seller_address": [
    "United States-Artesia"
  ],
  "invoice_number": "004-864",
  "tax_number": "",
  "detail": [
    {
      "content": "1 Ghee Dosa",
      "amount": "7.95",
      "ifTax": false
    },
    {
      "content": "1 Anjappar Mutton Meals",
      "amount": "14.95",
      "ifTax": false
    },
    {
      "content": "1 Kaldosa",
      "amount": "6.95",
      "ifTax": false
    },
    {
      "content": "1 Plain Dosa",
      "amount": "6.95",
      "ifTax": false
    },
    {
      "content": "Tax 1",
      "amount": "3.50",
      "ifTax": true
    }
  ]
}