{
  "type": "other",
  "std_start_time": "06-18",
  "orig_start_time": "Jun-18",
  "std_end_time": "",
  "orig_end_time": "",
  "std_invoice_time": "2025-06-18",
  "orig_invoice_time": "Jun-18",
  "place": "United Kingdom-London",
  "departure": "",
  "arrival": "",
  "std_curr": "GBP",
  "orig_curr": [
    "£",
    "London"
  ],
  "std_total": "48.42",
  "orig_total": "48.42",
  "seller_name": [
    "Laksamania"
  ],
  "seller_address": [
    "United Kingdom-London"
  ],
  "invoice_number": "1322",
  "tax_number": "255819966",
  "detail": [
    {
      "content": "Satay Chicken",
      "amount": "7.95",
      "ifTax": false
    },
    {
      "content": "Singapore Laksa",
      "amount": "12.95",
      "ifTax": false
    },
    {
      "content": "Char Kuey Teow",
      "amount": "12.95",
      "ifTax": false
    },
    {
      "content": "Nyonya Curry Chicken",
      "amount": "11.95",
      "ifTax": false
    },
    {
      "content": "Roti Paratha",
      "amount": "3.00",
      "ifTax": false
    },
    {
      "content": "Steamed Rice",
      "amount": "3.00",
      "ifTax": false
    },
    {
      "content": "330ml lemonade 200ml ",
      "amount": "1.60",
      "ifTax": false
    },
    {
      "content": "Discount - VIP",
      "amount": "-10.36",
      "ifTax": false
    },
    {
      "content": "Discretionary Service Charge",
      "amount": "5.38",
      "ifTax": false
    }
  ]
}