{
  "type": "other",
  "std_start_time": "2011-10-13",
  "orig_start_time": "10/13/11",
  "std_end_time": "",
  "orig_end_time": "",
  "std_invoice_time": "2011-10-13",
  "orig_invoice_time": "10/13/11",
  "place": "US-CONROE",
  "departure": "",
  "arrival": "",
  "std_curr": "USD",
  "orig_curr": [
    "CONROE"
  ],
  "std_total": "5.00",
  "orig_total": "5.00",
  "seller_name": [
    "Walmart"
  ],
  "seller_address": [
    "US-CONROE"
  ],
  "invoice_number": "",
  "tax_number": "",
  "detail": [
    {
      "content": "GENERAL MDSE TOTAL",
      "amount": "5.00",
      "ifTax": false
    }
  ]
}