{
  "type": "other",
  "std_start_time": "2016-02-20",
  "orig_start_time": "02/20/16",
  "std_end_time": "",
  "orig_end_time": "",
  "std_invoice_time": "2016-02-20",
  "orig_invoice_time": "02/20/16 ",
  "place": "USA-Houston",
  "departure": "",
  "arrival": "",
  "std_curr": "USD",
  "orig_curr": [
    "Houston"
  ],
  "std_total": "46.00",
  "orig_total": "46.00",
  "seller_name": [
    "Mister HOT SHINE"
  ],
  "seller_address": [
    "USA-Houston"
  ],
  "invoice_number": "73583514882",
  "tax_number": "",
  "detail": [
    {
      "content": "Final Touch",
      "amount": "39.99",
      "ifTax": false
    },
    {
      "content": "Dissolve-All",
      "amount": "20.00",
      "ifTax": false
    },
    {
      "content": "Lube Wash Coupon* (Lube Free Wash,Bal: 0)",
      "amount": "-13.99",
      "ifTax": false
    },
    {
      "content": "Sales TAX",
      "amount": "0.00",
      "ifTax": true
    }
  ]
}