{
  "type": "other",
  "std_start_time": "2022-07-01",
  "orig_start_time": "1 July 2022",
  "std_end_time": "",
  "orig_end_time": "",
  "std_invoice_time": "2022-07-01",
  "orig_invoice_time": "1 July 2022",
  "place": "",
  "departure": "",
  "arrival": "",
  "std_curr": "EGP",
  "orig_curr": [
    "EGP"
  ],
  "std_total": "135.10",
  "orig_total": "135.10",
  "seller_name": [
    "Breadfast"
  ],
  "seller_address": [],
  "invoice_number": "#3021-4508413",
  "tax_number": "",
  "detail": [
    {
      "content": "Rich Smoked Turkey Breast (250g)",
      "amount": "46.00",
      "ifTax": true
    },
    {
      "content": "Schweppes Club Soda Glass Bottle (250ml)",
      "amount": "7.00",
      "ifTax": true
    },
    {
      "content": "Sprite Pet (300ml)",
      "amount": "4.00",
      "ifTax": true
    },
    {
      "content": "Pepsi Plastic Bottle (400ml)",
      "amount": "10.00",
      "ifTax": true
    },
    {
      "content": "Pepsi Diet Plastic Bottle (400ml)",
      "amount": "5.00",
      "ifTax": true
    },
    {
      "content": "Cheeses Crunchy Dangerously Cheesy (81g)",
      "amount": "10.00",
      "ifTax": true
    },
    {
      "content": "Motto Magnum Croissants With Chocolate & Hazelnut Cream (1 Pcs)",
      "amount": "42.00",
      "ifTax": true
    },
    {
      "content": "Harvest Fava Beans Strained With Tahina 2 pieces* (400g)",
      "amount": "22.00",
      "ifTax": true
    },
    {
      "content": "Harvest Fava Beans Strained With Lemon Mustard 2 pieces* (400g)",
      "amount": "22.00",
      "ifTax": true
    },
    {
      "content": "California Garden Fava Beans Lemon And Cumin With Eg. Recipe 20% Off (400g)",
      "amount": "18.30",
      "ifTax": true
    },
    {
      "content": "California Garden Fava Beans Boiled Chickpeas and olive oil With Lebanon. Recipe 20% Off (400g)",
      "amount": "18.30",
      "ifTax": true
    },
    {
      "content": "Discount",
      "amount": "-79.50",
      "ifTax": true
    },
    {
      "content": "Delivery",
      "amount": "10.00",
      "ifTax": true
    }
  ]
}