{
  "type": "other",
  "std_start_time": "2021-12-19",
  "orig_start_time": "211219",
  "std_end_time": "",
  "orig_end_time": "",
  "std_invoice_time": "2021-12-19",
  "orig_invoice_time": "211219",
  "place": "Denmark",
  "departure": "",
  "arrival": "",
  "std_curr": "DKK",
  "orig_curr": [
    "DKK"
  ],
  "std_total": "266.00",
  "orig_total": "266,00",
  "seller_name": [
    "Tivoligrillen"
  ],
  "seller_address": [
    "Denmark"
  ],
  "invoice_number": "104187",
  "tax_number": "",
  "detail": [
    {
      "content": "Middelhavet burger",
      "amount": "99.00",
      "ifTax": true
    },
    {
      "content": "Thor",
      "amount": "99.00",
      "ifTax": true
    },
    {
      "content": "Juice, glas",
      "amount": "29.00",
      "ifTax": true
    },
    {
      "content": "Pepsi 50 cl",
      "amount": "39.00",
      "ifTax": true
    }
  ]
}