{
  "type": "other",
  "std_start_time": "2013-05-24",
  "orig_start_time": "05/24/2013",
  "std_end_time": "",
  "orig_end_time": "",
  "std_invoice_time": "2013-05-24",
  "orig_invoice_time": "05/24/2013",
  "place": "USA-San Jose",
  "departure": "",
  "arrival": "",
  "std_curr": "USD",
  "orig_curr": [
    "San Jose"
  ],
  "std_total": "66.10",
  "orig_total": "",
  "seller_name": [
    "OLIVE GARDEN"
  ],
  "seller_address": [
    "USA-San Jose"
  ],
  "invoice_number": "",
  "tax_number": "",
  "detail": [
    {
      "content": "Bellini Peach Tea",
      "amount": "3.05",
      "ifTax": false
    },
    {
      "content": "CYO Sampler 3 (Stuffed Mushrooms, Calamari, Chicken Fingers)",
      "amount": "12.25",
      "ifTax": false
    },
    {
      "content": "Mixed Grill MEDIUM",
      "amount": "18.75",
      "ifTax": false
    },
    {
      "content": "Salad",
      "amount": "0.00",
      "ifTax": false
    },
    {
      "content": "Raspberry Lemonade",
      "amount": "3.05",
      "ifTax": false
    },
    {
      "content": "L Fettuccine Alfredo",
      "amount": "10.50",
      "ifTax": false
    },
    {
      "content": "Zuppa Toscana",
      "amount": "0.00",
      "ifTax": false
    },
    {
      "content": "Peach-Mango Smoothie",
      "amount": "4.55",
      "ifTax": false
    },
    {
      "content": "L Seafood Alfredo",
      "amount": "13.95",
      "ifTax": false
    },
    {
      "content": "Zuppa Toscana",
      "amount": "0.00",
      "ifTax": false
    }
  ]
}