{
  "type": "other",
  "std_start_time": "2012-04-04",
  "orig_start_time": "4/4/2012",
  "std_end_time": "",
  "orig_end_time": "",
  "std_invoice_time": "2012-04-04",
  "orig_invoice_time": "4/4/2012",
  "place": "USA-Georgia",
  "departure": "",
  "arrival": "",
  "std_curr": "USD",
  "orig_curr": [
    "$,GEORIGIA"
  ],
  "std_total": "3.03",
  "orig_total": "3.03",
  "seller_name": [
    "G.W.P. LLC"
  ],
  "seller_address": [
    "USA-Georgia"
  ],
  "invoice_number": "",
  "tax_number": "",
  "detail": [
    {
      "content": "Penis Butter Snickers",
      "amount": "0.99",
      "ifTax": false
    },
    {
      "content": "Pepsi",
      "amount": "1.89",
      "ifTax": false
    },
    {
      "content": "Local Sales Tax",
      "amount": "0.15",
      "ifTax": true
    }
  ]
}