{
  "type": "other",
  "std_start_time": "2021-09-18",
  "orig_start_time": "18/09/2021",
  "std_end_time": "",
  "orig_end_time": "",
  "std_invoice_time": "2021-09-18",
  "orig_invoice_time": "18/09/2021",
  "place": "Egypt-Cairo",
  "departure": "",
  "arrival": "",
  "std_curr": "EGP",
  "orig_curr": [
    "LE",
    "Cairo"
  ],
  "std_total": "243.15",
  "orig_total": "243.15",
  "seller_name": [
    "Gourmet Food Stores"
  ],
  "seller_address": [
    "Egypt-Cairo"
  ],
  "invoice_number": "0039759",
  "tax_number": "",
  "detail": [
    {
      "content": "Treats Strawberry Yoghurt 110",
      "amount": "16.00",
      "ifTax": false
    },
    {
      "content": "Juhayna Plain Light Yoghurt 105g",
      "amount": "14.00",
      "ifTax": false
    },
    {
      "content": "Rich Bake Whole Wheat Toast 5",
      "amount": "20.00",
      "ifTax": false
    },
    {
      "content": "Juhayna Full Cream Milk 1L",
      "amount": "17.00",
      "ifTax": false
    },
    {
      "content": "Taste Basturma",
      "amount": "63.36",
      "ifTax": false
    },
    {
      "content": "President Cheddar Light 10 Slice",
      "amount": "33.08",
      "ifTax": false
    },
    {
      "content": "Gourmet Fresh Chicken Breast",
      "amount": "59.71",
      "ifTax": false
    },
    {
      "content": "InstaShop Delivery Charge",
      "amount": "20.00",
      "ifTax": false
    }
  ]
}