{
  "type": "other",
  "std_start_time": "2007-09-06",
  "orig_start_time": "09/06/2007",
  "std_end_time": "",
  "orig_end_time": "",
  "std_invoice_time": "2007-09-06",
  "orig_invoice_time": "09/06/2007",
  "place": "",
  "departure": "",
  "arrival": "",
  "std_curr": "USD",
  "orig_curr": [
    "$"
  ],
  "std_total": "6.16",
  "orig_total": "6.16",
  "seller_name": [
    "TAQUERIA PICO DE GALLO"
  ],
  "seller_address": [],
  "invoice_number": "",
  "tax_number": "",
  "detail": [
    {
      "content": "TACO BARBACO TI",
      "amount": "1.25",
      "ifTax": false
    },
    {
      "content": "TACO BIRRIA TI",
      "amount": "1.25",
      "ifTax": false
    },
    {
      "content": "TACO CARNE A TI",
      "amount": "1.50",
      "ifTax": false
    },
    {
      "content": "TACO PESCADO TI MAIZ",
      "amount": "1.65",
      "ifTax": false
    },
    {
      "content": "TAX1",
      "amount": "0.51",
      "ifTax": true
    }
  ]
}