{
  "type": "other",
  "std_start_time": "2023-12-16",
  "orig_start_time": "16/12/2023",
  "std_end_time": "",
  "orig_end_time": "",
  "std_invoice_time": "2023-12-16",
  "orig_invoice_time": "16/12/2023",
  "place": "",
  "departure": "",
  "arrival": "",
  "std_curr": "GBP",
  "orig_curr": [
    "£"
  ],
  "std_total": "230.85",
  "orig_total": "230.85",
  "seller_name": [
    "FALLOW"
  ],
  "seller_address": [],
  "invoice_number": "AY-2312368",
  "tax_number": "",
  "detail": [
    {
      "content": "White miso & butter",
      "amount": "16.00",
      "ifTax": false
    },
    {
      "content": "Cabernet/Merlot, Terre Nob...",
      "amount": "54.00",
      "ifTax": false
    },
    {
      "content": "Corn Ribs",
      "amount": "8.00",
      "ifTax": false
    },
    {
      "content": "Venison Tartar",
      "amount": "14.00",
      "ifTax": false
    },
    {
      "content": "Confit Cabbage",
      "amount": "20.00",
      "ifTax": false
    },
    {
      "content": "Cods Head",
      "amount": "28.00",
      "ifTax": false
    },
    {
      "content": "Sirloin",
      "amount": "38.00",
      "ifTax": false
    },
    {
      "content": "Kombu Fries",
      "amount": "7.00",
      "ifTax": false
    },
    {
      "content": "Chelsea Tart",
      "amount": "14.00",
      "ifTax": false
    },
    {
      "content": "Donation(s) - Street Smart",
      "amount": "2.00",
      "ifTax": false
    },
    {
      "content": "Optional Service Charge (15%)",
      "amount": "29.85",
      "ifTax": false
    }
  ]
}