{
  "type": "other",
  "std_start_time": "2022-11-27",
  "orig_start_time": "11/27/2022",
  "std_end_time": "",
  "orig_end_time": "",
  "std_invoice_time": "2022-11-27",
  "orig_invoice_time": "11/27/2022",
  "place": "Egypt",
  "departure": "",
  "arrival": "",
  "std_curr": "EGP",
  "orig_curr": [
    "egy"
  ],
  "std_total": "848.00",
  "orig_total": "848.00",
  "seller_name": [
    "MC MEN'S CLUB"
  ],
  "seller_address": [
    "Egypt"
  ],
  "invoice_number": "",
  "tax_number": "",
  "detail": [
    {
      "content": "003/W23/M40089 - حوض شيرت",
      "amount": "248.00",
      "ifTax": false
    },
    {
      "content": "005/W23/16202 - حوض بلوفر",
      "amount": "300.00",
      "ifTax": false
    },
    {
      "content": "005/W23/16202 - حوض بلوفر",
      "amount": "300.00",
      "ifTax": false
    }
  ]
}