{
  "type": "other",
  "std_start_time": "2012-12-20",
  "orig_start_time": "12/20/12",
  "std_end_time": "",
  "orig_end_time": "",
  "std_invoice_time": "2012-12-20",
  "orig_invoice_time": "12/20/12",
  "place": "",
  "departure": "",
  "arrival": "",
  "std_curr": "USD",
  "orig_curr": [],
  "std_total": "0.19",
  "orig_total": "0.19",
  "seller_name": [
    "Giant Eagle"
  ],
  "seller_address": [],
  "invoice_number": "",
  "tax_number": "",
  "detail": [
    {
      "content": "REACH FLOSS WAXD",
      "amount": "1.00",
      "ifTax": false
    },
    {
      "content": "REACH FLOSS WAXD",
      "amount": "1.00",
      "ifTax": false
    },
    {
      "content": "BRKSTN SOUR CRM",
      "amount": "0.99",
      "ifTax": false
    },
    {
      "content": "BRKSTN SOUR CRM",
      "amount": "0.99",
      "ifTax": false
    },
    {
      "content": "DIAL LHS PUMP AC",
      "amount": "1.79",
      "ifTax": false
    },
    {
      "content": "DIAL LHS PU(1.00)",
      "amount": "-0.79",
      "ifTax": false
    },
    {
      "content": "DIAL LHS PUMP",
      "amount": "1.79",
      "ifTax": false
    },
    {
      "content": "DIAL LHS PU(1.00)",
      "amount": "-0.79",
      "ifTax": false
    },
    {
      "content": "NAT BAKED FRIES",
      "amount": "1.49",
      "ifTax": false
    },
    {
      "content": "NAT BAKED FRIES",
      "amount": "-0.75",
      "ifTax": false
    },
    {
      "content": "MULTIPLIED COUPON",
      "amount": "-0.74",
      "ifTax": false
    },
    {
      "content": "DIAL LHS PUMP",
      "amount": "-0.50",
      "ifTax": false
    },
    {
      "content": "MULTIPLIED COUPON",
      "amount": "-0.50",
      "ifTax": false
    },
    {
      "content": "DIAL LHS PUMP",
      "amount": "-0.50",
      "ifTax": false
    },
    {
      "content": "MULTIPLIED COUPON",
      "amount": "-0.50",
      "ifTax": false
    },
    {
      "content": "REACH FLOSS WAXD",
      "amount": "-1.00",
      "ifTax": false
    },
    {
      "content": "REACH FLOSS WAXD",
      "amount": "-1.00",
      "ifTax": false
    },
    {
      "content": "DAIRY",
      "amount": "-0.99",
      "ifTax": false
    },
    {
      "content": "DAIRY",
      "amount": "-0.99",
      "ifTax": false
    },
    {
      "content": "TAX",
      "amount": "0.19",
      "ifTax": true
    }
  ]
}