{
  "type": "other",
  "std_start_time": "2023-01-17",
  "orig_start_time": "17/1/2023",
  "std_end_time": "",
  "orig_end_time": "",
  "std_invoice_time": "2023-01-17",
  "orig_invoice_time": "17/1/2023",
  "place": "Egypt-Giza",
  "departure": "",
  "arrival": "",
  "std_curr": "EGP",
  "orig_curr": [
    "LE",
    "Giza"
  ],
  "std_total": "52.00",
  "orig_total": "52.00",
  "seller_name": [
    "Gourmet Food Stores"
  ],
  "seller_address": [
    "Egypt-Giza"
  ],
  "invoice_number": "945469",
  "tax_number": "228-097-517",
  "detail": [
    {
      "content": "Lino Sweet Chili Oat Ring",
      "amount": "17.00",
      "ifTax": true
    },
    {
      "content": "Fresh Carrot & Orange J",
      "amount": "35.00",
      "ifTax": true
    }
  ]
}