{
  "type": "other",
  "std_start_time": "2022-06-30",
  "orig_start_time": "30-Jun-22",
  "std_end_time": "",
  "orig_end_time": "",
  "std_invoice_time": "2022-06-30",
  "orig_invoice_time": "30-Jun-22",
  "place": "Egypt-6th Of October",
  "departure": "",
  "arrival": "",
  "std_curr": "EGP",
  "orig_curr": [
    "LE",
    "6th Of October"
  ],
  "std_total": "249.00",
  "orig_total": "249.00",
  "seller_name": [
    "LC WAIKIKI"
  ],
  "seller_address": [
    "Egypt-6th Of October"
  ],
  "invoice_number": "030300000000149299",
  "tax_number": "379-456-249",
  "detail": [
    {
      "content": "JERSEY DRESS-TUNIC-LONG-SLEEVED",
      "amount": "249.00",
      "ifTax": true
    }
  ]
}