{
  "type": "other",
  "std_start_time": "2023-06-08",
  "orig_start_time": "08/06/23",
  "std_end_time": "",
  "orig_end_time": "",
  "std_invoice_time": "2023-06-08",
  "orig_invoice_time": "08/06/23",
  "place": "",
  "departure": "",
  "arrival": "",
  "std_curr": "EGP",
  "orig_curr": [
    "LE"
  ],
  "std_total": "88.00",
  "orig_total": "88.00",
  "seller_name": [
    "Emarat Misr"
  ],
  "seller_address": [],
  "invoice_number": " 0000211 - P1000047175",
  "tax_number": "",
  "detail": [
    {
      "content": "Marlboro Crafted Gol",
      "amount": "88.00",
      "ifTax": false
    }
  ]
}