{
  "type": "other",
  "std_start_time": "2022-12-28",
  "orig_start_time": "28-Dec-22",
  "std_end_time": "",
  "orig_end_time": "",
  "std_invoice_time": "2022-12-28",
  "orig_invoice_time": "28-Dec-22",
  "place": "Egypt-Alexandria",
  "departure": "",
  "arrival": "",
  "std_curr": "EGP",
  "orig_curr": [
    "LE",
    "EGY"
  ],
  "std_total": "399.00",
  "orig_total": "399.00",
  "seller_name": [
    "TEMA RETAIL EG"
  ],
  "seller_address": [
    "Egypt-Alexandria"
  ],
  "invoice_number": "0000449121",
  "tax_number": "379456249",
  "detail": [
    {
      "content": "KNITWEAR PULLOVER",
      "amount": "399.00",
      "ifTax": true
    }
  ]
}