{
  "type": "other",
  "std_start_time": "2023-03-08",
  "orig_start_time": "2023-03-08",
  "std_end_time": "",
  "orig_end_time": "",
  "std_invoice_time": "2023-03-08",
  "orig_invoice_time": "2023-03-08",
  "place": "Egypt-Cairo",
  "departure": "",
  "arrival": "",
  "std_curr": "EGP",
  "orig_curr": [
    "L.E",
    "Cairo"
  ],
  "std_total": "731.36",
  "orig_total": "731.36 ",
  "seller_name": [
    "Abu Auf, El Korba"
  ],
  "seller_address": [
    "Egypt-Cairo"
  ],
  "invoice_number": "385604",
  "tax_number": "",
  "detail": [
    {
      "content": "Roasted & Salted Peeled Pistachio",
      "amount": "171.36",
      "ifTax": true
    },
    {
      "content": "Raw Almonds 175 Gram",
      "amount": "85.00",
      "ifTax": true
    },
    {
      "content": "Raw Hazelnut 175 Gram",
      "amount": "70.00",
      "ifTax": true
    },
    {
      "content": "Prunes with pits 225 Gram",
      "amount": "75.00",
      "ifTax": true
    },
    {
      "content": "Shelled Walnuts 175 Gram",
      "amount": "65.00",
      "ifTax": true
    },
    {
      "content": "Malakaby Dates 400 Gram",
      "amount": "40.00",
      "ifTax": true
    },
    {
      "content": "Dried Apricots 225 Gram",
      "amount": "115.00",
      "ifTax": true
    },
    {
      "content": "Roasted Cashew 175 Gram",
      "amount": "110.00",
      "ifTax": true
    }
  ]
}