{
  "type": "other",
  "std_start_time": "2017-08-05",
  "orig_start_time": "05-Aug-17 ",
  "std_end_time": "",
  "orig_end_time": "",
  "std_invoice_time": "2017-08-05",
  "orig_invoice_time": "05-Aug-17 ",
  "place": "United Kingdom-London",
  "departure": "",
  "arrival": "",
  "std_curr": "GBP",
  "orig_curr": [
    "£",
    "London"
  ],
  "std_total": "23.06",
  "orig_total": "23.06",
  "seller_name": [
    "i<O>i"
  ],
  "seller_address": [
    "United Kingdom-London"
  ],
  "invoice_number": "7291",
  "tax_number": "263417312",
  "detail": [
    {
      "content": "Cassava",
      "amount": "5.00",
      "ifTax": false
    },
    {
      "content": "glass Grape Zobo",
      "amount": "4.00",
      "ifTax": false
    },
    {
      "content": "Rice",
      "amount": "11.50",
      "ifTax": false
    },
    {
      "content": "Discretionary Service @ 12.50%",
      "amount": "2.56",
      "ifTax": false
    }
  ]
}