{
  "type": "other",
  "std_start_time": "",
  "orig_start_time": "",
  "std_end_time": "",
  "orig_end_time": "",
  "std_invoice_time": "",
  "orig_invoice_time": "",
  "place": "",
  "departure": "",
  "arrival": "",
  "std_curr": "USD",
  "orig_curr": [
    "CHF"
  ],
  "std_total": "200.00",
  "orig_total": "200.00",
  "seller_name": [
    "MIGROS"
  ],
  "seller_address": [],
  "invoice_number": "",
  "tax_number": "",
  "detail": [
    {
      "content": "Fatto forest 10l",
      "amount": "8.00",
      "ifTax": false
    },
    {
      "content": "Balai-essoreur",
      "amount": "3.90",
      "ifTax": false
    },
    {
      "content": "Miobrill Seau 10l",
      "amount": "7.90",
      "ifTax": false
    },
    {
      "content": "MCLAS LED A 40 E27",
      "amount": "6.90",
      "ifTax": false
    },
    {
      "content": "Bol 18cm",
      "amount": "31.60",
      "ifTax": false
    },
    {
      "content": "BIC Megalighter Flex",
      "amount": "6.50",
      "ifTax": false
    },
    {
      "content": "Miobrill Extra Long M",
      "amount": "1.80",
      "ifTax": false
    },
    {
      "content": "Miobrill Extra Long L",
      "amount": "1.80",
      "ifTax": false
    },
    {
      "content": "Hygo WC Maximum XXL St",
      "amount": "3.80",
      "ifTax": false
    },
    {
      "content": "Planche 20x29cm",
      "amount": "7.90",
      "ifTax": false
    },
    {
      "content": "Cabas",
      "amount": "1.20",
      "ifTax": false
    },
    {
      "content": "ACT Filet de saumon",
      "amount": "8.90",
      "ifTax": false
    },
    {
      "content": "ACT Filet de saumon",
      "amount": "8.40",
      "ifTax": false
    },
    {
      "content": "ACT Filet de saumon",
      "amount": "8.65",
      "ifTax": false
    },
    {
      "content": "ACT Steak de boeuf",
      "amount": "10.85",
      "ifTax": false
    },
    {
      "content": "ACT Steak de boeuf",
      "amount": "11.10",
      "ifTax": false
    },
    {
      "content": "Petit Beurre",
      "amount": "1.45",
      "ifTax": false
    },
    {
      "content": "Persil plat",
      "amount": "1.95",
      "ifTax": false
    },
    {
      "content": "F&W confi. abricots",
      "amount": "2.10",
      "ifTax": false
    },
    {
      "content": "Celeri-pomme",
      "amount": "2.10",
      "ifTax": false
    },
    {
      "content": "ACT Asiago",
      "amount": "2.80",
      "ifTax": false
    },
    {
      "content": "Philadelphia Balance",
      "amount": "2.30",
      "ifTax": false
    },
    {
      "content": "ACT Rice Sandwich salmon",
      "amount": "6.60",
      "ifTax": false
    },
    {
      "content": "Action",
      "amount": "-1.40",
      "ifTax": false
    },
    {
      "content": "Courgettes",
      "amount": "2.80",
      "ifTax": false
    },
    {
      "content": "MClass fun frites 750g",
      "amount": "3.55",
      "ifTax": false
    },
    {
      "content": "ACT Rice Sandwich salmon",
      "amount": "6.60",
      "ifTax": false
    },
    {
      "content": "Action",
      "amount": "-1.40",
      "ifTax": false
    },
    {
      "content": "ACT Poireaux verts",
      "amount": "1.00",
      "ifTax": false
    },
    {
      "content": "Reine Dijon l'ancienne",
      "amount": "1.80",
      "ifTax": false
    },
    {
      "content": "Slimline framboise",
      "amount": "2.10",
      "ifTax": false
    },
    {
      "content": "Oh! Yogurt fraise",
      "amount": "1.85",
      "ifTax": false
    },
    {
      "content": "Oh! Yogurt myrtille",
      "amount": "1.85",
      "ifTax": false
    },
    {
      "content": "Salade Iceberg",
      "amount": "1.30",
      "ifTax": false
    },
    {
      "content": "Chavroux",
      "amount": "3.20",
      "ifTax": false
    },
    {
      "content": "ACT Pleurotus",
      "amount": "3.95",
      "ifTax": false
    },
    {
      "content": "Action",
      "amount": "-1.35",
      "ifTax": false
    },
    {
      "content": "ACT Pleurotus",
      "amount": "3.95",
      "ifTax": false
    },
    {
      "content": "Action",
      "amount": "-1.35",
      "ifTax": false
    },
    {
      "content": "ACT Jambon cru",
      "amount": "7.25",
      "ifTax": false
    },
    {
      "content": "Valflora demi-creme",
      "amount": "1.70",
      "ifTax": false
    },
    {
      "content": "ACT SE B-Viande hachee 500",
      "amount": "4.50",
      "ifTax": false
    },
    {
      "content": "ACT Courges coupees",
      "amount": "2.55",
      "ifTax": false
    },
    {
      "content": "Pommes Gala Victor",
      "amount": "7.05",
      "ifTax": false
    }
  ]
}