{
  "type": "other",
  "std_start_time": "2021-10-06",
  "orig_start_time": "6 October, 2021",
  "std_end_time": "",
  "orig_end_time": "",
  "std_invoice_time": "2021-10-06",
  "orig_invoice_time": "6 October, 2021",
  "place": "Egypt",
  "departure": "",
  "arrival": "",
  "std_curr": "EGP",
  "orig_curr": [
    "EGP"
  ],
  "std_total": "100.15",
  "orig_total": "100.15",
  "seller_name": [
    "Breadfast"
  ],
  "seller_address": [
    "Egypt"
  ],
  "invoice_number": "#614-1576826",
  "tax_number": "",
  "detail": [
    {
      "content": "Feteer Meshaltet Large",
      "amount": "90.00",
      "ifTax": true
    },
    {
      "content": "Previous due amount",
      "amount": "0.15",
      "ifTax": true
    },
    {
      "content": "Delivery",
      "amount": "10.00",
      "ifTax": false
    }
  ]
}