{
  "type": "other",
  "std_start_time": "2016-07-05",
  "orig_start_time": "07/05/2016",
  "std_end_time": "",
  "orig_end_time": "",
  "std_invoice_time": "2016-07-05",
  "orig_invoice_time": "07/05/2016",
  "place": "USA-Peachtree City",
  "departure": "",
  "arrival": "",
  "std_curr": "USD",
  "orig_curr": [
    "Peachtree City"
  ],
  "std_total": "52.50",
  "orig_total": "",
  "seller_name": [
    "Ted's Montana Grill"
  ],
  "seller_address": [
    "USA-Peachtree City"
  ],
  "invoice_number": "10014",
  "tax_number": "",
  "detail": [
    {
      "content": "Corona Light",
      "amount": "5.50",
      "ifTax": false
    },
    {
      "content": "Chicken Cadillac Sandwich",
      "amount": "13.00",
      "ifTax": false
    },
    {
      "content": "Side Fries",
      "amount": "4.00",
      "ifTax": false
    },
    {
      "content": "Teds Margarita",
      "amount": "9.00",
      "ifTax": false
    },
    {
      "content": "Bison Swiss & Mush Burger",
      "amount": "16.00",
      "ifTax": false
    },
    {
      "content": "House Salad",
      "amount": "5.00",
      "ifTax": false
    }
  ]
}