{
  "type": "other",
  "std_start_time": "2018-07-18",
  "orig_start_time": "18/07/2018",
  "std_end_time": "",
  "orig_end_time": "",
  "std_invoice_time": "2018-07-18",
  "orig_invoice_time": "18/07/2018",
  "place": "Australia-Melbourne",
  "departure": "",
  "arrival": "",
  "std_curr": "AUD",
  "orig_curr": [
    "Melbourne",
    "$"
  ],
  "std_total": "75.00",
  "orig_total": "75.00",
  "seller_name": [
    "The Mill House"
  ],
  "seller_address": [
    "Australia-Melbourne"
  ],
  "invoice_number": "21108",
  "tax_number": "98 602 922 949",
  "detail": [
    {
      "content": "Cheese Burger",
      "amount": "25.50",
      "ifTax": false
    },
    {
      "content": "Sweet Potato Chips",
      "amount": "1.00",
      "ifTax": false
    },
    {
      "content": "Beef Burger",
      "amount": "25.50",
      "ifTax": false
    },
    {
      "content": "Sweet Potato Chips",
      "amount": "1.00",
      "ifTax": false
    },
    {
      "content": "Pfc",
      "amount": "8.00",
      "ifTax": false
    },
    {
      "content": "3 Little Creatures Bright",
      "amount": "10.00",
      "ifTax": false
    },
    {
      "content": "Soft Drink",
      "amount": "4.00",
      "ifTax": false
    }
  ]
}