{
  "type": "other",
  "std_start_time": "2012-10-07",
  "orig_start_time": "10/07/12",
  "std_end_time": "",
  "orig_end_time": "",
  "std_invoice_time": "2012-10-07",
  "orig_invoice_time": "10/07/12",
  "place": "United States-Dubuque",
  "departure": "",
  "arrival": "",
  "std_curr": "USD",
  "orig_curr": [
    "Dubuque"
  ],
  "std_total": "10.68",
  "orig_total": "10.68",
  "seller_name": [
    "BEST BUY"
  ],
  "seller_address": [
    "United States-Dubuque"
  ],
  "invoice_number": "",
  "tax_number": "",
  "detail": [
    {
      "content": "STARCRAFT II WINGS OF LIBERTY",
      "amount": "9.98",
      "ifTax": false
    },
    {
      "content": "ITEM TAX",
      "amount": "0.70",
      "ifTax": true
    }
  ]
}