{
  "type": "other",
  "std_start_time": "2022-10-26",
  "orig_start_time": "26-10-22",
  "std_end_time": "",
  "orig_end_time": "",
  "std_invoice_time": "2022-10-26",
  "orig_invoice_time": "26-10-22",
  "place": "",
  "departure": "",
  "arrival": "",
  "std_curr": "EGP",
  "orig_curr": [
    "LE"
  ],
  "std_total": "0.00",
  "orig_total": "1,002.00",
  "seller_name": [
    "Emarat Misr"
  ],
  "seller_address": [],
  "invoice_number": "",
  "tax_number": "",
  "detail": [
    {
      "content": "MAY GOLD RED GRAPE J pcs",
      "amount": "110.00",
      "ifTax": true
    },
    {
      "content": "GALAXY JEXLS EVO 16 pcs",
      "amount": "435.00",
      "ifTax": true
    },
    {
      "content": "KINDER JOY GIRL 20GM 16 pcs @ 22.00",
      "amount": "352.00",
      "ifTax": true
    },
    {
      "content": "M&M Penut 65g pcs",
      "amount": "60.00",
      "ifTax": true
    },
    {
      "content": "Haribo Mix Fizz 70GM pcs",
      "amount": "45.00",
      "ifTax": true
    }
  ]
}