{
  "type": "other",
  "std_start_time": "2023-05-07",
  "orig_start_time": "2023-05-07",
  "std_end_time": "",
  "orig_end_time": "",
  "std_invoice_time": "2023-05-07",
  "orig_invoice_time": "2023-05-07",
  "place": "Egypt-Cairo",
  "departure": "",
  "arrival": "",
  "std_curr": "EGP",
  "orig_curr": [
    "L.E",
    "Cairo"
  ],
  "std_total": "45.00",
  "orig_total": "45.00",
  "seller_name": [
    "Abu Auf"
  ],
  "seller_address": [
    "Egypt-Cairo"
  ],
  "invoice_number": "568504",
  "tax_number": "",
  "detail": [
    {
      "content": "French Coffee single Cup",
      "amount": "45.00",
      "ifTax": true
    }
  ]
}