{
  "type": "other",
  "std_start_time": "2015-03-03",
  "orig_start_time": "03/03/2015",
  "std_end_time": "",
  "orig_end_time": "",
  "std_invoice_time": "2015-03-03",
  "orig_invoice_time": "03/03/2015",
  "place": "",
  "departure": "",
  "arrival": "",
  "std_curr": "USD",
  "orig_curr": [],
  "std_total": "25.47",
  "orig_total": "25.47",
  "seller_name": [
    "SHAKE SHACK"
  ],
  "seller_address": [],
  "invoice_number": "",
  "tax_number": "",
  "detail": [
    {
      "content": "ShackBurger",
      "amount": "5.19",
      "ifTax": false
    },
    {
      "content": "Smoke Shack",
      "amount": "6.69",
      "ifTax": false
    },
    {
      "content": "cheese fries",
      "amount": "3.95",
      "ifTax": false
    },
    {
      "content": "REG Soda (2 @2.75)",
      "amount": "5.50",
      "ifTax": false
    },
    {
      "content": "(2)REG RootbeerREG Iced Tea",
      "amount": "2.25",
      "ifTax": false
    },
    {
      "content": "Tax",
      "amount": "1.89",
      "ifTax": true
    }
  ]
}