{
  "type": "other",
  "std_start_time": "2017-09-28",
  "orig_start_time": "28/09/2017 ",
  "std_end_time": "",
  "orig_end_time": "",
  "std_invoice_time": "2017-09-28",
  "orig_invoice_time": "28/09/2017 ",
  "place": "United Kingdom-London",
  "departure": "",
  "arrival": "",
  "std_curr": "GBP",
  "orig_curr": [
    "London"
  ],
  "std_total": "210.00",
  "orig_total": "210.00",
  "seller_name": [
    "The Ritz London"
  ],
  "seller_address": [
    "United Kingdom-London"
  ],
  "invoice_number": "20072",
  "tax_number": "",
  "detail": [
    {
      "content": "DJ Hen's Egg",
      "amount": "32.00",
      "ifTax": true
    },
    {
      "content": "DJ Grouse",
      "amount": "29.00",
      "ifTax": true
    },
    {
      "content": "Terrine Goose Liver",
      "amount": "26.00",
      "ifTax": true
    },
    {
      "content": "Crepe Suzette",
      "amount": "36.00",
      "ifTax": true
    },
    {
      "content": "Gls Veuve Cliquot NV",
      "amount": "24.00",
      "ifTax": true
    },
    {
      "content": "Gls Veuve Rose",
      "amount": "28.00",
      "ifTax": true
    },
    {
      "content": "Gls Vouvray",
      "amount": "16.00",
      "ifTax": true
    },
    {
      "content": "Gls Fruhburgunder",
      "amount": "19.00",
      "ifTax": true
    }
  ]
}