{
  "type": "other",
  "std_start_time": "2015-09-05",
  "orig_start_time": "09/05/15",
  "std_end_time": "",
  "orig_end_time": "",
  "std_invoice_time": "2015-09-05",
  "orig_invoice_time": "09/05/15",
  "place": "USA-Clearwater",
  "departure": "",
  "arrival": "",
  "std_curr": "USD",
  "orig_curr": [
    "Clearwater"
  ],
  "std_total": "168.51",
  "orig_total": "168.51",
  "seller_name": [
    "BEST BUY"
  ],
  "seller_address": [
    "USA-Clearwater"
  ],
  "invoice_number": "",
  "tax_number": "",
  "detail": [
    {
      "content": "ASUS X553MA-BPD0705I 15.6\"/PEN",
      "amount": "157.49",
      "ifTax": false
    },
    {
      "content": "SALES TAX AMOUNT",
      "amount": "11.02",
      "ifTax": true
    }
  ]
}