{
  "type": "other",
  "std_start_time": "2014-05-27",
  "orig_start_time": "27-05-2014",
  "std_end_time": "",
  "orig_end_time": "",
  "std_invoice_time": "2014-05-27",
  "orig_invoice_time": "27-05-2014",
  "place": "Indonesia",
  "departure": "",
  "arrival": "",
  "std_curr": "IDR",
  "orig_curr": [
    "Muara karang"
  ],
  "std_total": "0.00",
  "orig_total": "119,600",
  "seller_name": [
    "AROMA SOP"
  ],
  "seller_address": [
    "Indonesia"
  ],
  "invoice_number": "",
  "tax_number": "",
  "detail": [
    {
      "content": "KRAPU",
      "amount": "0.00",
      "ifTax": false
    },
    {
      "content": "CUMI TLR ASN",
      "amount": "0.00",
      "ifTax": false
    },
    {
      "content": "KANGKUNG T",
      "amount": "0.00",
      "ifTax": false
    },
    {
      "content": "TEH",
      "amount": "0.00",
      "ifTax": false
    },
    {
      "content": "NASI",
      "amount": "0.00",
      "ifTax": false
    }
  ]
}