{
  "type": "other",
  "std_start_time": "2014-11-14",
  "orig_start_time": "14-11-2014",
  "std_end_time": "",
  "orig_end_time": "",
  "std_invoice_time": "2014-11-14",
  "orig_invoice_time": "14-11-2014",
  "place": "",
  "departure": "",
  "arrival": "",
  "std_curr": "USD",
  "orig_curr": [
    "AZN"
  ],
  "std_total": "44.50",
  "orig_total": "44.50",
  "seller_name": [
    "SUNSET CAFE"
  ],
  "seller_address": [],
  "invoice_number": "",
  "tax_number": "",
  "detail": [
    {
      "content": "Naked Dog",
      "amount": "14.00",
      "ifTax": false
    },
    {
      "content": "Prime Fillet",
      "amount": "24.00",
      "ifTax": false
    },
    {
      "content": "Pepsi Large",
      "amount": "4.00",
      "ifTax": false
    },
    {
      "content": "Juice",
      "amount": "2.50",
      "ifTax": false
    }
  ]
}