{
  "type": "other",
  "std_start_time": "",
  "orig_start_time": "",
  "std_end_time": "",
  "orig_end_time": "",
  "std_invoice_time": "",
  "orig_invoice_time": "",
  "place": "",
  "departure": "",
  "arrival": "",
  "std_curr": "USD",
  "orig_curr": [],
  "std_total": "673.00",
  "orig_total": "673.00",
  "seller_name": [
    "The Press Room"
  ],
  "seller_address": [],
  "invoice_number": "",
  "tax_number": "",
  "detail": [
    {
      "content": "Set Lunch138",
      "amount": "552.00",
      "ifTax": false
    },
    {
      "content": "Starter 1",
      "amount": "0.00",
      "ifTax": false
    },
    {
      "content": "Set Soup",
      "amount": "0.00",
      "ifTax": false
    },
    {
      "content": "Main 1",
      "amount": "0.00",
      "ifTax": false
    },
    {
      "content": "Main 4",
      "amount": "0.00",
      "ifTax": false
    },
    {
      "content": "Main 2",
      "amount": "0.00",
      "ifTax": false
    },
    {
      "content": "Set dess 1",
      "amount": "0.00",
      "ifTax": false
    },
    {
      "content": "Set dess 2",
      "amount": "0.00",
      "ifTax": false
    },
    {
      "content": "Spark WaterS",
      "amount": "60.00",
      "ifTax": false
    },
    {
      "content": "10% Svc Chag",
      "amount": "61.00",
      "ifTax": false
    }
  ]
}