{
  "type": "other",
  "std_start_time": "2016-08-21",
  "orig_start_time": "Aug21'16",
  "std_end_time": "",
  "orig_end_time": "",
  "std_invoice_time": "2016-08-21",
  "orig_invoice_time": "Aug21'16",
  "place": "USA-San Francisco",
  "departure": "",
  "arrival": "",
  "std_curr": "USD",
  "orig_curr": [
    "$",
    "San Francisco"
  ],
  "std_total": "95.18",
  "orig_total": "95.18",
  "seller_name": [
    "Bistro Boudin"
  ],
  "seller_address": [
    "USA-San Francisco"
  ],
  "invoice_number": "",
  "tax_number": "",
  "detail": [
    {
      "content": "SOOA -Coke",
      "amount": "3.45",
      "ifTax": false
    },
    {
      "content": "SOOA -Coke",
      "amount": "3.45",
      "ifTax": false
    },
    {
      "content": "SOOA -Coke",
      "amount": "3.45",
      "ifTax": false
    },
    {
      "content": "CRAB MAC. & CHEE",
      "amount": "25.95",
      "ifTax": false
    },
    {
      "content": "CLAM BB",
      "amount": "31.90",
      "ifTax": false
    },
    {
      "content": "PIZZA BASIL",
      "amount": "15.95",
      "ifTax": false
    },
    {
      "content": "Tax",
      "amount": "7.66",
      "ifTax": true
    },
    {
      "content": "5% Cap Meds",
      "amount": "3.37",
      "ifTax": true
    }
  ]
}