{
  "type": "hotel",
  "std_start_time": "2018-07-22",
  "orig_start_time": "22/07/18",
  "std_end_time": "",
  "orig_end_time": "",
  "std_invoice_time": "2018-07-22",
  "orig_invoice_time": "22/07/18",
  "place": "United Kingdom-Port Charlotte",
  "departure": "",
  "arrival": "",
  "std_curr": "GBP",
  "orig_curr": [
    "￡,Port Charlotte"
  ],
  "std_total": "92.45",
  "orig_total": "92.45",
  "seller_name": [
    "Port Charlotte Hotel"
  ],
  "seller_address": [
    "United Kingdom-Port Charlotte"
  ],
  "invoice_number": "",
  "tax_number": "804 7856 12",
  "detail": [
    {
      "content": "Real Ale half",
      "amount": "2.30",
      "ifTax": false
    },
    {
      "content": "Real Ale",
      "amount": "4.50",
      "ifTax": false
    },
    {
      "content": "Real Ale",
      "amount": "4.50",
      "ifTax": false
    },
    {
      "content": "Best",
      "amount": "4.30",
      "ifTax": false
    },
    {
      "content": "EB VENISON",
      "amount": "44.85",
      "ifTax": false
    },
    {
      "content": "EB VEGETABLE CURRY",
      "amount": "13.75",
      "ifTax": false
    },
    {
      "content": "OPEN FOOD",
      "amount": "6.25",
      "ifTax": false
    },
    {
      "content": "Ginger Beer",
      "amount": "3.00",
      "ifTax": false
    },
    {
      "content": "EB BASKET OF BREAD",
      "amount": "2.50",
      "ifTax": false
    },
    {
      "content": "EB MANGO & HONEY C",
      "amount": "6.50",
      "ifTax": false
    }
  ]
}