{
  "type": "other",
  "std_start_time": "2006-02-15",
  "orig_start_time": "Feb15'06",
  "std_end_time": "",
  "orig_end_time": "",
  "std_invoice_time": "2006-02-15",
  "orig_invoice_time": "Feb15'06",
  "place": "USA-San Francisco",
  "departure": "",
  "arrival": "",
  "std_curr": "USD",
  "orig_curr": [
    "San Francisco"
  ],
  "std_total": "249.32",
  "orig_total": "249.32",
  "seller_name": [
    "BOULEVARD"
  ],
  "seller_address": [
    "USA-San Francisco"
  ],
  "invoice_number": "",
  "tax_number": "",
  "detail": [
    {
      "content": "HENDRIKS",
      "amount": "8.00",
      "ifTax": false
    },
    {
      "content": "BOURBON MANHATN",
      "amount": "8.75",
      "ifTax": false
    },
    {
      "content": "SOUP",
      "amount": "13.75",
      "ifTax": false
    },
    {
      "content": "ABALONE",
      "amount": "19.50",
      "ifTax": false
    },
    {
      "content": "LOBSTER LINGUINI",
      "amount": "18.75",
      "ifTax": false
    },
    {
      "content": "SHORTAIS",
      "amount": "17.50",
      "ifTax": false
    },
    {
      "content": "SWEELBA1EADS",
      "amount": "17.25",
      "ifTax": false
    },
    {
      "content": "LAMB",
      "amount": "32.00",
      "ifTax": false
    },
    {
      "content": "PORX",
      "amount": "31.00",
      "ifTax": false
    },
    {
      "content": "1/2 GL 3 SAINIS PN",
      "amount": "5.50",
      "ifTax": false
    },
    {
      "content": "1/2-GL SAUY BLANC",
      "amount": "4.25",
      "ifTax": false
    },
    {
      "content": "1/2 GL-BAROLO",
      "amount": "9.75",
      "ifTax": false
    },
    {
      "content": "1/2 G-URII SYRNH",
      "amount": "5.50",
      "ifTax": false
    },
    {
      "content": "PO1RDRD",
      "amount": "10.00",
      "ifTax": false
    },
    {
      "content": "G-CASIELNAU",
      "amount": "9.00",
      "ifTax": false
    },
    {
      "content": "D BANANAS FOS1ER",
      "amount": "9.50",
      "ifTax": false
    },
    {
      "content": "TRDO",
      "amount": "9.75",
      "ifTax": false
    },
    {
      "content": "Tax",
      "amount": "19.57",
      "ifTax": true
    }
  ]
}