{
  "type": "other",
  "std_start_time": "2017-01-07",
  "orig_start_time": "07/01/2017 ",
  "std_end_time": "",
  "orig_end_time": "",
  "std_invoice_time": "2017-01-07",
  "orig_invoice_time": "07/01/2017 ",
  "place": "Malaysia-Kuala Lumpur",
  "departure": "",
  "arrival": "",
  "std_curr": "MYR",
  "orig_curr": [
    "RM",
    "Kuala Lumpur"
  ],
  "std_total": "213.05",
  "orig_total": "213.05",
  "seller_name": [
    "Havana Bar & Grill\nBC Food & Beverages Sdn Bhd"
  ],
  "seller_address": [
    "Malaysia-Kuala Lumpur"
  ],
  "invoice_number": "",
  "tax_number": "001138212854",
  "detail": [
    {
      "content": "1x PT Black Velvet",
      "amount": "33.00",
      "ifTax": false
    },
    {
      "content": "1x BTL Heartland Cab Sauv",
      "amount": "135.00",
      "ifTax": false
    },
    {
      "content": "1x PT Strongbow",
      "amount": "33.00",
      "ifTax": false
    },
    {
      "content": "GST@",
      "amount": "12.05",
      "ifTax": true
    }
  ]
}