{
  "type": "other",
  "std_start_time": "2022-10-28",
  "orig_start_time": "2022-10-28",
  "std_end_time": "",
  "orig_end_time": "",
  "std_invoice_time": "2022-10-28",
  "orig_invoice_time": "2022-10-28",
  "place": "Egypt-Cairo",
  "departure": "",
  "arrival": "",
  "std_curr": "EGP",
  "orig_curr": [
    "L.E",
    "Cairo"
  ],
  "std_total": "175.00",
  "orig_total": "175.00",
  "seller_name": [
    "Abu Auf"
  ],
  "seller_address": [
    "Egypt-Cairo"
  ],
  "invoice_number": "390819",
  "tax_number": "",
  "detail": [
    {
      "content": "Abu Auf Sahlab 100 g",
      "amount": "60.00",
      "ifTax": true
    },
    {
      "content": "Coffee Special Medium 250g",
      "amount": "95.00",
      "ifTax": true
    },
    {
      "content": "Turkish coffee Double Cup",
      "amount": "20.00",
      "ifTax": true
    },
    {
      "content": "Maamoul date&Cinnamon(Box)",
      "amount": "0.00",
      "ifTax": true
    }
  ]
}