{
  "type": "other",
  "std_start_time": "2011-05-07",
  "orig_start_time": "5/07/11",
  "std_end_time": "",
  "orig_end_time": "",
  "std_invoice_time": "2011-05-07",
  "orig_invoice_time": "5/07/11",
  "place": "USA-Warrenton",
  "departure": "",
  "arrival": "",
  "std_curr": "USD",
  "orig_curr": [
    "$",
    "Warrenton"
  ],
  "std_total": "15.50",
  "orig_total": "15.50",
  "seller_name": [
    "Dollar Tree Stores, Inc."
  ],
  "seller_address": [
    "USA-Warrenton"
  ],
  "invoice_number": "",
  "tax_number": "",
  "detail": [
    {
      "content": "VANILLA EXTRACT",
      "amount": "1.00",
      "ifTax": false
    },
    {
      "content": "WHITENING KIT",
      "amount": "1.00",
      "ifTax": false
    },
    {
      "content": "CRUNCH & MUNCH",
      "amount": "1.00",
      "ifTax": false
    },
    {
      "content": "SLEEP AID 8 CT",
      "amount": "1.00",
      "ifTax": false
    },
    {
      "content": "BATTERIES",
      "amount": "1.00",
      "ifTax": false
    },
    {
      "content": "MERCHANDISE",
      "amount": "1.00",
      "ifTax": false
    },
    {
      "content": "STEEL WOOL SOAP PD",
      "amount": "1.00",
      "ifTax": false
    },
    {
      "content": "SPONGE",
      "amount": "1.00",
      "ifTax": false
    },
    {
      "content": "SCRUB SPONGE",
      "amount": "1.00",
      "ifTax": false
    },
    {
      "content": "DRAIN STOPPER",
      "amount": "1.00",
      "ifTax": false
    },
    {
      "content": "FIG BARS",
      "amount": "1.00",
      "ifTax": false
    },
    {
      "content": "COFFEE FILTERS 160",
      "amount": "1.00",
      "ifTax": false
    },
    {
      "content": "ZIP PRODUCE BAGS",
      "amount": "1.00",
      "ifTax": false
    },
    {
      "content": "MOTHERS DAY CARD",
      "amount": "0.50",
      "ifTax": false
    },
    {
      "content": "BREAD BAGS",
      "amount": "1.00",
      "ifTax": false
    },
    {
      "content": "FRENCH FRIES",
      "amount": "1.00",
      "ifTax": false
    },
    {
      "content": "SALES TAX",
      "amount": "0.00",
      "ifTax": true
    }
  ]
}