{
  "type": "other",
  "std_start_time": "2022-11-05",
  "orig_start_time": "05-Nov-22",
  "std_end_time": "",
  "orig_end_time": "",
  "std_invoice_time": "2022-11-05",
  "orig_invoice_time": "05-Nov-22",
  "place": "Egypt-Cairo",
  "departure": "",
  "arrival": "",
  "std_curr": "EGP",
  "orig_curr": [
    "LE",
    "EGY"
  ],
  "std_total": "229.00",
  "orig_total": "229.00",
  "seller_name": [
    "LC WAIKIKI"
  ],
  "seller_address": [
    "Egypt-Cairo"
  ],
  "invoice_number": "100500000000113801",
  "tax_number": "379456249",
  "detail": [
    {
      "content": "UNDERWEAR KEY PYJAMAS SET SHORT-SLEEVE",
      "amount": "229.00",
      "ifTax": true
    }
  ]
}