{
  "type": "other",
  "std_start_time": "2023-03-26",
  "orig_start_time": "26 March, 2023",
  "std_end_time": "",
  "orig_end_time": "",
  "std_invoice_time": "2023-03-26",
  "orig_invoice_time": "26 March, 2023",
  "place": "Egypt-New Cairo",
  "departure": "",
  "arrival": "",
  "std_curr": "EGP",
  "orig_curr": [
    "EGP",
    "New Cairo"
  ],
  "std_total": "262.50",
  "orig_total": "262.50",
  "seller_name": [
    "Breadfast"
  ],
  "seller_address": [
    "Egypt-New Cairo"
  ],
  "invoice_number": "2614-8507094",
  "tax_number": "538-096-330",
  "detail": [
    {
      "content": "Breakfast Konafa Asawer Nutella & Lotus",
      "amount": "300.00",
      "ifTax": true
    },
    {
      "content": "Delivery",
      "amount": "12.50",
      "ifTax": false
    },
    {
      "content": "50% Invitation discount",
      "amount": "-50.00",
      "ifTax": false
    }
  ]
}