{
  "type": "other",
  "std_start_time": "2011-12-14",
  "orig_start_time": "14/12/2011",
  "std_end_time": "",
  "orig_end_time": "",
  "std_invoice_time": "2011-12-14",
  "orig_invoice_time": "14/12/2011",
  "place": "United Kingdom-Stockport",
  "departure": "",
  "arrival": "",
  "std_curr": "GBP",
  "orig_curr": [
    "£",
    "Stockport"
  ],
  "std_total": "5.90",
  "orig_total": "5.90",
  "seller_name": [
    "Post Office Ltd."
  ],
  "seller_address": [
    "United Kingdom-Stockport"
  ],
  "invoice_number": "",
  "tax_number": "",
  "detail": [
    {
      "content": "Special D by 1",
      "amount": "5.90",
      "ifTax": false
    }
  ]
}