{
  "type": "other",
  "std_start_time": "2007-07-30",
  "orig_start_time": "30.07.2007",
  "std_end_time": "",
  "orig_end_time": "",
  "std_invoice_time": "2007-07-30",
  "orig_invoice_time": "30.07.2007",
  "place": "Switzerland-Grindelwald",
  "departure": "",
  "arrival": "",
  "std_curr": "EUR",
  "orig_curr": [
    "EUR"
  ],
  "std_total": "54.50",
  "orig_total": "54.50",
  "seller_name": [
    "Berghotel Grosse Scheidegg"
  ],
  "seller_address": [
    "Switzerland-Grindelwald"
  ],
  "invoice_number": "4572",
  "tax_number": "430 234",
  "detail": [
    {
      "content": "2xLatte Macchiato",
      "amount": "9.00",
      "ifTax": true
    },
    {
      "content": "1xGloki",
      "amount": "5.00",
      "ifTax": true
    },
    {
      "content": "1xSchweinschnitzel",
      "amount": "22.00",
      "ifTax": true
    },
    {
      "content": "1xChässpätzli",
      "amount": "18.50",
      "ifTax": true
    }
  ]
}