{
  "type": "other",
  "std_start_time": "2015-05-11",
  "orig_start_time": "11May'15",
  "std_end_time": "",
  "orig_end_time": "",
  "std_invoice_time": "2015-05-11",
  "orig_invoice_time": "11May'15",
  "place": "Australia",
  "departure": "",
  "arrival": "",
  "std_curr": "AUD",
  "orig_curr": [
    "Woolloomooloo",
    "ABN"
  ],
  "std_total": "840.20",
  "orig_total": "840.20",
  "seller_name": [],
  "seller_address": [
    "Australia"
  ],
  "invoice_number": "701",
  "tax_number": "28 130 078 590",
  "detail": [
    {
      "content": "2 Stlll @8.50",
      "amount": "17.00",
      "ifTax": true
    },
    {
      "content": "3 GLS Cloudy Bay SB @15.00",
      "amount": "45.00",
      "ifTax": true
    },
    {
      "content": "2 Spark @8.50",
      "amount": "17.00",
      "ifTax": true
    },
    {
      "content": "8 Spark Pram @3.75",
      "amount": "30.00",
      "ifTax": true
    },
    {
      "content": "1 Filter @39.90",
      "amount": "39.90",
      "ifTax": true
    },
    {
      "content": "1 Mixed Doz @39.60",
      "amount": "36.90",
      "ifTax": true
    },
    {
      "content": "4 Paul Vattan SB @85.00",
      "amount": "340.00",
      "ifTax": true
    },
    {
      "content": "2 Rib Eye @41.90",
      "amount": "83.80",
      "ifTax": true
    },
    {
      "content": "1 Dakgalish Cube @69.90",
      "amount": "69.90",
      "ifTax": true
    },
    {
      "content": "2 Angus Fritter @49.90",
      "amount": "99.80",
      "ifTax": true
    },
    {
      "content": "2 Steamed Brocoll @9.90",
      "amount": "19.80",
      "ifTax": true
    },
    {
      "content": "1 Chips @8.90",
      "amount": "8.90",
      "ifTax": true
    },
    {
      "content": "1 Green Beans @9.90",
      "amount": "9.90",
      "ifTax": true
    },
    {
      "content": "2 Green Tea @4.50",
      "amount": "4.50",
      "ifTax": true
    },
    {
      "content": "1 Latte @4.50",
      "amount": "9.00",
      "ifTax": true
    },
    {
      "content": "1 DOUBLE SHOT @0.50",
      "amount": "0.50",
      "ifTax": true
    },
    {
      "content": "Merchant Fee",
      "amount": "8.30",
      "ifTax": false
    }
  ]
}