{
  "type": "train",
  "std_start_time": "2025-05-31",
  "orig_start_time": "31/05/2025",
  "std_end_time": "",
  "orig_end_time": "",
  "std_invoice_time": "",
  "orig_invoice_time": "",
  "place": "Italy-Roma",
  "departure": "Italy-Roma",
  "arrival": "Italy-Milano",
  "std_curr": "EUR",
  "orig_curr": [
    "€",
    "Roma"
  ],
  "std_total": "83.90",
  "orig_total": "83.90",
  "seller_name": [
    "Trenitalia"
  ],
  "seller_address": [
    "Italy"
  ],
  "invoice_number": "FHH9CN",
  "tax_number": "05403151003",
  "detail": [
    {
      "content": "Ticket fare",
      "amount": "81.90",
      "ifTax": true
    },
    {
      "content": "Seat Selection Service",
      "amount": "2.00",
      "ifTax": false
    }
  ]
}