{
  "type": "train",
  "std_start_time": "2024-10-29",
  "orig_start_time": "29/10/2024",
  "std_end_time": "",
  "orig_end_time": "",
  "std_invoice_time": "2024-10-29",
  "orig_invoice_time": "29/10/2024",
  "place": "",
  "departure": "Italy-Salerno",
  "arrival": "Italy-Potenza",
  "std_curr": "EUR",
  "orig_curr": [
    "€",
    "Salerno"
  ],
  "std_total": "14.50",
  "orig_total": "14.50",
  "seller_name": [
    "Trenitalia"
  ],
  "seller_address": [
    "Italy"
  ],
  "invoice_number": "",
  "tax_number": "05403151003",
  "detail": [
    {
      "content": "Ticket fare",
      "amount": "14.50",
      "ifTax": true
    }
  ]
}