{
  "type": "bus",
  "std_start_time": "2024-11-10",
  "orig_start_time": "10 Nov 24",
  "std_end_time": "",
  "orig_end_time": "",
  "std_invoice_time": "2024-11-10",
  "orig_invoice_time": "10 Nov 24",
  "place": "",
  "departure": "",
  "arrival": "",
  "std_curr": "GBP",
  "orig_curr": [
    "£"
  ],
  "std_total": "8.00",
  "orig_total": "8.00",
  "seller_name": [
    "AIRLINK EXPRESS 24/7"
  ],
  "seller_address": [],
  "invoice_number": "17696",
  "tax_number": "",
  "detail": [
    {
      "content": "Adult Return",
      "amount": "8.00",
      "ifTax": false
    }
  ]
}