{
  "type": "bus",
  "std_start_time": "",
  "orig_start_time": "",
  "std_end_time": "",
  "orig_end_time": "",
  "std_invoice_time": "",
  "orig_invoice_time": "",
  "place": "",
  "departure": "USA-SCRANTON",
  "arrival": "USA-RAMSEY",
  "std_curr": "USD",
  "orig_curr": [
    "$"
  ],
  "std_total": "51.00",
  "orig_total": "51.00",
  "seller_name": [
    "BUS TICKET AND BOARDING PASS"
  ],
  "seller_address": [],
  "invoice_number": "903463592345",
  "tax_number": "",
  "detail": [
    {
      "content": "FARE",
      "amount": "51.00",
      "ifTax": false
    }
  ]
}