{
  "type": "other",
  "std_start_time": "2022-04-06",
  "orig_start_time": "04/06/22",
  "std_end_time": "2022-04-07",
  "orig_end_time": "04/07/22",
  "std_invoice_time": "",
  "orig_invoice_time": "",
  "place": "",
  "departure": "",
  "arrival": "",
  "std_curr": "USD",
  "orig_curr": [
    "$"
  ],
  "std_total": "435.24",
  "orig_total": "435.24",
  "seller_name": [],
  "seller_address": [
    "US-PORTLAND"
  ],
  "invoice_number": "522601892",
  "tax_number": "",
  "detail": [
    {
      "content": "Rental Rate 1",
      "amount": "131.75",
      "ifTax": false
    },
    {
      "content": "Rental Rate  3",
      "amount": "39.54",
      "ifTax": false
    },
    {
      "content": "Loss Dmg Wav  Accepted ",
      "amount": "79.98",
      "ifTax": true
    },
    {
      "content": "Prem Road Srv  Accepted",
      "amount": "17.98",
      "ifTax": true
    },
    {
      "content": "FrequentFlyer Surcharge T",
      "amount": "0.00",
      "ifTax": true
    },
    {
      "content": "Vehicle Upgrade",
      "amount": "60.00",
      "ifTax": true
    },
    {
      "content": "RENTAL CAR CONCESSION FEE",
      "amount": "36.59",
      "ifTax": true
    },
    {
      "content": "VEHICLE LICENSE COST RECOVERY",
      "amount": "12.00",
      "ifTax": true
    },
    {
      "content": "CUSTOMER FAC",
      "amount": "3.20",
      "ifTax": true
    },
    {
      "content": "Tax 18.000% On Est Taxable Tü $ 301.08",
      "amount": "54.20",
      "ifTax": true
    }
  ]
}