{
  "type": "bus",
  "std_start_time": "2018-12-11",
  "orig_start_time": "December 11,2018",
  "std_end_time": "",
  "orig_end_time": "",
  "std_invoice_time": "",
  "orig_invoice_time": "",
  "place": "India-Chennai",
  "departure": "India-Chenn",
  "arrival": "IN-Melur",
  "std_curr": "INR",
  "orig_curr": [
    "CHENNAI"
  ],
  "std_total": "0.00",
  "orig_total": "2362.50",
  "seller_name": [
    "India-Chennai"
  ],
  "seller_address": [],
  "invoice_number": "TMD525483984",
  "tax_number": "33ABAFM3706A1Z2",
  "detail": [
    {
      "content": "L1\\nTotal Fare: Rs. 2362.5\\n(Rs. 112.5 inclusive of GST and service charge, if any)",
      "amount": "2,362.50",
      "ifTax": true
    }
  ]
}