{
  "type": "bus",
  "std_start_time": "2022-08-26",
  "orig_start_time": "26 Aug 2022",
  "std_end_time": "",
  "orig_end_time": "",
  "std_invoice_time": "2022-08-26",
  "orig_invoice_time": "26 Aug 2022",
  "place": "",
  "departure": "UK-Manchester",
  "arrival": "UK-Manchester",
  "std_curr": "GBP",
  "orig_curr": [
    "£"
  ],
  "std_total": "2.20",
  "orig_total": "2.20",
  "seller_name": [
    "First Bus"
  ],
  "seller_address": [],
  "invoice_number": "286029",
  "tax_number": "",
  "detail": [
    {
      "content": "Cash price",
      "amount": "2.20",
      "ifTax": false
    }
  ]
}