{
  "type": "other",
  "std_start_time": "2018-03-21",
  "orig_start_time": "21-MAR-2018",
  "std_end_time": "2018-03-22",
  "orig_end_time": "22-MAR-2018",
  "std_invoice_time": "2018-03-21",
  "orig_invoice_time": "21-MAR-2018",
  "place": "US-LEXINGTON",
  "departure": "",
  "arrival": "",
  "std_curr": "USD",
  "orig_curr": [
    "USD"
  ],
  "std_total": "82.51",
  "orig_total": "82.51",
  "seller_name": [
    "National"
  ],
  "seller_address": [],
  "invoice_number": "RA 751609997",
  "tax_number": "",
  "detail": [
    {
      "content": "T & W 1 Days 66.00 ",
      "amount": "66.00",
      "ifTax": false
    },
    {
      "content": "UNLIM M/KM 0 M/Kms",
      "amount": "0.00",
      "ifTax": false
    },
    {
      "content": "CONCESSION RECOUP FEE",
      "amount": "7.45",
      "ifTax": false
    },
    {
      "content": "KY U-DRIVE-IT TAX ",
      "amount": "3.96",
      "ifTax": true
    },
    {
      "content": "BLUE GRASS AIRPORT OFC ",
      "amount": "4.00",
      "ifTax": false
    },
    {
      "content": "VLC RECOVERY FEE",
      "amount": "1.10",
      "ifTax": false
    }
  ]
}