{
  "type": "other",
  "std_start_time": "2018-03-30",
  "orig_start_time": "30.03.2018",
  "std_end_time": "",
  "orig_end_time": "",
  "std_invoice_time": "2018-03-30",
  "orig_invoice_time": "30.03.2018",
  "place": "MY-KEMBANGAN",
  "departure": "",
  "arrival": "",
  "std_curr": "MYR",
  "orig_curr": [
    "RM"
  ],
  "std_total": "159.00",
  "orig_total": "159.00",
  "seller_name": [
    "LIAN HING STATIONERY SDN BHD"
  ],
  "seller_address": [
    "MY-KEMBANGAN"
  ],
  "invoice_number": "CS-20322",
  "tax_number": "002139201536",
  "detail": [
    {
      "content": "Durafile H399 (110 x 95mm) Name Badge (H) @ 0.5500 200 ",
      "amount": "116.60",
      "ifTax": true
    },
    {
      "content": "809 Metal Name Badge Clip - 100's @ 20.0000 2",
      "amount": "42.40",
      "ifTax": true
    }
  ]
}