{
  "type": "other",
  "std_start_time": "2016-07-16",
  "orig_start_time": "16/07/2016",
  "std_end_time": "",
  "orig_end_time": "",
  "std_invoice_time": "2016-07-16",
  "orig_invoice_time": "16/07/2016",
  "place": "FR-France",
  "departure": "",
  "arrival": "",
  "std_curr": "EUR",
  "orig_curr": [
    "EUR"
  ],
  "std_total": "76.50",
  "orig_total": "76.50",
  "seller_name": [
    "RELAIS NAPOLEON III"
  ],
  "seller_address": [
    "FR-France"
  ],
  "invoice_number": "",
  "tax_number": "429 499 379 00015",
  "detail": [
    {
      "content": "2 SALADE PAYSANNE ",
      "amount": "23.00",
      "ifTax": true
    },
    {
      "content": "1 BAR AU BEURRE BLAN",
      "amount": "16.50",
      "ifTax": true
    },
    {
      "content": "1 FILET DE SANDRE",
      "amount": "17.00",
      "ifTax": true
    },
    {
      "content": "1 TURSAN",
      "amount": "13.60",
      "ifTax": true
    },
    {
      "content": "1 1/2 PICHET BLANC",
      "amount": "5.00",
      "ifTax": true
    },
    {
      "content": "1 CAFE",
      "amount": "1.40",
      "ifTax": true
    }
  ]
}