{
  "type": "other",
  "std_start_time": "2014-09-26",
  "orig_start_time": "26/09/2014",
  "std_end_time": "",
  "orig_end_time": "",
  "std_invoice_time": "2014-09-26",
  "orig_invoice_time": "26/09/2014",
  "place": "Malaysia-Langkawi",
  "departure": "",
  "arrival": "",
  "std_curr": "MYR",
  "orig_curr": [
    "Langkawi"
  ],
  "std_total": "38.50",
  "orig_total": "38.50",
  "seller_name": [
    "THE ENGLISH TEA ROOM"
  ],
  "seller_address": [
    "Malaysia-Langkawi"
  ],
  "invoice_number": "005604",
  "tax_number": "",
  "detail": [
    {
      "content": "S.CHRG   10%",
      "amount": "3.50",
      "ifTax": false
    },
    {
      "content": "2 ORGANIC LEAF TEA POT",
      "amount": "20.00",
      "ifTax": false
    },
    {
      "content": "1 ENGLISH CREAM SCONES",
      "amount": "10.00",
      "ifTax": false
    },
    {
      "content": "1 CHICKEN HAM AND CHEESE",
      "amount": "5.00",
      "ifTax": false
    }
  ]
}