{
  "type": "other",
  "std_start_time": "2018-03-28",
  "orig_start_time": "28 Mar 18",
  "std_end_time": "",
  "orig_end_time": "",
  "std_invoice_time": "2018-03-28",
  "orig_invoice_time": "28 Mar 18",
  "place": "MY-Kuala Lumpur",
  "departure": "",
  "arrival": "",
  "std_curr": "MYR",
  "orig_curr": [
    "Kuala Lumpur"
  ],
  "std_total": "129.30",
  "orig_total": "129.30",
  "seller_name": [
    "Nando's"
  ],
  "seller_address": [
    "MY-Kuala Lumpur"
  ],
  "invoice_number": "",
  "tax_number": "000097492992",
  "detail": [
    {
      "content": "1 DELIVERY CHG",
      "amount": "4.00",
      "ifTax": false
    },
    {
      "content": "4 1/4 Chic+1sd-T @17.90",
      "amount": "71.60",
      "ifTax": false
    },
    {
      "content": "3 1/4 Chic+1sd-T @17.90",
      "amount": "53.70",
      "ifTax": false
    }
  ]
}