{
  "type": "other",
  "std_start_time": "2017-03-05",
  "orig_start_time": "Mar 05, 2017",
  "std_end_time": "",
  "orig_end_time": "",
  "std_invoice_time": "2017-03-05",
  "orig_invoice_time": "Mar 05, 2017",
  "place": "CA-Richmond",
  "departure": "",
  "arrival": "",
  "std_curr": "USD",
  "orig_curr": [
    "$"
  ],
  "std_total": "20.92",
  "orig_total": "20.92",
  "seller_name": [
    "Koho Restaurant"
  ],
  "seller_address": [
    "CA-Richmond"
  ],
  "invoice_number": "0104",
  "tax_number": "",
  "detail": [
    {
      "content": "1 Daluxe  Hamburger",
      "amount": "13.95",
      "ifTax": false
    },
    {
      "content": "1 $ Add Chedar Cheese",
      "amount": "1.99",
      "ifTax": false
    },
    {
      "content": "1 $ Add Mushrooms",
      "amount": "1.99",
      "ifTax": false
    },
    {
      "content": "1 $ Add Bacon",
      "amount": "1.99",
      "ifTax": false
    },
    {
      "content": "Gst",
      "amount": "1.00",
      "ifTax": true
    }
  ]
}