{
  "type": "other",
  "std_start_time": "2018-02-01",
  "orig_start_time": "01/02/2018",
  "std_end_time": "",
  "orig_end_time": "",
  "std_invoice_time": "2018-02-01",
  "orig_invoice_time": "01/02/2018",
  "place": "Malaysia-SG BULOH",
  "departure": "",
  "arrival": "",
  "std_curr": "MYR",
  "orig_curr": [
    "RM"
  ],
  "std_total": "4.90",
  "orig_total": "4.90",
  "seller_name": [
    "PETRON BKT LANJAN SB ALSERKAM ENTERPRISE"
  ],
  "seller_address": [
    "Malaysia-SG BULOH"
  ],
  "invoice_number": "19729058",
  "tax_number": "001210736640",
  "detail": [
    {
      "content": "A 2 double,mint te",
      "amount": "3.00",
      "ifTax": true
    },
    {
      "content": "A 1 sandwich van111",
      "amount": "1.90",
      "ifTax": true
    }
  ]
}