{
  "type": "other",
  "std_start_time": "2018-03-02",
  "orig_start_time": "02/03/2018",
  "std_end_time": "",
  "orig_end_time": "",
  "std_invoice_time": "2018-03-02",
  "orig_invoice_time": "02/03/2018",
  "place": "MY-SERI KEMBANGAN",
  "departure": "",
  "arrival": "",
  "std_curr": "MYR",
  "orig_curr": [
    "SERI KEMBANGAN"
  ],
  "std_total": "31.90",
  "orig_total": "31.90",
  "seller_name": [
    "F&P PHARMACY"
  ],
  "seller_address": [
    "MY-SERI KEMBANGAN"
  ],
  "invoice_number": "CS00110840",
  "tax_number": "001880666112",
  "detail": [
    {
      "content": "9557892105254 HOMECARE GASCOAL 50MG\t",
      "amount": "6.00",
      "ifTax": true
    },
    {
      "content": "1486 P.P NAPROXEN NA 275 MG",
      "amount": "6.00",
      "ifTax": true
    },
    {
      "content": "9557837400035 YELLOW LOTION 30 ML",
      "amount": "4.30",
      "ifTax": true
    },
    {
      "content": "1014 PANADOL SOLUBLE TABLET",
      "amount": "3.80",
      "ifTax": true
    },
    {
      "content": "1155 PMS GAUZE BANDAGE 5CM X 4M",
      "amount": "6.50",
      "ifTax": true
    },
    {
      "content": "95506104 DETTOL 50 ML",
      "amount": "5.30",
      "ifTax": true
    }
  ]
}