{
  "type": "other",
  "std_start_time": "2015-04-27",
  "orig_start_time": "27/04/2015",
  "std_end_time": "",
  "orig_end_time": "",
  "std_invoice_time": "2015-04-27",
  "orig_invoice_time": "27/04/2015",
  "place": "France-VERSAILLES",
  "departure": "",
  "arrival": "",
  "std_curr": "EUR",
  "orig_curr": [
    "€"
  ],
  "std_total": "20.00",
  "orig_total": "20.00",
  "seller_name": [
    "Restaurant McDonald’s Versailles Manege"
  ],
  "seller_address": [
    "France-VERSAILLES"
  ],
  "invoice_number": "",
  "tax_number": "FR11420466708",
  "detail": [
    {
      "content": "1 The Glace Bestof",
      "amount": "0.00",
      "ifTax": true
    },
    {
      "content": "1 Bo Big Mac",
      "amount": "6.80",
      "ifTax": true
    },
    {
      "content": "1 Filet",
      "amount": "4.00",
      "ifTax": true
    },
    {
      "content": "1 Chicken 20 Nugge",
      "amount": "9.20",
      "ifTax": true
    },
    {
      "content": "1 Frite Best of",
      "amount": "0.00",
      "ifTax": true
    }
  ]
}