{
  "type": "plane",
  "std_start_time": "2013-12-06",
  "orig_start_time": "DECEMBER 6 2013",
  "std_end_time": "",
  "orig_end_time": "",
  "std_invoice_time": "",
  "orig_invoice_time": "",
  "place": "US-WASHINGTON",
  "departure": "US-WASHINGTON",
  "arrival": "Japan-TOKYO",
  "std_curr": "USD",
  "orig_curr": [],
  "std_total": "0.00",
  "orig_total": "",
  "seller_name": [
    "UNITED"
  ],
  "seller_address": [
    "US-DALLAS"
  ],
  "invoice_number": "0162384714202",
  "tax_number": "",
  "detail": []
}