{
  "type": "plane",
  "std_start_time": "11-02",
  "orig_start_time": "02NOV",
  "std_end_time": "",
  "orig_end_time": "",
  "std_invoice_time": "2025-11-02",
  "orig_invoice_time": "02NOV",
  "place": "US-San francisco",
  "departure": "US-San francisco",
  "arrival": "CN-Taipei",
  "std_curr": "USD",
  "orig_curr": [],
  "std_total": "0.00",
  "orig_total": "",
  "seller_name": [
    "EVA AIR"
  ],
  "seller_address": [
    "US-San francisco"
  ],
  "invoice_number": "69578860562060",
  "tax_number": "",
  "detail": []
}