{
  "type": "plane",
  "std_start_time": "2019-05-15",
  "orig_start_time": "15MAY19",
  "std_end_time": "",
  "orig_end_time": "",
  "std_invoice_time": "2019-05-15",
  "orig_invoice_time": "15MAY19",
  "place": "",
  "departure": "UAE-Dubai",
  "arrival": "SG-Singapore",
  "std_curr": "USD",
  "orig_curr": [],
  "std_total": "0.00",
  "orig_total": "",
  "seller_name": [
    "SINGAPORE AIRLINES"
  ],
  "seller_address": [],
  "invoice_number": "618369531336001",
  "tax_number": "",
  "detail": []
}