{
  "type": "plane",
  "std_start_time": "2025-03-15",
  "orig_start_time": "15MAR25",
  "std_end_time": "",
  "orig_end_time": "",
  "std_invoice_time": "2025-03-15",
  "orig_invoice_time": "15MAR25",
  "place": "",
  "departure": "SINGAPORE-SINGAPORE",
  "arrival": "Malaysia-KUALA LUMPUR",
  "std_curr": "USD",
  "orig_curr": [],
  "std_total": "0.00",
  "orig_total": "",
  "seller_name": [
    "SINGAPORE AIRLINES"
  ],
  "seller_address": [],
  "invoice_number": "",
  "tax_number": "",
  "detail": []
}