{
  "type": "plane",
  "std_start_time": "2023-11-06",
  "orig_start_time": "06-Nov-2023",
  "std_end_time": "",
  "orig_end_time": "",
  "std_invoice_time": "2023-11-02",
  "orig_invoice_time": "02/11/2023",
  "place": "",
  "departure": "India-SRINAGAR",
  "arrival": "Bangladesh-DHAKA ZIA",
  "std_curr": "USD",
  "orig_curr": [
    "₹"
  ],
  "std_total": "10,020.70",
  "orig_total": "10020.70",
  "seller_name": [
    "Air India"
  ],
  "seller_address": [],
  "invoice_number": "F8T6GE1",
  "tax_number": "",
  "detail": [
    {
      "content": "Base Fare",
      "amount": "6,300.00",
      "ifTax": false
    },
    {
      "content": "Taxes and Fees",
      "amount": "3,720.70",
      "ifTax": true
    }
  ]
}