{
  "type": "plane",
  "std_start_time": "2025-05-21",
  "orig_start_time": "21MAY",
  "std_end_time": "",
  "orig_end_time": "",
  "std_invoice_time": "2025-05-21",
  "orig_invoice_time": "21MAY",
  "place": "",
  "departure": "Singapore-SINGAPORE",
  "arrival": "Japan-TOKYO",
  "std_curr": "USD",
  "orig_curr": [],
  "std_total": "0.00",
  "orig_total": "",
  "seller_name": [
    "ZIPAIR TOKYO INC."
  ],
  "seller_address": [],
  "invoice_number": "EKNY2G",
  "tax_number": "",
  "detail": []
}