{
  "type": "plane",
  "std_start_time": "",
  "orig_start_time": "",
  "std_end_time": "",
  "orig_end_time": "",
  "std_invoice_time": "",
  "orig_invoice_time": "",
  "place": "",
  "departure": "US-Los Angeles",
  "arrival": "China-Beijing",
  "std_curr": "USD",
  "orig_curr": [
    "$"
  ],
  "std_total": "544.50",
  "orig_total": "544.50",
  "seller_name": [],
  "seller_address": [],
  "invoice_number": "",
  "tax_number": "",
  "detail": [
    {
      "content": "Fare",
      "amount": "507.00",
      "ifTax": false
    },
    {
      "content": "Taxes and fees",
      "amount": "37.50",
      "ifTax": true
    }
  ]
}