{
  "type": "plane",
  "std_start_time": "2015-04-25",
  "orig_start_time": "25APR15",
  "std_end_time": "",
  "orig_end_time": "",
  "std_invoice_time": "2015-04-25",
  "orig_invoice_time": "25APR15",
  "place": "",
  "departure": "RUS-ST PETERSBURG",
  "arrival": "RUS-MOSCOW",
  "std_curr": "USD",
  "orig_curr": [],
  "std_total": "0.00",
  "orig_total": "",
  "seller_name": [
    "AEROFLOT"
  ],
  "seller_address": [],
  "invoice_number": "555 2114425257",
  "tax_number": "",
  "detail": []
}