{
  "type": "plane",
  "std_start_time": "2016-10-04",
  "orig_start_time": "04 OCT 16",
  "std_end_time": "",
  "orig_end_time": "",
  "std_invoice_time": "2016-10-04",
  "orig_invoice_time": "04 OCT 16",
  "place": "US-HARTFORD",
  "departure": "US-HARTFORD",
  "arrival": "US-CHICAGO",
  "std_curr": "USD",
  "orig_curr": [],
  "std_total": "0.00",
  "orig_total": "",
  "seller_name": [
    "AmericanAirlines"
  ],
  "seller_address": [
    "US-Dallas"
  ],
  "invoice_number": "00121404026630",
  "tax_number": "",
  "detail": []
}