{
  "type": "other",
  "std_start_time": "2021-07-25",
  "orig_start_time": "07/25/2021",
  "std_end_time": "",
  "orig_end_time": "",
  "std_invoice_time": "2021-07-25",
  "orig_invoice_time": "07/25/2021",
  "place": "US-Tucumcari",
  "departure": "",
  "arrival": "",
  "std_curr": "USD",
  "orig_curr": [
    "Tucumcari"
  ],
  "std_total": "16.82",
  "orig_total": "16.82",
  "seller_name": [
    "FLYING J"
  ],
  "seller_address": [
    "US-Tucumcari"
  ],
  "invoice_number": "99166510",
  "tax_number": "",
  "detail": [
    {
      "content": "Subtotal",
      "amount": "16.82",
      "ifTax": false
    }
  ]
}