{
  "type": "other",
  "std_start_time": "2025-01-19",
  "orig_start_time": "01/19/2025",
  "std_end_time": "",
  "orig_end_time": "",
  "std_invoice_time": "2025-01-19",
  "orig_invoice_time": "01/19/2025",
  "place": "US-essex",
  "departure": "",
  "arrival": "",
  "std_curr": "USD",
  "orig_curr": [
    "$"
  ],
  "std_total": "10.60",
  "orig_total": "10.60",
  "seller_name": [
    "HI - Sahara Oasis"
  ],
  "seller_address": [
    "US-essex"
  ],
  "invoice_number": "E/1946881",
  "tax_number": "",
  "detail": [
    {
      "content": "PUMP# 4 UNLEAD REG 1.309G FUEL TOTAL",
      "amount": "10.60",
      "ifTax": false
    }
  ]
}