{
  "type": "other",
  "std_start_time": "2022-05-22",
  "orig_start_time": "2022-05-22",
  "std_end_time": "",
  "orig_end_time": "",
  "std_invoice_time": "2022-05-22",
  "orig_invoice_time": "2022-05-22",
  "place": "CA-EDMONTON",
  "departure": "",
  "arrival": "",
  "std_curr": "CAD",
  "orig_curr": [
    "$"
  ],
  "std_total": "40.00",
  "orig_total": "40.00",
  "seller_name": [
    "PETRO-CANADA"
  ],
  "seller_address": [
    "CA-EDMONTON"
  ],
  "invoice_number": "160428",
  "tax_number": "119335453",
  "detail": [
    {
      "content": "FUEL Pump 3 PI E-PAID REGULAR 11.841 L",
      "amount": "20.00",
      "ifTax": false
    },
    {
      "content": "PRODUCT Gen Mercl No Tax  1",
      "amount": "20.00",
      "ifTax": false
    }
  ]
}