{
  "type": "other",
  "std_start_time": "2016-12-30",
  "orig_start_time": "30/12/2016",
  "std_end_time": "",
  "orig_end_time": "",
  "std_invoice_time": "2016-12-30",
  "orig_invoice_time": "30/12/2016",
  "place": "NZ-Dunedin",
  "departure": "",
  "arrival": "",
  "std_curr": "NZD",
  "orig_curr": [
    "Dunedin"
  ],
  "std_total": "0.60",
  "orig_total": "0.60",
  "seller_name": [
    "BP 2go Mornington"
  ],
  "seller_address": [
    "NZ-Dunedin"
  ],
  "invoice_number": "27825",
  "tax_number": "71-644-367",
  "detail": [
    {
      "content": "AA SMARTFUEL 207.9cpl Refund - Loyalty Disc.",
      "amount": "-103.95",
      "ifTax": false
    },
    {
      "content": "BP Disc 6cpl Refund - Loyalty Disc.",
      "amount": "-3.00",
      "ifTax": false
    },
    {
      "content": "6 PULP \n2.139/LT 50.000LT",
      "amount": "106.95",
      "ifTax": true
    },
    {
      "content": "STARBURST SUCKS LOLLIPOP",
      "amount": "0.60",
      "ifTax": true
    },
    {
      "content": "AA SMARTFUEL Card 6362121057165196",
      "amount": "0.00",
      "ifTax": true
    }
  ]
}