{
  "type": "other",
  "std_start_time": "2021-07-23",
  "orig_start_time": "7/23/21",
  "std_end_time": "",
  "orig_end_time": "",
  "std_invoice_time": "2021-07-23",
  "orig_invoice_time": "7/23/21",
  "place": "USA-MOBILE",
  "departure": "",
  "arrival": "",
  "std_curr": "USD",
  "orig_curr": [
    "$"
  ],
  "std_total": "49.95",
  "orig_total": "49.95",
  "seller_name": [
    "BROAD ST CHEVRON"
  ],
  "seller_address": [
    "USA-MOBILE"
  ],
  "invoice_number": "3410528",
  "tax_number": "",
  "detail": [
    {
      "content": "FUEL SALE",
      "amount": "49.95",
      "ifTax": false
    }
  ]
}