{
  "type": "other",
  "std_start_time": "2008-06-03",
  "orig_start_time": "3JUN2008",
  "std_end_time": "",
  "orig_end_time": "",
  "std_invoice_time": "2008-06-03",
  "orig_invoice_time": "3JUN2008",
  "place": "US-London",
  "departure": "",
  "arrival": "",
  "std_curr": "GBP",
  "orig_curr": [
    "London"
  ],
  "std_total": "77.44",
  "orig_total": "77.44",
  "seller_name": [
    "UPTON - WIRRAL"
  ],
  "seller_address": [
    "US-London"
  ],
  "invoice_number": "",
  "tax_number": "660 454 836",
  "detail": [
    {
      "content": "NET",
      "amount": "65.91",
      "ifTax": false
    },
    {
      "content": "VAT",
      "amount": "11.53",
      "ifTax": true
    }
  ]
}