{
  "type": "other",
  "std_start_time": "2018-12-25",
  "orig_start_time": "25/12/2018",
  "std_end_time": "",
  "orig_end_time": "",
  "std_invoice_time": "2018-12-25",
  "orig_invoice_time": "25/12/2018",
  "place": "IND-MYSORE",
  "departure": "",
  "arrival": "",
  "std_curr": "INR",
  "orig_curr": [
    "Rs"
  ],
  "std_total": "300.00",
  "orig_total": "300.00",
  "seller_name": [
    "Bharat Petroleum"
  ],
  "seller_address": [
    "IND-MYSORE"
  ],
  "invoice_number": "298258",
  "tax_number": "29AASPU5167C1Z3",
  "detail": [
    {
      "content": "PRODUCT",
      "amount": "300.00",
      "ifTax": false
    }
  ]
}