{
  "type": "other",
  "std_start_time": "2020-05-19",
  "orig_start_time": "05/19/2020",
  "std_end_time": "",
  "orig_end_time": "",
  "std_invoice_time": "2020-05-19",
  "orig_invoice_time": "05/19/2020",
  "place": "US-FRESNO",
  "departure": "",
  "arrival": "",
  "std_curr": "USD",
  "orig_curr": [
    "FRESNO"
  ],
  "std_total": "0.11",
  "orig_total": "0.11",
  "seller_name": [
    "SHELL"
  ],
  "seller_address": [
    "US-FRESNO"
  ],
  "invoice_number": "383133",
  "tax_number": "000048",
  "detail": [
    {
      "content": "FUEL TOTAL",
      "amount": "0.11",
      "ifTax": false
    }
  ]
}