{
  "type": "hotel",
  "std_start_time": "2018-03-06",
  "orig_start_time": "3/6/2018",
  "std_end_time": "2018-03-08",
  "orig_end_time": "3/8/2018",
  "std_invoice_time": "",
  "orig_invoice_time": "",
  "place": "US-FRANKLIN",
  "departure": "",
  "arrival": "",
  "std_curr": "USD",
  "orig_curr": [
    "$"
  ],
  "std_total": "403.34",
  "orig_total": "403.34",
  "seller_name": [
    "EMBASSY SUITES HOTELS"
  ],
  "seller_address": [
    "US-FRANKLIN"
  ],
  "invoice_number": "82204000",
  "tax_number": "",
  "detail": [
    {
      "content": "3/6/2018 3028027 GUEST ROOM",
      "amount": "172.00",
      "ifTax": false
    },
    {
      "content": "3/6/2018 3028027 STATE TAX",
      "amount": "15.91",
      "ifTax": true
    },
    {
      "content": "3/6/2018 3028027 COUNTY TAX",
      "amount": "6.88",
      "ifTax": true
    },
    {
      "content": "3/6/2018 3028027 CITY TAX",
      "amount": "6.88",
      "ifTax": true
    },
    {
      "content": "3/7/2018 3028419 GUEST ROOM",
      "amount": "172.00",
      "ifTax": false
    },
    {
      "content": "3/7/2018 3028419 STATE TAX",
      "amount": "15.91",
      "ifTax": true
    },
    {
      "content": "3/7/2018 3028419 COUNTY TAX",
      "amount": "6.88",
      "ifTax": true
    },
    {
      "content": "3/7/2018 3028419 CITY TAX",
      "amount": "6.88",
      "ifTax": true
    }
  ]
}