{
  "type": "hotel",
  "std_start_time": "2018-03-21",
  "orig_start_time": "03/21/18",
  "std_end_time": "2018-03-22",
  "orig_end_time": "03/22/18",
  "std_invoice_time": "2018-03-22",
  "orig_invoice_time": "03/22/18",
  "place": "USA-Salt Lake City",
  "departure": "",
  "arrival": "",
  "std_curr": "USD",
  "orig_curr": [
    "Salt Lake City"
  ],
  "std_total": "131.16",
  "orig_total": "131.16",
  "seller_name": [
    "Hotel RL Salt Lake City"
  ],
  "seller_address": [
    "USA-Salt Lake City"
  ],
  "invoice_number": "411514",
  "tax_number": "",
  "detail": [
    {
      "content": "03/21/18 Accommodation ",
      "amount": "116.15",
      "ifTax": false
    },
    {
      "content": "03/21/18 State Tax  ",
      "amount": "7.96",
      "ifTax": true
    },
    {
      "content": "03/21/18 Occupancy Tax",
      "amount": "5.89",
      "ifTax": true
    },
    {
      "content": "03/21/18 Tourism Tax",
      "amount": "1.16",
      "ifTax": true
    },
    {
      "content": "03/21/18 Guest Parking ",
      "amount": "10.00",
      "ifTax": false
    },
    {
      "content": "03/22/18 Guest Parking Adjust no vehicle",
      "amount": "-10.00",
      "ifTax": false
    }
  ]
}