{
  "type": "hotel",
  "std_start_time": "2024-11-17",
  "orig_start_time": "11-17-24",
  "std_end_time": "2024-11-18",
  "orig_end_time": "11-18-24",
  "std_invoice_time": "",
  "orig_invoice_time": "",
  "place": "Canada-Edmonton",
  "departure": "",
  "arrival": "",
  "std_curr": "CAD",
  "orig_curr": [
    "$"
  ],
  "std_total": "287.14",
  "orig_total": "287.14",
  "seller_name": [
    "Fairmont HOTEL MACDONALD"
  ],
  "seller_address": [
    "Canada-Edmonton"
  ],
  "invoice_number": "",
  "tax_number": "846543619",
  "detail": [
    {
      "content": "11-17-24 Package Charge",
      "amount": "209.00",
      "ifTax": false
    },
    {
      "content": "11-17-24 Room - Destination Marketing Fee",
      "amount": "6.27",
      "ifTax": false
    },
    {
      "content": "11-17-24 Room - GST",
      "amount": "10.76",
      "ifTax": true
    },
    {
      "content": "11-17-24 Room - AB Tourism Levy",
      "amount": "8.61",
      "ifTax": true
    },
    {
      "content": "11-17-24\tParking - Valet Service",
      "amount": "50.00",
      "ifTax": false
    },
    {
      "content": "11-17-24\tParking - GST",
      "amount": "2.50",
      "ifTax": true
    }
  ]
}