{
  "type": "hotel",
  "std_start_time": "2019-05-07",
  "orig_start_time": "07May19",
  "std_end_time": "2019-05-10",
  "orig_end_time": "10May19",
  "std_invoice_time": "",
  "orig_invoice_time": "",
  "place": "US-Atlantic City",
  "departure": "",
  "arrival": "",
  "std_curr": "USD",
  "orig_curr": [
    "Atlantic City"
  ],
  "std_total": "0.00",
  "orig_total": "",
  "seller_name": [
    "Courtyard by Marriott® Atlantic City"
  ],
  "seller_address": [
    "US-Atlantic City"
  ],
  "invoice_number": "91984",
  "tax_number": "",
  "detail": [
    {
      "content": "07May19\tRoom Charge",
      "amount": "126.00",
      "ifTax": false
    },
    {
      "content": "07May19\tOccupancy Sales Tax",
      "amount": "12.60",
      "ifTax": true
    },
    {
      "content": "07May19\tState Occupancy Tax",
      "amount": "4.57",
      "ifTax": true
    },
    {
      "content": "07May19\tState Tourism Promotional Fee",
      "amount": "1.00",
      "ifTax": false
    },
    {
      "content": "08May19\tRoom Charge",
      "amount": "126.00",
      "ifTax": false
    },
    {
      "content": "08May19\tOccupancy Sales Tax",
      "amount": "12.60",
      "ifTax": true
    },
    {
      "content": "08May19\tState Occupancy Tax",
      "amount": "4.57",
      "ifTax": true
    },
    {
      "content": "08May19\tState Tourism Promotional Fee",
      "amount": "1.00",
      "ifTax": false
    },
    {
      "content": "09May19\tRoom Charge",
      "amount": "146.00",
      "ifTax": false
    },
    {
      "content": "09May19\tOccupancy Sales Tax",
      "amount": "14.60",
      "ifTax": true
    },
    {
      "content": "09May19\tState Occupancy Tax",
      "amount": "5.29",
      "ifTax": true
    },
    {
      "content": "09May19\tState Tourism Promotional Fee",
      "amount": "1.00",
      "ifTax": false
    },
    {
      "content": "07May19\tDaily Parking",
      "amount": "15.95",
      "ifTax": false
    },
    {
      "content": "08May19\tRestaurant Room Charge",
      "amount": "19.90",
      "ifTax": false
    },
    {
      "content": "08May19\tDaily Parking",
      "amount": "15.95",
      "ifTax": false
    },
    {
      "content": "09May19\tRestaurant Room Charge",
      "amount": "20.17",
      "ifTax": false
    },
    {
      "content": "09May19\tDaily Parking",
      "amount": "15.95",
      "ifTax": false
    },
    {
      "content": "10May19\tMarket Packaged Food",
      "amount": "5.00",
      "ifTax": false
    },
    {
      "content": "10May19\tSales Tax",
      "amount": "0.33",
      "ifTax": true
    }
  ]
}