{
  "type": "hotel",
  "std_start_time": "2022-07-06",
  "orig_start_time": "06/07/2022",
  "std_end_time": "2022-07-07",
  "orig_end_time": "07/07/2022",
  "std_invoice_time": "2022-07-07",
  "orig_invoice_time": "07/07/2022",
  "place": "India-Tirupati",
  "departure": "",
  "arrival": "",
  "std_curr": "INR",
  "orig_curr": [
    "Tirupati"
  ],
  "std_total": "0.00",
  "orig_total": "3808.00",
  "seller_name": [
    "FORTUNE KENCES"
  ],
  "seller_address": [
    "India-Tirupati"
  ],
  "invoice_number": "5486",
  "tax_number": "37AAACV737ICIZC",
  "detail": [
    {
      "content": "06/07/22 Tariff 130 99633",
      "amount": "3,400.00",
      "ifTax": false
    },
    {
      "content": "06/07/22 Central GST @6.00%",
      "amount": "204.00",
      "ifTax": true
    },
    {
      "content": "06/07/22 STATE GST @ 6.00%",
      "amount": "204.00",
      "ifTax": true
    }
  ]
}