{
  "type": "hotel",
  "std_start_time": "2023-12-06",
  "orig_start_time": "12-06-23",
  "std_end_time": "2023-12-07",
  "orig_end_time": "12-07-23",
  "std_invoice_time": "2023-12-07",
  "orig_invoice_time": "12-07-23",
  "place": "US-Frisco",
  "departure": "",
  "arrival": "",
  "std_curr": "USD",
  "orig_curr": [
    "Frisco"
  ],
  "std_total": "367.47",
  "orig_total": "367.47",
  "seller_name": [
    "GRAND BOHEMIAN HOTEL ORLANDO"
  ],
  "seller_address": [
    "US-Frisco"
  ],
  "invoice_number": "28771",
  "tax_number": "",
  "detail": [
    {
      "content": "12-06-23 Room Charge",
      "amount": "299.00",
      "ifTax": false
    },
    {
      "content": "12-06-23 Room Sales Tax",
      "amount": "19.44",
      "ifTax": true
    },
    {
      "content": "12-06-23 Lodging Tax",
      "amount": "17.94",
      "ifTax": true
    },
    {
      "content": "12-07-23 Boheme Room#1511 : CHECK#298142",
      "amount": "31.09",
      "ifTax": false
    }
  ]
}