{
  "type": "hotel",
  "std_start_time": "2021-10-09",
  "orig_start_time": "October 09, 2021",
  "std_end_time": "2021-10-13",
  "orig_end_time": "October 13, 2021",
  "std_invoice_time": "2021-10-05",
  "orig_invoice_time": "10/05/2021",
  "place": "US-Orange Beach",
  "departure": "",
  "arrival": "",
  "std_curr": "USD",
  "orig_curr": [
    "$"
  ],
  "std_total": "718.68",
  "orig_total": "718.68",
  "seller_name": [
    "Perdido Beach Resort"
  ],
  "seller_address": [
    "US-Orange Beach"
  ],
  "invoice_number": "RB2DE5",
  "tax_number": "",
  "detail": [
    {
      "content": "Total Room",
      "amount": "636.00",
      "ifTax": false
    },
    {
      "content": "Total Tax",
      "amount": "82.68",
      "ifTax": true
    }
  ]
}