{
  "type": "hotel",
  "std_start_time": "2019-11-05",
  "orig_start_time": "Nov 05,2019",
  "std_end_time": "2019-12-25",
  "orig_end_time": "Dec 25,2019",
  "std_invoice_time": "2020-01-06",
  "orig_invoice_time": "Jan 06,2020",
  "place": "USA-Whitestone",
  "departure": "",
  "arrival": "",
  "std_curr": "USD",
  "orig_curr": [
    "$"
  ],
  "std_total": "0.00",
  "orig_total": "",
  "seller_name": [
    "ESA New York City-LaGuardia Airport"
  ],
  "seller_address": [
    "USA-Whitestone"
  ],
  "invoice_number": "0651226477",
  "tax_number": "",
  "detail": [
    {
      "content": "Nov 05,2019 Room Rent",
      "amount": "130.14",
      "ifTax": false
    },
    {
      "content": "Nov 06,2019 Room Rent",
      "amount": "130.14",
      "ifTax": false
    },
    {
      "content": "Nov 07,2019 Room Rent",
      "amount": "130.14",
      "ifTax": false
    },
    {
      "content": "Nov 08,2019 Room Rent",
      "amount": "130.14",
      "ifTax": false
    },
    {
      "content": "Nov 09,2019 Room Rent",
      "amount": "130.14",
      "ifTax": false
    },
    {
      "content": "Nov 10,2019 Room Rent",
      "amount": "130.14",
      "ifTax": false
    },
    {
      "content": "Nov 11,2019 Room Rent",
      "amount": "130.14",
      "ifTax": false
    },
    {
      "content": "Nov 12,2019 Room Rent",
      "amount": "130.14",
      "ifTax": false
    },
    {
      "content": "Nov 13,2019 Room Rent",
      "amount": "130.14",
      "ifTax": false
    },
    {
      "content": "Nov 14,2019 Room Rent",
      "amount": "130.14",
      "ifTax": false
    },
    {
      "content": "Nov 15,2019 Room Rent",
      "amount": "130.14",
      "ifTax": false
    },
    {
      "content": "Nov 16,2019 Room Rent",
      "amount": "130.14",
      "ifTax": false
    },
    {
      "content": "Nov 17,2019 Room Rent",
      "amount": "130.14",
      "ifTax": false
    },
    {
      "content": "Nov 18,2019 Room Rent",
      "amount": "130.14",
      "ifTax": false
    },
    {
      "content": "Nov 19,2019 Room Rent",
      "amount": "130.14",
      "ifTax": false
    },
    {
      "content": "Nov 20,2019 Room Rent",
      "amount": "130.14",
      "ifTax": false
    },
    {
      "content": "Nov 21,2019 Room Rent",
      "amount": "130.14",
      "ifTax": false
    },
    {
      "content": "Nov 22,2019 Room Rent",
      "amount": "130.14",
      "ifTax": false
    },
    {
      "content": "Nov 23,2019 Room Rent",
      "amount": "130.14",
      "ifTax": false
    },
    {
      "content": "Nov 24,2019 Room Rent",
      "amount": "130.14",
      "ifTax": false
    },
    {
      "content": "Nov 25,2019 Room Rent",
      "amount": "130.14",
      "ifTax": false
    },
    {
      "content": "Nov 26,2019 Room Rent",
      "amount": "130.14",
      "ifTax": false
    },
    {
      "content": "Nov 27,2019 Room Rent",
      "amount": "130.14",
      "ifTax": false
    },
    {
      "content": "Nov 28,2019 Room Rent",
      "amount": "130.14",
      "ifTax": false
    },
    {
      "content": "Nov 29,2019 Room Rent",
      "amount": "130.14",
      "ifTax": false
    },
    {
      "content": "Nov 30,2019 Room Rent",
      "amount": "130.14",
      "ifTax": false
    },
    {
      "content": "Dec 01,2019 Room Rent",
      "amount": "130.14",
      "ifTax": false
    },
    {
      "content": "Dec 02,2019 Room Rent",
      "amount": "130.14",
      "ifTax": false
    },
    {
      "content": "Dec 03,2019 Room Rent",
      "amount": "130.14",
      "ifTax": false
    },
    {
      "content": "Dec 04,2019 Room Rent",
      "amount": "130.14",
      "ifTax": false
    },
    {
      "content": "Dec 05,2019 Room Rent",
      "amount": "130.14",
      "ifTax": false
    },
    {
      "content": "Dec 06,2019 Room Rent",
      "amount": "130.14",
      "ifTax": false
    },
    {
      "content": "Dec 07,2019 Room Rent",
      "amount": "130.14",
      "ifTax": false
    },
    {
      "content": "Dec 08,2019 Room Rent",
      "amount": "130.14",
      "ifTax": false
    },
    {
      "content": "Dec 09,2019 Room Rent",
      "amount": "130.14",
      "ifTax": false
    },
    {
      "content": "Dec 10,2019 Room Rent",
      "amount": "130.14",
      "ifTax": false
    },
    {
      "content": "Dec 11,2019 Room Rent",
      "amount": "130.14",
      "ifTax": false
    },
    {
      "content": "Dec 12,2019 Room Rent",
      "amount": "130.14",
      "ifTax": false
    },
    {
      "content": "Dec 13,2019 Room Rent",
      "amount": "130.14",
      "ifTax": false
    },
    {
      "content": "Dec 14,2019 Room Rent",
      "amount": "130.14",
      "ifTax": false
    },
    {
      "content": "Dec 15,2019 Room Rent",
      "amount": "130.14",
      "ifTax": false
    },
    {
      "content": "Dec 16,2019 Room Rent",
      "amount": "130.14",
      "ifTax": false
    },
    {
      "content": "Dec 17,2019 Room Rent",
      "amount": "130.14",
      "ifTax": false
    },
    {
      "content": "Dec 18,2019 Room Rent",
      "amount": "130.14",
      "ifTax": false
    },
    {
      "content": "Dec 19,2019 Room Rent",
      "amount": "130.14",
      "ifTax": false
    },
    {
      "content": "Dec 20,2019 Room Rent",
      "amount": "130.14",
      "ifTax": false
    },
    {
      "content": "Dec 21,2019 Room Rent",
      "amount": "130.14",
      "ifTax": false
    },
    {
      "content": "Dec 22,2019 Room Rent",
      "amount": "130.14",
      "ifTax": false
    },
    {
      "content": "Dec 23,2019 Room Rent",
      "amount": "130.14",
      "ifTax": false
    },
    {
      "content": "Nov 05,2019 State RM Tax on local RM Tax",
      "amount": "1.50",
      "ifTax": true
    },
    {
      "content": "Nov 05,2019 Accommodation Tax",
      "amount": "5.86",
      "ifTax": true
    },
    {
      "content": "Nov 05,2019 City Room Tax",
      "amount": "7.65",
      "ifTax": true
    },
    {
      "content": "Nov 05,2019 State Room Tax",
      "amount": "5.69",
      "ifTax": true
    },
    {
      "content": "Nov 05,2019 Flat Room Tax",
      "amount": "2.00",
      "ifTax": true
    },
    {
      "content": "Nov 06,2019 City Room Tax",
      "amount": "7.65",
      "ifTax": true
    },
    {
      "content": "Nov 06,2019 State RM Tax on local RM Tax",
      "amount": "1.50",
      "ifTax": true
    },
    {
      "content": "Nov 06,2019 Flat Room Tax",
      "amount": "2.00",
      "ifTax": true
    },
    {
      "content": "Nov 06,2019 Accommodation Tax",
      "amount": "5.86",
      "ifTax": true
    },
    {
      "content": "Nov 06,2019 State Room Tax",
      "amount": "5.69",
      "ifTax": true
    },
    {
      "content": "Nov 07,2019 Flat Room Tax",
      "amount": "2.00",
      "ifTax": true
    },
    {
      "content": "Nov 07,2019 City Room Tax",
      "amount": "7.65",
      "ifTax": true
    },
    {
      "content": "Nov 07,2019 State Room Tax",
      "amount": "5.69",
      "ifTax": true
    },
    {
      "content": "Nov 07,2019 Accommodation Tax",
      "amount": "5.86",
      "ifTax": true
    },
    {
      "content": "Nov 07,2019 State RM Tax on local RM Tax",
      "amount": "1.50",
      "ifTax": true
    },
    {
      "content": "Nov 08,2019 Flat Room Tax",
      "amount": "2.00",
      "ifTax": true
    },
    {
      "content": "Nov 08,2019 Accommodation Tax",
      "amount": "5.86",
      "ifTax": true
    },
    {
      "content": "Nov 08,2019 State Room Tax",
      "amount": "5.69",
      "ifTax": true
    },
    {
      "content": "Nov 08,2019 State RM Tax on local RM Tax",
      "amount": "1.50",
      "ifTax": true
    },
    {
      "content": "Nov 08,2019 City Room Tax",
      "amount": "7.65",
      "ifTax": true
    },
    {
      "content": "Nov 09,2019 City Room Tax",
      "amount": "7.65",
      "ifTax": true
    },
    {
      "content": "Nov 09,2019 State Room Tax",
      "amount": "5.69",
      "ifTax": true
    },
    {
      "content": "Nov 09,2019 Flat Room Tax",
      "amount": "2.00",
      "ifTax": true
    },
    {
      "content": "Nov 09,2019 State RM Tax on local RM Tax",
      "amount": "1.50",
      "ifTax": true
    },
    {
      "content": "Nov 09,2019 Accommodation Tax",
      "amount": "5.86",
      "ifTax": true
    },
    {
      "content": "Nov 10,2019 Flat Room Tax",
      "amount": "2.00",
      "ifTax": true
    },
    {
      "content": "Nov 10,2019 State RM Tax on local RM Tax",
      "amount": "1.50",
      "ifTax": true
    },
    {
      "content": "Nov 10,2019 Accommodation Tax",
      "amount": "5.86",
      "ifTax": true
    },
    {
      "content": "Nov 10,2019 City Room Tax",
      "amount": "7.65",
      "ifTax": true
    },
    {
      "content": "Nov 10,2019 State Room Tax",
      "amount": "5.69",
      "ifTax": true
    },
    {
      "content": "Nov 11,2019 State Room Tax",
      "amount": "5.69",
      "ifTax": true
    },
    {
      "content": "Nov 11,2019 Flat Room Tax",
      "amount": "2.00",
      "ifTax": true
    },
    {
      "content": "Nov 11,2019 State RM Tax on local RM Tax",
      "amount": "1.50",
      "ifTax": true
    },
    {
      "content": "Nov 11,2019 Accommodation Tax",
      "amount": "5.86",
      "ifTax": true
    },
    {
      "content": "Nov 11,2019 City Room Tax",
      "amount": "7.65",
      "ifTax": true
    },
    {
      "content": "Nov 12,2019 City Room Tax",
      "amount": "7.65",
      "ifTax": true
    },
    {
      "content": "Nov 12,2019 State Room Tax",
      "amount": "5.69",
      "ifTax": true
    },
    {
      "content": "Nov 12,2019 Flat Room Tax",
      "amount": "2.00",
      "ifTax": true
    },
    {
      "content": "Nov 12,2019 State RM Tax on local RM Tax",
      "amount": "1.50",
      "ifTax": true
    },
    {
      "content": "Nov 12,2019 Accommodation Tax",
      "amount": "5.86",
      "ifTax": true
    },
    {
      "content": "Nov 13,2019 City Room Tax",
      "amount": "7.65",
      "ifTax": true
    },
    {
      "content": "Nov 13,2019 Flat Room Tax",
      "amount": "2.00",
      "ifTax": true
    },
    {
      "content": "Nov 13,2019 Accommodation Tax",
      "amount": "5.86",
      "ifTax": true
    },
    {
      "content": "Nov 13,2019 State Room Tax",
      "amount": "5.69",
      "ifTax": true
    },
    {
      "content": "Nov 13,2019 State RM Tax on local RM Tax",
      "amount": "1.50",
      "ifTax": true
    },
    {
      "content": "Nov 14,2019 City Room Tax",
      "amount": "7.65",
      "ifTax": true
    },
    {
      "content": "Nov 14,2019 State Room Tax",
      "amount": "5.69",
      "ifTax": true
    },
    {
      "content": "Nov 14,2019 State RM Tax on local RM Tax",
      "amount": "1.50",
      "ifTax": true
    },
    {
      "content": "Nov 14,2019 Flat Room Tax",
      "amount": "2.00",
      "ifTax": true
    },
    {
      "content": "Nov 14,2019 Accommodation Tax",
      "amount": "5.86",
      "ifTax": true
    },
    {
      "content": "Nov 15,2019 State Room Tax",
      "amount": "5.69",
      "ifTax": true
    },
    {
      "content": "Nov 15,2019 Accommodation Tax",
      "amount": "5.86",
      "ifTax": true
    },
    {
      "content": "Nov 15,2019 State RM Tax on local RM Tax",
      "amount": "1.50",
      "ifTax": true
    },
    {
      "content": "Nov 15,2019 City Room Tax",
      "amount": "7.65",
      "ifTax": true
    },
    {
      "content": "Nov 15,2019 Flat Room Tax",
      "amount": "2.00",
      "ifTax": true
    },
    {
      "content": "Nov 16,2019 Accommodation Tax",
      "amount": "5.86",
      "ifTax": true
    },
    {
      "content": "Nov 16,2019 City Room Tax",
      "amount": "7.65",
      "ifTax": true
    },
    {
      "content": "Nov 16,2019 State Room Tax",
      "amount": "5.69",
      "ifTax": true
    },
    {
      "content": "Nov 16,2019 State RM Tax on local RM Tax",
      "amount": "1.50",
      "ifTax": true
    },
    {
      "content": "Nov 16,2019 Flat Room Tax",
      "amount": "2.00",
      "ifTax": true
    },
    {
      "content": "Nov 17,2019 State RM Tax on local RM Tax",
      "amount": "1.50",
      "ifTax": true
    },
    {
      "content": "Nov 17,2019 Flat Room Tax",
      "amount": "2.00",
      "ifTax": true
    },
    {
      "content": "Nov 17,2019 State Room Tax",
      "amount": "5.69",
      "ifTax": true
    },
    {
      "content": "Nov 17,2019 Accommodation Tax",
      "amount": "5.86",
      "ifTax": true
    },
    {
      "content": "Nov 17,2019 City Room Tax",
      "amount": "7.65",
      "ifTax": true
    },
    {
      "content": "Nov 18,2019 Flat Room Tax",
      "amount": "2.00",
      "ifTax": true
    },
    {
      "content": "Nov 18,2019 City Room Tax",
      "amount": "7.65",
      "ifTax": true
    },
    {
      "content": "Nov 18,2019 Accommodation Tax",
      "amount": "5.86",
      "ifTax": true
    },
    {
      "content": "Nov 18,2019 State Room Tax",
      "amount": "5.69",
      "ifTax": true
    },
    {
      "content": "Nov 18,2019 State RM Tax on local RM Tax",
      "amount": "1.50",
      "ifTax": true
    },
    {
      "content": "Nov 19,2019 Accommodation Tax",
      "amount": "5.86",
      "ifTax": true
    },
    {
      "content": "Nov 19,2019 State RM Tax on local RM Tax",
      "amount": "1.50",
      "ifTax": true
    },
    {
      "content": "Nov 19,2019 City Room Tax",
      "amount": "7.65",
      "ifTax": true
    },
    {
      "content": "Nov 19,2019 Flat Room Tax",
      "amount": "2.00",
      "ifTax": true
    },
    {
      "content": "Nov 19,2019 State Room Tax",
      "amount": "5.69",
      "ifTax": true
    },
    {
      "content": "Nov 20,2019 State RM Tax on local RM Tax",
      "amount": "1.50",
      "ifTax": true
    },
    {
      "content": "Nov 20,2019 City Room Tax",
      "amount": "7.65",
      "ifTax": true
    },
    {
      "content": "Nov 20,2019 Accommodation Tax",
      "amount": "5.86",
      "ifTax": true
    },
    {
      "content": "Nov 20,2019 Flat Room Tax",
      "amount": "2.00",
      "ifTax": true
    },
    {
      "content": "Nov 20,2019 State Room Tax",
      "amount": "5.69",
      "ifTax": true
    },
    {
      "content": "Nov 21,2019 Accommodation Tax",
      "amount": "5.86",
      "ifTax": true
    },
    {
      "content": "Nov 21,2019 State RM Tax on local RM Tax",
      "amount": "1.50",
      "ifTax": true
    },
    {
      "content": "Nov 21,2019 State Room Tax",
      "amount": "5.69",
      "ifTax": true
    },
    {
      "content": "Nov 21,2019 City Room Tax",
      "amount": "7.65",
      "ifTax": true
    },
    {
      "content": "Nov 21,2019 Flat Room Tax",
      "amount": "2.00",
      "ifTax": true
    },
    {
      "content": "Nov 22,2019 State Room Tax",
      "amount": "5.69",
      "ifTax": true
    },
    {
      "content": "Nov 22,2019 Flat Room Tax",
      "amount": "2.00",
      "ifTax": true
    },
    {
      "content": "Nov 22,2019 State RM Tax on local RM Tax",
      "amount": "1.50",
      "ifTax": true
    },
    {
      "content": "Nov 22,2019 City Room Tax",
      "amount": "7.65",
      "ifTax": true
    },
    {
      "content": "Nov 22,2019 Accommodation Tax",
      "amount": "5.86",
      "ifTax": true
    },
    {
      "content": "Nov 23,2019 Accommodation Tax",
      "amount": "5.86",
      "ifTax": true
    },
    {
      "content": "Nov 23,2019 State RM Tax on local RM Tax",
      "amount": "1.50",
      "ifTax": true
    },
    {
      "content": "Nov 23,2019 Flat Room Tax",
      "amount": "2.00",
      "ifTax": true
    },
    {
      "content": "Nov 23,2019 State Room Tax",
      "amount": "5.69",
      "ifTax": true
    },
    {
      "content": "Nov 23,2019 City Room Tax",
      "amount": "7.65",
      "ifTax": true
    },
    {
      "content": "Nov 24,2019 Flat Room Tax",
      "amount": "2.00",
      "ifTax": true
    },
    {
      "content": "Nov 24,2019 State RM Tax on local RM Tax",
      "amount": "1.50",
      "ifTax": true
    },
    {
      "content": "Nov 24,2019 Accommodation Tax",
      "amount": "5.86",
      "ifTax": true
    },
    {
      "content": "Nov 24,2019 State Room Tax",
      "amount": "5.69",
      "ifTax": true
    },
    {
      "content": "Nov 24,2019 City Room Tax",
      "amount": "7.65",
      "ifTax": true
    },
    {
      "content": "Nov 25,2019 City Room Tax",
      "amount": "7.65",
      "ifTax": true
    },
    {
      "content": "Nov 25,2019 State RM Tax on local RM Tax",
      "amount": "1.50",
      "ifTax": true
    },
    {
      "content": "Nov 25,2019 Flat Room Tax",
      "amount": "2.00",
      "ifTax": true
    },
    {
      "content": "Nov 25,2019 Accommodation Tax",
      "amount": "5.86",
      "ifTax": true
    },
    {
      "content": "Nov 25,2019 State Room Tax",
      "amount": "5.69",
      "ifTax": true
    },
    {
      "content": "Nov 26,2019 Accommodation Tax",
      "amount": "5.86",
      "ifTax": true
    },
    {
      "content": "Nov 26,2019 State Room Tax",
      "amount": "5.69",
      "ifTax": true
    },
    {
      "content": "Nov 26,2019 State RM Tax on local RM Tax",
      "amount": "1.50",
      "ifTax": true
    },
    {
      "content": "Nov 26,2019 Flat Room Tax",
      "amount": "2.00",
      "ifTax": true
    },
    {
      "content": "Nov 26,2019 City Room Tax",
      "amount": "7.65",
      "ifTax": true
    },
    {
      "content": "Nov 27,2019 State RM Tax on local RM Tax",
      "amount": "1.50",
      "ifTax": true
    },
    {
      "content": "Nov 27,2019 Accommodation Tax",
      "amount": "5.86",
      "ifTax": true
    },
    {
      "content": "Nov 27,2019 City Room Tax",
      "amount": "7.65",
      "ifTax": true
    },
    {
      "content": "Nov 27,2019 State Room Tax",
      "amount": "5.69",
      "ifTax": true
    },
    {
      "content": "Nov 27,2019 Flat Room Tax",
      "amount": "2.00",
      "ifTax": true
    },
    {
      "content": "Nov 28,2019 State RM Tax on local RM Tax",
      "amount": "1.50",
      "ifTax": true
    },
    {
      "content": "Nov 28,2019 State Room Tax",
      "amount": "5.69",
      "ifTax": true
    },
    {
      "content": "Nov 28,2019 City Room Tax",
      "amount": "7.65",
      "ifTax": true
    },
    {
      "content": "Nov 28,2019 Accommodation Tax",
      "amount": "5.86",
      "ifTax": true
    },
    {
      "content": "Nov 28,2019 Flat Room Tax",
      "amount": "2.00",
      "ifTax": true
    },
    {
      "content": "Nov 29,2019 State Room Tax",
      "amount": "5.69",
      "ifTax": true
    },
    {
      "content": "Nov 29,2019 State RM Tax on local RM Tax",
      "amount": "1.50",
      "ifTax": true
    },
    {
      "content": "Nov 29,2019 Flat Room Tax",
      "amount": "2.00",
      "ifTax": true
    },
    {
      "content": "Nov 29,2019 Accommodation Tax",
      "amount": "5.86",
      "ifTax": true
    },
    {
      "content": "Nov 29,2019 City Room Tax",
      "amount": "7.65",
      "ifTax": true
    },
    {
      "content": "Nov 30,2019 City Room Tax",
      "amount": "7.65",
      "ifTax": true
    },
    {
      "content": "Nov 30,2019 State Room Tax",
      "amount": "5.69",
      "ifTax": true
    },
    {
      "content": "Nov 30,2019 Accommodation Tax",
      "amount": "5.86",
      "ifTax": true
    },
    {
      "content": "Nov 30,2019 State RM Tax on local RM Tax",
      "amount": "1.50",
      "ifTax": true
    },
    {
      "content": "Nov 30,2019 Flat Room Tax",
      "amount": "2.00",
      "ifTax": true
    },
    {
      "content": "Dec 01,2019 Accommodation Tax",
      "amount": "5.86",
      "ifTax": true
    },
    {
      "content": "Dec 01,2019 Flat Room Tax",
      "amount": "2.00",
      "ifTax": true
    },
    {
      "content": "Dec 01,2019 State Room Tax",
      "amount": "5.69",
      "ifTax": true
    },
    {
      "content": "Dec 01,2019 State RM Tax on local RM Tax",
      "amount": "1.50",
      "ifTax": true
    },
    {
      "content": "Dec 01,2019 City Room Tax",
      "amount": "7.65",
      "ifTax": true
    },
    {
      "content": "Dec 02,2019 City Room Tax",
      "amount": "7.65",
      "ifTax": true
    },
    {
      "content": "Dec 02,2019 State RM Tax on local RM Tax",
      "amount": "1.50",
      "ifTax": true
    },
    {
      "content": "Dec 02,2019 Accommodation Tax",
      "amount": "5.86",
      "ifTax": true
    },
    {
      "content": "Dec 02,2019 State Room Tax",
      "amount": "5.69",
      "ifTax": true
    },
    {
      "content": "Dec 02,2019 Flat Room Tax",
      "amount": "2.00",
      "ifTax": true
    },
    {
      "content": "Dec 03,2019 Flat Room Tax",
      "amount": "2.00",
      "ifTax": true
    },
    {
      "content": "Dec 03,2019 Accommodation Tax",
      "amount": "5.86",
      "ifTax": true
    },
    {
      "content": "Dec 03,2019 City Room Tax",
      "amount": "7.65",
      "ifTax": true
    },
    {
      "content": "Dec 03,2019 State Room Tax",
      "amount": "5.69",
      "ifTax": true
    },
    {
      "content": "Dec 03,2019 State RM Tax on local RM Tax",
      "amount": "1.50",
      "ifTax": true
    },
    {
      "content": "Dec 04,2019 State RM Tax on local RM Tax",
      "amount": "1.50",
      "ifTax": true
    },
    {
      "content": "Dec 04,2019 Flat Room Tax",
      "amount": "2.00",
      "ifTax": true
    },
    {
      "content": "Dec 04,2019 State Room Tax",
      "amount": "5.69",
      "ifTax": true
    },
    {
      "content": "Dec 04,2019 City Room Tax",
      "amount": "7.65",
      "ifTax": true
    },
    {
      "content": "Dec 04,2019 Accommodation Tax",
      "amount": "5.86",
      "ifTax": true
    },
    {
      "content": "Dec 05,2019 State Room Tax",
      "amount": "5.69",
      "ifTax": true
    },
    {
      "content": "Dec 05,2019 State RM Tax on local RM Tax",
      "amount": "1.50",
      "ifTax": true
    },
    {
      "content": "Dec 05,2019 Accommodation Tax",
      "amount": "5.86",
      "ifTax": true
    },
    {
      "content": "Dec 05,2019 City Room Tax",
      "amount": "7.65",
      "ifTax": true
    },
    {
      "content": "Dec 05,2019 Flat Room Tax",
      "amount": "2.00",
      "ifTax": true
    },
    {
      "content": "Dec 06,2019 City Room Tax",
      "amount": "7.65",
      "ifTax": true
    },
    {
      "content": "Dec 06,2019 Accommodation Tax",
      "amount": "5.86",
      "ifTax": true
    },
    {
      "content": "Dec 06,2019 Flat Room Tax",
      "amount": "2.00",
      "ifTax": true
    },
    {
      "content": "Dec 06,2019 State RM Tax on local RM Tax",
      "amount": "1.50",
      "ifTax": true
    },
    {
      "content": "Dec 06,2019 State Room Tax",
      "amount": "5.69",
      "ifTax": true
    },
    {
      "content": "Dec 07,2019 State RM Tax on local RM Tax",
      "amount": "1.50",
      "ifTax": true
    },
    {
      "content": "Dec 07,2019 Accommodation Tax",
      "amount": "5.86",
      "ifTax": true
    },
    {
      "content": "Dec 07,2019 City Room Tax",
      "amount": "7.65",
      "ifTax": true
    },
    {
      "content": "Dec 07,2019 Flat Room Tax",
      "amount": "2.00",
      "ifTax": true
    },
    {
      "content": "Dec 07,2019 State Room Tax",
      "amount": "5.69",
      "ifTax": true
    },
    {
      "content": "Dec 08,2019 City Room Tax",
      "amount": "7.65",
      "ifTax": true
    },
    {
      "content": "Dec 08,2019 State RM Tax on local RM Tax",
      "amount": "1.50",
      "ifTax": true
    },
    {
      "content": "Dec 08,2019 Flat Room Tax",
      "amount": "2.00",
      "ifTax": true
    },
    {
      "content": "Dec 08,2019 State Room Tax",
      "amount": "5.69",
      "ifTax": true
    },
    {
      "content": "Dec 08,2019 Accommodation Tax",
      "amount": "5.86",
      "ifTax": true
    },
    {
      "content": "Dec 09,2019 State Room Tax",
      "amount": "5.69",
      "ifTax": true
    },
    {
      "content": "Dec 09,2019 State RM Tax on local RM Tax",
      "amount": "1.50",
      "ifTax": true
    },
    {
      "content": "Dec 09,2019 Flat Room Tax",
      "amount": "2.00",
      "ifTax": true
    },
    {
      "content": "Dec 09,2019 City Room Tax",
      "amount": "7.65",
      "ifTax": true
    },
    {
      "content": "Dec 09,2019 Accommodation Tax",
      "amount": "5.86",
      "ifTax": true
    },
    {
      "content": "Dec 10,2019 Accommodation Tax",
      "amount": "5.86",
      "ifTax": true
    },
    {
      "content": "Dec 10,2019 City Room Tax",
      "amount": "7.65",
      "ifTax": true
    },
    {
      "content": "Dec 10,2019 Flat Room Tax",
      "amount": "2.00",
      "ifTax": true
    },
    {
      "content": "Dec 10,2019 State Room Tax",
      "amount": "5.69",
      "ifTax": true
    },
    {
      "content": "Dec 10,2019 State RM Tax on local RM Tax",
      "amount": "1.50",
      "ifTax": true
    },
    {
      "content": "Dec 11,2019 Accommodation Tax",
      "amount": "5.86",
      "ifTax": true
    },
    {
      "content": "Dec 11,2019 Flat Room Tax",
      "amount": "2.00",
      "ifTax": true
    },
    {
      "content": "Dec 11,2019 State Room Tax",
      "amount": "5.69",
      "ifTax": true
    },
    {
      "content": "Dec 11,2019 State RM Tax on local RM Tax",
      "amount": "1.50",
      "ifTax": true
    },
    {
      "content": "Dec 11,2019 City Room Tax",
      "amount": "7.65",
      "ifTax": true
    },
    {
      "content": "Dec 12,2019 Accommodation Tax",
      "amount": "5.86",
      "ifTax": true
    },
    {
      "content": "Dec 12,2019 State RM Tax on local RM Tax",
      "amount": "1.50",
      "ifTax": true
    },
    {
      "content": "Dec 12,2019 Flat Room Tax",
      "amount": "2.00",
      "ifTax": true
    },
    {
      "content": "Dec 12,2019 City Room Tax",
      "amount": "7.65",
      "ifTax": true
    },
    {
      "content": "Dec 12,2019 State Room Tax",
      "amount": "5.69",
      "ifTax": true
    },
    {
      "content": "Dec 13,2019 State Room Tax",
      "amount": "5.69",
      "ifTax": true
    },
    {
      "content": "Dec 13,2019 State RM Tax on local RM Tax",
      "amount": "1.50",
      "ifTax": true
    },
    {
      "content": "Dec 13,2019 City Room Tax",
      "amount": "7.65",
      "ifTax": true
    },
    {
      "content": "Dec 13,2019 Flat Room Tax",
      "amount": "2.00",
      "ifTax": true
    },
    {
      "content": "Dec 13,2019 Accommodation Tax",
      "amount": "5.86",
      "ifTax": true
    },
    {
      "content": "Dec 14,2019 City Room Tax",
      "amount": "7.65",
      "ifTax": true
    },
    {
      "content": "Dec 14,2019 State Room Tax",
      "amount": "5.69",
      "ifTax": true
    },
    {
      "content": "Dec 14,2019 Flat Room Tax",
      "amount": "2.00",
      "ifTax": true
    },
    {
      "content": "Dec 14,2019 Accommodation Tax",
      "amount": "5.86",
      "ifTax": true
    },
    {
      "content": "Dec 14,2019 State RM Tax on local RM Tax",
      "amount": "1.50",
      "ifTax": true
    },
    {
      "content": "Dec 15,2019 State RM Tax on local RM Tax",
      "amount": "1.50",
      "ifTax": true
    },
    {
      "content": "Dec 15,2019 State Room Tax",
      "amount": "5.69",
      "ifTax": true
    },
    {
      "content": "Dec 15,2019 Accommodation Tax",
      "amount": "5.86",
      "ifTax": true
    },
    {
      "content": "Dec 15,2019 Flat Room Tax",
      "amount": "2.00",
      "ifTax": true
    },
    {
      "content": "Dec 15,2019 City Room Tax",
      "amount": "7.65",
      "ifTax": true
    },
    {
      "content": "Dec 16,2019 Flat Room Tax",
      "amount": "2.00",
      "ifTax": true
    },
    {
      "content": "Dec 16,2019 State RM Tax on local RM Tax",
      "amount": "1.50",
      "ifTax": true
    },
    {
      "content": "Dec 16,2019 City Room Tax",
      "amount": "7.65",
      "ifTax": true
    },
    {
      "content": "Dec 16,2019 State Room Tax",
      "amount": "5.69",
      "ifTax": true
    },
    {
      "content": "Dec 16,2019 Accommodation Tax",
      "amount": "5.86",
      "ifTax": true
    },
    {
      "content": "Dec 17,2019 Flat Room Tax",
      "amount": "2.00",
      "ifTax": true
    },
    {
      "content": "Dec 17,2019 State RM Tax on local RM Tax",
      "amount": "1.50",
      "ifTax": true
    },
    {
      "content": "Dec 17,2019 State Room Tax",
      "amount": "5.69",
      "ifTax": true
    },
    {
      "content": "Dec 17,2019 City Room Tax",
      "amount": "7.65",
      "ifTax": true
    },
    {
      "content": "Dec 17,2019 Accommodation Tax",
      "amount": "5.86",
      "ifTax": true
    },
    {
      "content": "Dec 18,2019 City Room Tax",
      "amount": "7.65",
      "ifTax": true
    },
    {
      "content": "Dec 18,2019 Flat Room Tax",
      "amount": "2.00",
      "ifTax": true
    },
    {
      "content": "Dec 18,2019 State Room Tax",
      "amount": "5.69",
      "ifTax": true
    },
    {
      "content": "Dec 18,2019 Accommodation Tax",
      "amount": "5.86",
      "ifTax": true
    },
    {
      "content": "Dec 18,2019 State RM Tax on local RM Tax",
      "amount": "1.50",
      "ifTax": true
    },
    {
      "content": "Dec 19,2019 Flat Room Tax",
      "amount": "2.00",
      "ifTax": true
    },
    {
      "content": "Dec 19,2019 Accommodation Tax",
      "amount": "5.86",
      "ifTax": true
    },
    {
      "content": "Dec 19,2019 City Room Tax",
      "amount": "7.65",
      "ifTax": true
    },
    {
      "content": "Dec 19,2019 State RM Tax on local RM Tax",
      "amount": "1.50",
      "ifTax": true
    },
    {
      "content": "Dec 19,2019 State Room Tax",
      "amount": "5.69",
      "ifTax": true
    },
    {
      "content": "Dec 20,2019 City Room Tax",
      "amount": "7.65",
      "ifTax": true
    },
    {
      "content": "Dec 20,2019 State RM Tax on local RM Tax",
      "amount": "1.50",
      "ifTax": true
    },
    {
      "content": "Dec 20,2019 Accommodation Tax",
      "amount": "5.86",
      "ifTax": true
    },
    {
      "content": "Dec 20,2019 Flat Room Tax",
      "amount": "2.00",
      "ifTax": true
    },
    {
      "content": "Dec 20,2019 State Room Tax",
      "amount": "5.69",
      "ifTax": true
    },
    {
      "content": "Dec 21,2019 Accommodation Tax",
      "amount": "5.86",
      "ifTax": true
    },
    {
      "content": "Dec 21,2019 City Room Tax",
      "amount": "7.65",
      "ifTax": true
    },
    {
      "content": "Dec 21,2019 Flat Room Tax",
      "amount": "2.00",
      "ifTax": true
    },
    {
      "content": "Dec 21,2019 State Room Tax",
      "amount": "5.69",
      "ifTax": true
    },
    {
      "content": "Dec 21,2019 State RM Tax on local RM Tax",
      "amount": "1.50",
      "ifTax": true
    },
    {
      "content": "Dec 22,2019 City Room Tax",
      "amount": "7.65",
      "ifTax": true
    },
    {
      "content": "Dec 22,2019 State RM Tax on local RM Tax",
      "amount": "1.50",
      "ifTax": true
    },
    {
      "content": "Dec 22,2019 Accommodation Tax",
      "amount": "5.86",
      "ifTax": true
    },
    {
      "content": "Dec 22,2019 Flat Room Tax",
      "amount": "2.00",
      "ifTax": true
    },
    {
      "content": "Dec 22,2019 State Room Tax",
      "amount": "5.69",
      "ifTax": true
    },
    {
      "content": "Dec 23,2019 Flat Room Tax",
      "amount": "2.00",
      "ifTax": true
    },
    {
      "content": "Dec 23,2019 State RM Tax on local RM Tax",
      "amount": "1.50",
      "ifTax": true
    },
    {
      "content": "Dec 23,2019 State Room Tax",
      "amount": "5.69",
      "ifTax": true
    },
    {
      "content": "Dec 23,2019 Accommodation Tax",
      "amount": "5.86",
      "ifTax": true
    },
    {
      "content": "Dec 23,2019 City Room Tax",
      "amount": "7.65",
      "ifTax": true
    },
    {
      "content": "Dec 24,2019 Accommodation Tax",
      "amount": "5.86",
      "ifTax": true
    },
    {
      "content": "Dec 24,2019 City Room Tax",
      "amount": "7.65",
      "ifTax": true
    },
    {
      "content": "Dec 24,2019 State Room Tax",
      "amount": "5.69",
      "ifTax": true
    },
    {
      "content": "Dec 24,2019 State RM Tax on local RM Tax",
      "amount": "1.50",
      "ifTax": true
    },
    {
      "content": "Dec 24,2019 Flat Room Tax",
      "amount": "2.00",
      "ifTax": true
    }
  ]
}