{
  "type": "hotel",
  "std_start_time": "2020-11-24",
  "orig_start_time": "24-Nov-2020",
  "std_end_time": "2020-11-26",
  "orig_end_time": "26-Nov-2020",
  "std_invoice_time": "2020-11-26",
  "orig_invoice_time": "26-11-2020",
  "place": "IND-Cooch Behar",
  "departure": "",
  "arrival": "",
  "std_curr": "USD",
  "orig_curr": [
    "Cooch Behar"
  ],
  "std_total": "0.00",
  "orig_total": "1,367.50",
  "seller_name": [
    "Sky Park Restaurant"
  ],
  "seller_address": [
    "IND-Cooch Behar"
  ],
  "invoice_number": "SkV/183",
  "tax_number": "19ACKFS3174P1Z9",
  "detail": [
    {
      "content": "Taxable Value ",
      "amount": "0.00",
      "ifTax": true
    },
    {
      "content": "IGST",
      "amount": "0.00",
      "ifTax": true
    },
    {
      "content": "CGST",
      "amount": "33.75",
      "ifTax": true
    },
    {
      "content": "CGST",
      "amount": "33.75",
      "ifTax": true
    },
    {
      "content": "Round Off ",
      "amount": "0.00",
      "ifTax": false
    }
  ]
}