{
  "type": "hotel",
  "std_start_time": "2013-03-18",
  "orig_start_time": "18-03-13",
  "std_end_time": "2013-03-20",
  "orig_end_time": "20-03-13",
  "std_invoice_time": "2013-03-20",
  "orig_invoice_time": "20/03/13",
  "place": "UK-Reading",
  "departure": "",
  "arrival": "",
  "std_curr": "GBP",
  "orig_curr": [
    "GBP"
  ],
  "std_total": "359.00",
  "orig_total": "359.00",
  "seller_name": [
    "Holiday Inn Reading M4 Jct 10"
  ],
  "seller_address": [
    "UK-Reading"
  ],
  "invoice_number": "716631",
  "tax_number": "930 120 872",
  "detail": [
    {
      "content": "18-03-13 Internet Wireless",
      "amount": "8.75",
      "ifTax": false
    },
    {
      "content": "18-03-13 Accommodation - Package",
      "amount": "132.50",
      "ifTax": false
    },
    {
      "content": "19-03-13 Internet Wireless",
      "amount": "8.75",
      "ifTax": false
    },
    {
      "content": "19-03-13 Accommodation - Package",
      "amount": "149.17",
      "ifTax": false
    },
    {
      "content": "20-03-13 MasterCard",
      "amount": "0.00",
      "ifTax": false
    },
    {
      "content": "VAT",
      "amount": "59.83",
      "ifTax": true
    }
  ]
}