{
  "type": "hotel",
  "std_start_time": "2019-05-07",
  "orig_start_time": "05-07-19",
  "std_end_time": "2019-05-11",
  "orig_end_time": "05-11-19",
  "std_invoice_time": "",
  "orig_invoice_time": "",
  "place": "US-WEST HOLLYWOOD",
  "departure": "",
  "arrival": "",
  "std_curr": "USD",
  "orig_curr": [
    "WEST HOLLYWOOD"
  ],
  "std_total": "0.00",
  "orig_total": "1,828.37",
  "seller_name": [
    "KIMPTON la peer hotel WEST HOLLYWOOD"
  ],
  "seller_address": [
    "US-WEST HOLLYWOOD"
  ],
  "invoice_number": "",
  "tax_number": "",
  "detail": [
    {
      "content": "05-07-19 *Accommodation",
      "amount": "350.00",
      "ifTax": false
    },
    {
      "content": "05-07-19 West Hollywood Occupancy Tax",
      "amount": "43.75",
      "ifTax": true
    },
    {
      "content": "05-07-19 West Hollywood Tourism Assessment",
      "amount": "10.50",
      "ifTax": true
    },
    {
      "content": "05-07-19 CA Tourism Assessment",
      "amount": "0.68",
      "ifTax": true
    },
    {
      "content": "05-08-19 In Room Dining Room# 312 : CHECK#  10997280",
      "amount": "39.70",
      "ifTax": false
    },
    {
      "content": "05-08-19 Viale Dei Romani Room# 312 : CHECK# 10905206",
      "amount": "12.95",
      "ifTax": false
    },
    {
      "content": "05-08-19 Viale Dei Romani Room# 312 : CHECK# 10905212",
      "amount": "16.14",
      "ifTax": false
    },
    {
      "content": "05-08-19 Viale Dei Romani Room# 312 : CHECK# 10905214",
      "amount": "88.84",
      "ifTax": false
    },
    {
      "content": "05-08-19 *Accommodation",
      "amount": "350.00",
      "ifTax": false
    },
    {
      "content": "05-08-19 West Hollywood Occupancy Tax",
      "amount": "43.75",
      "ifTax": true
    },
    {
      "content": "05-08-19 West Hollywood Tourism Assessment",
      "amount": "10.50",
      "ifTax": true
    },
    {
      "content": "05-08-19 CA Tourism Assessment",
      "amount": "0.68",
      "ifTax": true
    },
    {
      "content": "05-09-19 Daily Parking Room# 312 : CHECK# 10389 Gray Toyota Chr Parking",
      "amount": "10.00",
      "ifTax": false
    },
    {
      "content": "05-09-19 Honor Bar - Food & Non-Alcoholic Beverage",
      "amount": "6.00",
      "ifTax": false
    },
    {
      "content": "05-09-19 CA Sales Tax",
      "amount": "0.57",
      "ifTax": true
    },
    {
      "content": "05-09-19 *Accommodation",
      "amount": "350.00",
      "ifTax": false
    },
    {
      "content": "05-09-19 West Hollywood Occupancy Tax",
      "amount": "43.75",
      "ifTax": true
    },
    {
      "content": "05-09-19 West Hollywood Tourism Assessment",
      "amount": "10.50",
      "ifTax": true
    },
    {
      "content": "05-09-19 CA Tourism Assessment",
      "amount": "0.68",
      "ifTax": true
    },
    {
      "content": "05-10-19 In Room Dining Room# 312 : CHECK# 10997307",
      "amount": "34.45",
      "ifTax": false
    },
    {
      "content": "05-10-19 *Accommodation",
      "amount": "350.00",
      "ifTax": false
    },
    {
      "content": "05-10-19 West Hollywood Occupancy Tax",
      "amount": "43.75",
      "ifTax": true
    },
    {
      "content": "05-10-19 West Hollywood Tourism Assessment",
      "amount": "10.50",
      "ifTax": true
    },
    {
      "content": "05-10-19 CA Tourism Assessment",
      "amount": "0.68",
      "ifTax": true
    }
  ]
}