{
  "type": "hotel",
  "std_start_time": "2019-11-30",
  "orig_start_time": "11-30-19",
  "std_end_time": "2019-12-24",
  "orig_end_time": "12-24-19",
  "std_invoice_time": "2020-01-06",
  "orig_invoice_time": "01-06-20",
  "place": "US-Newark",
  "departure": "",
  "arrival": "",
  "std_curr": "USD",
  "orig_curr": [
    "Newark"
  ],
  "std_total": "0.00",
  "orig_total": "2,370.96",
  "seller_name": [
    "Candlewood Suites Newark South - University Area"
  ],
  "seller_address": [
    "US-Newark"
  ],
  "invoice_number": "27978328",
  "tax_number": "",
  "detail": [
    {
      "content": "11-30-19 *Accommodation",
      "amount": "89.00",
      "ifTax": false
    },
    {
      "content": "11-30-19 State Tax",
      "amount": "7.12",
      "ifTax": true
    },
    {
      "content": "11-30-19 Lodging Tax",
      "amount": "2.67",
      "ifTax": true
    },
    {
      "content": "12-01-19 *Accommodation",
      "amount": "89.00",
      "ifTax": false
    },
    {
      "content": "12-01-19 State Tax",
      "amount": "7.12",
      "ifTax": true
    },
    {
      "content": "12-01-19 Lodging Tax",
      "amount": "2.67",
      "ifTax": true
    },
    {
      "content": "12-02-19 *Accommodation",
      "amount": "89.00",
      "ifTax": false
    },
    {
      "content": "12-02-19 State Tax",
      "amount": "7.12",
      "ifTax": true
    },
    {
      "content": "12-02-19 Lodging Tax",
      "amount": "2.67",
      "ifTax": true
    },
    {
      "content": "12-03-19 *Accommodation",
      "amount": "89.00",
      "ifTax": false
    },
    {
      "content": "12-03-19 State Tax",
      "amount": "7.12",
      "ifTax": true
    },
    {
      "content": "12-03-19 Lodging Tax",
      "amount": "2.67",
      "ifTax": true
    },
    {
      "content": "12-04-19 *Accommodation",
      "amount": "89.00",
      "ifTax": false
    },
    {
      "content": "12-04-19 State Tax",
      "amount": "7.12",
      "ifTax": true
    },
    {
      "content": "12-04-19 Lodging Tax",
      "amount": "2.67",
      "ifTax": true
    },
    {
      "content": "12-05-19 *Accommodation",
      "amount": "89.00",
      "ifTax": false
    },
    {
      "content": "12-05-19 State Tax",
      "amount": "7.12",
      "ifTax": true
    },
    {
      "content": "12-05-19 Lodging Tax",
      "amount": "2.67",
      "ifTax": true
    },
    {
      "content": "12-06-19 *Accommodation",
      "amount": "89.00",
      "ifTax": false
    },
    {
      "content": "12-06-19 State Tax",
      "amount": "7.12",
      "ifTax": true
    },
    {
      "content": "12-06-19 Lodging Tax",
      "amount": "2.67",
      "ifTax": true
    },
    {
      "content": "12-07-19 *Accommodation",
      "amount": "89.00",
      "ifTax": false
    },
    {
      "content": "12-07-19 State Tax",
      "amount": "7.12",
      "ifTax": true
    },
    {
      "content": "12-07-19 Lodging Tax",
      "amount": "2.67",
      "ifTax": true
    },
    {
      "content": "12-08-19 *Accommodation",
      "amount": "89.00",
      "ifTax": false
    },
    {
      "content": "12-08-19 State Tax",
      "amount": "7.12",
      "ifTax": true
    },
    {
      "content": "12-08-19 Lodging Tax",
      "amount": "2.67",
      "ifTax": true
    },
    {
      "content": "12-09-19 *Accommodation",
      "amount": "89.00",
      "ifTax": false
    },
    {
      "content": "12-09-19 State Tax",
      "amount": "7.12",
      "ifTax": true
    },
    {
      "content": "12-09-19 Lodging Tax",
      "amount": "2.67",
      "ifTax": true
    },
    {
      "content": "12-10-19 *Accommodation",
      "amount": "89.00",
      "ifTax": false
    },
    {
      "content": "12-10-19 State Tax",
      "amount": "7.12",
      "ifTax": true
    },
    {
      "content": "12-10-19 Lodging Tax",
      "amount": "2.67",
      "ifTax": true
    },
    {
      "content": "12-11-19 *Accommodation",
      "amount": "89.00",
      "ifTax": false
    },
    {
      "content": "12-11-19 State Tax",
      "amount": "7.12",
      "ifTax": true
    },
    {
      "content": "12-11-19 Lodging Tax",
      "amount": "2.67",
      "ifTax": true
    },
    {
      "content": "12-12-19 *Accommodation",
      "amount": "89.00",
      "ifTax": false
    },
    {
      "content": "12-12-19 State Tax",
      "amount": "7.12",
      "ifTax": true
    },
    {
      "content": "12-12-19 Lodging Tax",
      "amount": "2.67",
      "ifTax": true
    },
    {
      "content": "12-13-19 *Accommodation",
      "amount": "89.00",
      "ifTax": false
    },
    {
      "content": "12-13-19 State Tax",
      "amount": "7.12",
      "ifTax": true
    },
    {
      "content": "12-13-19 Lodging Tax",
      "amount": "2.67",
      "ifTax": true
    },
    {
      "content": "12-14-19 *Accommodation",
      "amount": "89.00",
      "ifTax": false
    },
    {
      "content": "12-14-19 State Tax",
      "amount": "7.12",
      "ifTax": true
    },
    {
      "content": "12-14-19 Lodging Tax",
      "amount": "2.67",
      "ifTax": true
    },
    {
      "content": "12-15-19 *Accommodation",
      "amount": "89.00",
      "ifTax": false
    },
    {
      "content": "12-15-19 State Tax",
      "amount": "7.12",
      "ifTax": true
    },
    {
      "content": "12-15-19 Lodging Tax",
      "amount": "2.67",
      "ifTax": true
    },
    {
      "content": "12-16-19 *Accommodation",
      "amount": "89.00",
      "ifTax": false
    },
    {
      "content": "12-16-19 State Tax",
      "amount": "7.12",
      "ifTax": true
    },
    {
      "content": "12-16-19 Lodging Tax",
      "amount": "2.67",
      "ifTax": true
    },
    {
      "content": "12-17-19 *Accommodation",
      "amount": "89.00",
      "ifTax": false
    },
    {
      "content": "12-17-19 State Tax",
      "amount": "7.12",
      "ifTax": true
    },
    {
      "content": "12-17-19 Lodging Tax",
      "amount": "2.67",
      "ifTax": true
    },
    {
      "content": "12-18-19 *Accommodation",
      "amount": "89.00",
      "ifTax": false
    },
    {
      "content": "12-18-19 State Tax",
      "amount": "7.12",
      "ifTax": true
    },
    {
      "content": "12-18-19 Lodging Tax",
      "amount": "2.67",
      "ifTax": true
    },
    {
      "content": "12-19-19 *Accommodation",
      "amount": "89.00",
      "ifTax": false
    },
    {
      "content": "12-19-19 State Tax",
      "amount": "7.12",
      "ifTax": true
    },
    {
      "content": "12-19-19 Lodging Tax",
      "amount": "2.67",
      "ifTax": true
    },
    {
      "content": "12-20-19 *Accommodation",
      "amount": "89.00",
      "ifTax": false
    },
    {
      "content": "12-20-19 State Tax",
      "amount": "7.12",
      "ifTax": true
    },
    {
      "content": "12-20-19 Lodging Tax",
      "amount": "2.67",
      "ifTax": true
    },
    {
      "content": "12-21-19 *Accommodation",
      "amount": "89.00",
      "ifTax": false
    },
    {
      "content": "12-21-19 State Tax",
      "amount": "7.12",
      "ifTax": true
    },
    {
      "content": "12-21-19 Lodging Tax",
      "amount": "2.67",
      "ifTax": true
    },
    {
      "content": "12-22-19 *Accommodation",
      "amount": "89.00",
      "ifTax": false
    },
    {
      "content": "12-22-19 State Tax",
      "amount": "7.12",
      "ifTax": true
    },
    {
      "content": "12-22-19 Lodging Tax",
      "amount": "2.67",
      "ifTax": true
    },
    {
      "content": "12-23-19 *Accommodation",
      "amount": "89.00",
      "ifTax": false
    },
    {
      "content": "12-23-19 State Tax",
      "amount": "7.12",
      "ifTax": true
    },
    {
      "content": "12-23-19 Lodging Tax",
      "amount": "2.67",
      "ifTax": true
    }
  ]
}