{
  "type": "hotel",
  "std_start_time": "2019-12-13",
  "orig_start_time": "12/13/2019",
  "std_end_time": "2019-12-25",
  "orig_end_time": "12/25/2019",
  "std_invoice_time": "2019-12-25",
  "orig_invoice_time": "12/25/2019",
  "place": "US-YONKERS",
  "departure": "",
  "arrival": "",
  "std_curr": "USD",
  "orig_curr": [
    "$"
  ],
  "std_total": "0.00",
  "orig_total": "",
  "seller_name": [
    "HAMPTON INN AND SUITES YONKERS"
  ],
  "seller_address": [
    "US-YONKERS"
  ],
  "invoice_number": "86129552",
  "tax_number": "",
  "detail": [
    {
      "content": "12/13/2019 1133086 GUEST ROOM",
      "amount": "116.10",
      "ifTax": false
    },
    {
      "content": "12/13/2019 1133086 RM-STATE SALES TAX",
      "amount": "10.30",
      "ifTax": true
    },
    {
      "content": "12/13/2019 1133086 RM-COUNTY TAX",
      "amount": "3.48",
      "ifTax": true
    },
    {
      "content": "12/13/2019 1133086 RM-CITY OF YONKERS TAX",
      "amount": "3.48",
      "ifTax": true
    },
    {
      "content": "12/14/2019 1133385 GUEST ROOM",
      "amount": "116.10",
      "ifTax": false
    },
    {
      "content": "12/14/2019 1133385 RM-STATE SALES TAX",
      "amount": "10.30",
      "ifTax": true
    },
    {
      "content": "12/14/2019 1133385 RM-COUNTY TAX",
      "amount": "3.48",
      "ifTax": true
    },
    {
      "content": "12/14/2019 1133385 RM-CITY OF YONKERS TAX",
      "amount": "3.48",
      "ifTax": true
    },
    {
      "content": "12/15/2019 1133680 GUEST ROOM",
      "amount": "116.10",
      "ifTax": false
    },
    {
      "content": "12/15/2019 1133680 RM-STATE SALES TAX",
      "amount": "10.30",
      "ifTax": true
    },
    {
      "content": "12/15/2019 1133680 RM-COUNTY TAX",
      "amount": "3.48",
      "ifTax": true
    },
    {
      "content": "12/15/2019 1133680 RM-CITY OF YONKERS TAX",
      "amount": "3.48",
      "ifTax": true
    },
    {
      "content": "12/16/2019 1133966 GUEST ROOM",
      "amount": "116.10",
      "ifTax": false
    },
    {
      "content": "12/16/2019 1133966 RM-STATE SALES TAX",
      "amount": "10.30",
      "ifTax": true
    },
    {
      "content": "12/16/2019 1133966 RM-COUNTY TAX",
      "amount": "3.48",
      "ifTax": true
    },
    {
      "content": "12/16/2019 1133966 RM-CITY OF YONKERS TAX",
      "amount": "3.48",
      "ifTax": true
    },
    {
      "content": "12/17/2019 1134153 GUEST ROOM",
      "amount": "116.10",
      "ifTax": false
    },
    {
      "content": "12/17/2019 1134153 RM-STATE SALES TAX",
      "amount": "10.30",
      "ifTax": true
    },
    {
      "content": "12/17/2019 1134153 RM-COUNTY TAX",
      "amount": "3.48",
      "ifTax": true
    },
    {
      "content": "12/17/2019 1134153 RM-CITY OF YONKERS TAX",
      "amount": "3.48",
      "ifTax": true
    },
    {
      "content": "12/18/2019 1134323 GUEST ROOM",
      "amount": "116.10",
      "ifTax": false
    },
    {
      "content": "12/18/2019 1134323 RM-STATE SALES TAX",
      "amount": "10.30",
      "ifTax": true
    },
    {
      "content": "12/18/2019 1134323 RM-COUNTY TAX",
      "amount": "3.48",
      "ifTax": true
    },
    {
      "content": "12/18/2019 1134323 RM-CITY OF YONKERS TAX",
      "amount": "3.48",
      "ifTax": true
    },
    {
      "content": "12/19/2019 1134516 GUEST ROOM",
      "amount": "107.10",
      "ifTax": false
    },
    {
      "content": "12/19/2019 1134516 RM-STATE SALES TAX",
      "amount": "9.51",
      "ifTax": true
    },
    {
      "content": "12/19/2019 1134516 RM-COUNTY TAX",
      "amount": "3.21",
      "ifTax": true
    },
    {
      "content": "12/19/2019 1134516 RM-CITY OF YONKERS TAX",
      "amount": "3.21",
      "ifTax": true
    },
    {
      "content": "12/20/2019 1134744 GUEST ROOM",
      "amount": "107.10",
      "ifTax": false
    },
    {
      "content": "12/20/2019 1134744 RM-STATE SALES TAX",
      "amount": "9.51",
      "ifTax": true
    },
    {
      "content": "12/20/2019 1134744 RM-COUNTY TAX",
      "amount": "3.21",
      "ifTax": true
    },
    {
      "content": "12/20/2019 1134744 RM-CITY OF YONKERS TAX",
      "amount": "3.21",
      "ifTax": true
    },
    {
      "content": "12/21/2019 1134992 GUEST ROOM",
      "amount": "107.10",
      "ifTax": false
    },
    {
      "content": "12/21/2019 1134992 RM-STATE SALES TAX",
      "amount": "9.51",
      "ifTax": true
    },
    {
      "content": "12/21/2019 1134992 RM-COUNTY TAX",
      "amount": "3.21",
      "ifTax": true
    },
    {
      "content": "12/21/2019 1134992 RM-CITY OF YONKERS TAX",
      "amount": "3.21",
      "ifTax": true
    },
    {
      "content": "12/22/2019 1135294 GUEST ROOM",
      "amount": "107.10",
      "ifTax": false
    },
    {
      "content": "12/22/2019 1135294 RM-STATE SALES TAX",
      "amount": "9.51",
      "ifTax": true
    },
    {
      "content": "12/22/2019 1135294 RM-COUNTY TAX",
      "amount": "3.21",
      "ifTax": true
    },
    {
      "content": "12/22/2019 1135294 RM-CITY OF YONKERS TAX",
      "amount": "3.21",
      "ifTax": true
    },
    {
      "content": "12/23/2019 1135499\tGUEST ROOM",
      "amount": "107.10",
      "ifTax": false
    },
    {
      "content": "12/23/2019 1135499\tRM-STATE SALES TAX",
      "amount": "9.51",
      "ifTax": true
    },
    {
      "content": "12/23/2019 1135499\tRM-COUNTY TAX",
      "amount": "3.21",
      "ifTax": true
    },
    {
      "content": "12/23/2019 1135499\tRM-CITY OF YONKERS TAX",
      "amount": "3.21",
      "ifTax": true
    },
    {
      "content": "12/24/2019 1135696\tGUEST ROOM",
      "amount": "107.10",
      "ifTax": false
    },
    {
      "content": "12/24/2019 1135696\tRM-STATE SALES TAX",
      "amount": "9.51",
      "ifTax": true
    },
    {
      "content": "12/24/2019 1135696\tRM-COUNTY TAX",
      "amount": "3.21",
      "ifTax": true
    },
    {
      "content": "12/24/2019 1135696\tRM-CITY OF YONKERS TAX",
      "amount": "3.21",
      "ifTax": true
    }
  ]
}