{
  "type": "hotel",
  "std_start_time": "2019-11-07",
  "orig_start_time": "Nov 07, 2019",
  "std_end_time": "2019-12-25",
  "orig_end_time": "Dec 25, 2019",
  "std_invoice_time": "2019-12-30",
  "orig_invoice_time": "Dec 30, 2019",
  "place": "USA-Township",
  "departure": "",
  "arrival": "",
  "std_curr": "USD",
  "orig_curr": [
    "$"
  ],
  "std_total": "0.00",
  "orig_total": "3,214.08",
  "seller_name": [
    "ESA Philadelphia - Mt. Laurel - Crawford Place"
  ],
  "seller_address": [
    "USA-Township"
  ],
  "invoice_number": "0479138408",
  "tax_number": "",
  "detail": [
    {
      "content": "Room Rent",
      "amount": "0.00",
      "ifTax": false
    },
    {
      "content": "Lodging Tax",
      "amount": "224.40",
      "ifTax": true
    },
    {
      "content": "State Room Tax",
      "amount": "185.76",
      "ifTax": true
    }
  ]
}