{
  "type": "hotel",
  "std_start_time": "2020-11-22",
  "orig_start_time": "Nov 22,2020",
  "std_end_time": "2020-12-08",
  "orig_end_time": "Dec 08,2020",
  "std_invoice_time": "2020-12-08",
  "orig_invoice_time": "Dec 08,2020",
  "place": "US-Stevenson Ranch",
  "departure": "",
  "arrival": "",
  "std_curr": "USD",
  "orig_curr": [
    "$"
  ],
  "std_total": "0.00",
  "orig_total": "1,647.03",
  "seller_name": [
    "ESA - Los Angeles - Valencia"
  ],
  "seller_address": [
    "US-Stevenson Ranch"
  ],
  "invoice_number": "0854281522",
  "tax_number": "",
  "detail": [
    {
      "content": "No Show Room Rent",
      "amount": "89.99",
      "ifTax": false
    },
    {
      "content": "Room Rent",
      "amount": "0.00",
      "ifTax": false
    },
    {
      "content": "Room Type Change",
      "amount": "0.00",
      "ifTax": false
    },
    {
      "content": "WiFi",
      "amount": "31.99",
      "ifTax": false
    },
    {
      "content": "County Room Tax",
      "amount": "172.80",
      "ifTax": true
    },
    {
      "content": "State Tourism assessment",
      "amount": "2.40",
      "ifTax": true
    }
  ]
}