{
  "type": "hotel",
  "std_start_time": "2019-11-11",
  "orig_start_time": "Nov 11,2019",
  "std_end_time": "2019-12-25",
  "orig_end_time": "Dec 25,2019",
  "std_invoice_time": "2020-01-06",
  "orig_invoice_time": "Jan 06,2020",
  "place": "US-Vernon Hills",
  "departure": "",
  "arrival": "",
  "std_curr": "USD",
  "orig_curr": [
    "$"
  ],
  "std_total": "0.00",
  "orig_total": "0.00",
  "seller_name": [
    "ESA Chicago - Vernon Hills - Lake Forest"
  ],
  "seller_address": [
    "US-Vernon Hills"
  ],
  "invoice_number": "4165133660",
  "tax_number": "",
  "detail": [
    {
      "content": "Room Rent",
      "amount": "0.00",
      "ifTax": false
    },
    {
      "content": "City Room Tax",
      "amount": "0.00",
      "ifTax": true
    },
    {
      "content": "State Room Tax",
      "amount": "0.00",
      "ifTax": true
    }
  ]
}