{
  "type": "hotel",
  "std_start_time": "2021-10-19",
  "orig_start_time": "10-19-21",
  "std_end_time": "2021-10-21",
  "orig_end_time": "10-21-21",
  "std_invoice_time": "",
  "orig_invoice_time": "",
  "place": "USA-Oxford",
  "departure": "",
  "arrival": "",
  "std_curr": "USD",
  "orig_curr": [
    "Oxford"
  ],
  "std_total": "358.00",
  "orig_total": "358.00",
  "seller_name": [
    "Graduate OXFORD"
  ],
  "seller_address": [
    "US-Oxford"
  ],
  "invoice_number": "136888634",
  "tax_number": "",
  "detail": [
    {
      "content": "10-19-21 Best Available Rate",
      "amount": "179.00",
      "ifTax": false
    },
    {
      "content": "10-20-21 Best Available Rate",
      "amount": "179.00",
      "ifTax": false
    }
  ]
}