{
  "type": "hotel",
  "std_start_time": "2018-06-12",
  "orig_start_time": "06/12/18",
  "std_end_time": "2018-06-14",
  "orig_end_time": "06/14/18",
  "std_invoice_time": "",
  "orig_invoice_time": "",
  "place": "US-Biloxi",
  "departure": "",
  "arrival": "",
  "std_curr": "USD",
  "orig_curr": [
    "Biloxi"
  ],
  "std_total": "468.16",
  "orig_total": "468.16",
  "seller_name": [
    "Beau Rivage RESORT & CASINO"
  ],
  "seller_address": [
    "US-Biloxi"
  ],
  "invoice_number": "778381202",
  "tax_number": "",
  "detail": [
    {
      "content": "06/12/18 BR Room",
      "amount": "209.00",
      "ifTax": false
    },
    {
      "content": "06/12/18 BR Room Tax - 12%",
      "amount": "0.00",
      "ifTax": true
    },
    {
      "content": "06/13/18 BR Room",
      "amount": "0.00",
      "ifTax": false
    },
    {
      "content": "06/13/18 BR Room Tax - 12%",
      "amount": "25.08",
      "ifTax": true
    }
  ]
}