{
  "type": "hotel",
  "std_start_time": "2022-05-02",
  "orig_start_time": "05-02-22",
  "std_end_time": "2022-05-05",
  "orig_end_time": "05-05-22",
  "std_invoice_time": "",
  "orig_invoice_time": "",
  "place": "US-Sacramento",
  "departure": "",
  "arrival": "",
  "std_curr": "USD",
  "orig_curr": [
    "Sacramento"
  ],
  "std_total": "763.41",
  "orig_total": "763.41",
  "seller_name": [
    "Hyatt Regency Sacramento"
  ],
  "seller_address": [
    "US-Sacramento"
  ],
  "invoice_number": "861364801",
  "tax_number": "",
  "detail": [
    {
      "content": "05-02-22 Accommodation",
      "amount": "219.00",
      "ifTax": false
    },
    {
      "content": "05-02-22 Occupancy Tax",
      "amount": "26.28",
      "ifTax": true
    },
    {
      "content": "05-02-22 Sacramento Tourism Assessment\n",
      "amount": "6.57",
      "ifTax": false
    },
    {
      "content": "05-02-22 CA Tourism Assessment",
      "amount": "0.43",
      "ifTax": false
    },
    {
      "content": "05-02-22 STID Assessment",
      "amount": "2.19",
      "ifTax": false
    },
    {
      "content": "05-03-22 Accommodation",
      "amount": "219.00",
      "ifTax": false
    },
    {
      "content": "05-03-22 Occupancy Tax",
      "amount": "26.28",
      "ifTax": true
    },
    {
      "content": "05-03-22 Sacramento Tourism Assessment",
      "amount": "6.57",
      "ifTax": false
    },
    {
      "content": "05-03-22 CA Tourism Assessment",
      "amount": "0.43",
      "ifTax": false
    },
    {
      "content": "05-03-22 STID Assessment",
      "amount": "2.19",
      "ifTax": false
    },
    {
      "content": "05-04-22 Accommodation",
      "amount": "219.00",
      "ifTax": false
    },
    {
      "content": "05-04-22 Occupancy Tax",
      "amount": "26.28",
      "ifTax": true
    },
    {
      "content": "05-04-22 Sacramento Tourism Assessment",
      "amount": "6.57",
      "ifTax": false
    },
    {
      "content": "05-04-22 CA Tourism Assessment",
      "amount": "0.43",
      "ifTax": false
    },
    {
      "content": "05-04-22 STID Assessment",
      "amount": "2.19",
      "ifTax": false
    }
  ]
}