{
  "type": "hotel",
  "std_start_time": "2021-02-09",
  "orig_start_time": "09Feb21",
  "std_end_time": "2021-02-10",
  "orig_end_time": "10Feb21",
  "std_invoice_time": "",
  "orig_invoice_time": "",
  "place": "US-Ridgecrest",
  "departure": "",
  "arrival": "",
  "std_curr": "USD",
  "orig_curr": [
    "$"
  ],
  "std_total": "147.15",
  "orig_total": "147.15",
  "seller_name": [
    "SpringHill Suites by Marriott Ridgecrest"
  ],
  "seller_address": [
    "US-Ridgecrest"
  ],
  "invoice_number": "",
  "tax_number": "",
  "detail": [
    {
      "content": "09Feb21 Room Charge",
      "amount": "130.00",
      "ifTax": false
    },
    {
      "content": "09Feb21 City Tax",
      "amount": "13.00",
      "ifTax": true
    },
    {
      "content": "09Feb21 Calif/Local Tourism Fee",
      "amount": "0.25",
      "ifTax": true
    },
    {
      "content": "09Feb21 Convention and Tourism Tax",
      "amount": "3.90",
      "ifTax": true
    }
  ]
}