{
  "type": "hotel",
  "std_start_time": "2020-11-24",
  "orig_start_time": "24Nov20",
  "std_end_time": "2020-12-24",
  "orig_end_time": "24Dce20",
  "std_invoice_time": "",
  "orig_invoice_time": "",
  "place": "US-Lewisville",
  "departure": "",
  "arrival": "",
  "std_curr": "USD",
  "orig_curr": [
    "$"
  ],
  "std_total": "0.00",
  "orig_total": "",
  "seller_name": [
    "TownePlace Suites"
  ],
  "seller_address": [
    "US-Levisville"
  ],
  "invoice_number": "84981",
  "tax_number": "",
  "detail": [
    {
      "content": "24Nov20 Room Charge",
      "amount": "74.00",
      "ifTax": false
    },
    {
      "content": "25Nov20  Room Charge",
      "amount": "74.00",
      "ifTax": false
    },
    {
      "content": "26Nov20  Room Charge",
      "amount": "74.00",
      "ifTax": false
    },
    {
      "content": "27Nov20  Room Charge",
      "amount": "74.00",
      "ifTax": false
    },
    {
      "content": "28Nov20  Room Charge",
      "amount": "74.00",
      "ifTax": false
    },
    {
      "content": "29Nov20  Room Charge",
      "amount": "0.00",
      "ifTax": false
    },
    {
      "content": "30Nov20  Room Charge",
      "amount": "74.00",
      "ifTax": false
    },
    {
      "content": "01Dec20  Room Charge",
      "amount": "74.00",
      "ifTax": false
    },
    {
      "content": "02Dec20  Room Charge",
      "amount": "74.00",
      "ifTax": false
    },
    {
      "content": "03Dec20  Room Charge",
      "amount": "74.00",
      "ifTax": false
    },
    {
      "content": "04Dec20  Room Charge",
      "amount": "74.00",
      "ifTax": false
    },
    {
      "content": "05Dec20  Room Charge",
      "amount": "74.00",
      "ifTax": false
    },
    {
      "content": "06Dec20  Room Charge",
      "amount": "74.00",
      "ifTax": false
    },
    {
      "content": "07Dec20  Room Charge",
      "amount": "74.00",
      "ifTax": false
    },
    {
      "content": "08Dec20  Room Charge",
      "amount": "74.00",
      "ifTax": false
    },
    {
      "content": "09Dec20  Room Charge",
      "amount": "74.00",
      "ifTax": false
    },
    {
      "content": "10Dec20  Room Charge",
      "amount": "74.00",
      "ifTax": false
    },
    {
      "content": "11Dec20  Room Charge",
      "amount": "74.00",
      "ifTax": false
    },
    {
      "content": "12Dec20  Room Charge",
      "amount": "74.00",
      "ifTax": false
    },
    {
      "content": "13Dec20  Room Charge",
      "amount": "74.00",
      "ifTax": false
    },
    {
      "content": "14Dec20  Room Charge",
      "amount": "74.00",
      "ifTax": false
    },
    {
      "content": "15Dec20  Room Charge",
      "amount": "74.00",
      "ifTax": false
    },
    {
      "content": "16Dec20  Room Charge",
      "amount": "74.00",
      "ifTax": false
    },
    {
      "content": "17Dec20  Room Charge",
      "amount": "74.00",
      "ifTax": false
    },
    {
      "content": "18Dec20  Room Charge",
      "amount": "74.00",
      "ifTax": false
    },
    {
      "content": "19Dec20  Room Charge",
      "amount": "74.00",
      "ifTax": false
    },
    {
      "content": "20Dec20  Room Charge",
      "amount": "74.00",
      "ifTax": false
    },
    {
      "content": "21Dec20  Room Charge",
      "amount": "0.00",
      "ifTax": false
    },
    {
      "content": "22Dec20  Room Charge",
      "amount": "74.00",
      "ifTax": false
    },
    {
      "content": "23Dec20  Room Charge",
      "amount": "74.00",
      "ifTax": false
    },
    {
      "content": "24Nov20  State Occupancy Tax ",
      "amount": "4.44",
      "ifTax": true
    },
    {
      "content": "25Nov20  State Occupancy Tax ",
      "amount": "4.44",
      "ifTax": true
    },
    {
      "content": "26Nov20  State Occupancy Tax ",
      "amount": "4.44",
      "ifTax": true
    },
    {
      "content": "27Nov20  State Occupancy Tax ",
      "amount": "4.44",
      "ifTax": true
    },
    {
      "content": "28Nov20  State Occupancy Tax ",
      "amount": "4.44",
      "ifTax": true
    },
    {
      "content": "29Nov20  State Occupancy Tax ",
      "amount": "4.44",
      "ifTax": true
    },
    {
      "content": "30Nov20  State Occupancy Tax ",
      "amount": "4.44",
      "ifTax": true
    },
    {
      "content": "01Dec20  State Occupancy Tax ",
      "amount": "4.44",
      "ifTax": true
    },
    {
      "content": "02Dec20  State Occupancy Tax ",
      "amount": "4.44",
      "ifTax": true
    },
    {
      "content": "03Dec20  State Occupancy Tax ",
      "amount": "4.44",
      "ifTax": true
    },
    {
      "content": "04Dec20  State Occupancy Tax ",
      "amount": "4.44",
      "ifTax": true
    },
    {
      "content": "05Dec20  State Occupancy Tax ",
      "amount": "4.44",
      "ifTax": true
    },
    {
      "content": "06Dec20  State Occupancy Tax ",
      "amount": "4.44",
      "ifTax": true
    },
    {
      "content": "07Dec20  State Occupancy Tax ",
      "amount": "4.44",
      "ifTax": true
    },
    {
      "content": "08Dec20  State Occupancy Tax ",
      "amount": "4.44",
      "ifTax": true
    },
    {
      "content": "09Dec20  State Occupancy Tax ",
      "amount": "0.44",
      "ifTax": true
    },
    {
      "content": "10Dec20  State Occupancy Tax ",
      "amount": "4.44",
      "ifTax": true
    },
    {
      "content": "11Dec20  State Occupancy Tax ",
      "amount": "4.44",
      "ifTax": true
    },
    {
      "content": "12Dec20  State Occupancy Tax ",
      "amount": "4.44",
      "ifTax": true
    },
    {
      "content": "13Dec20  State Occupancy Tax ",
      "amount": "4.44",
      "ifTax": true
    },
    {
      "content": "14Dec20  State Occupancy Tax ",
      "amount": "4.44",
      "ifTax": true
    },
    {
      "content": "15Dec20  State Occupancy Tax ",
      "amount": "4.44",
      "ifTax": true
    },
    {
      "content": "16Dec20  State Occupancy Tax ",
      "amount": "4.44",
      "ifTax": true
    },
    {
      "content": "17Dec20  State Occupancy Tax ",
      "amount": "4.44",
      "ifTax": true
    },
    {
      "content": "18Dec20  State Occupancy Tax ",
      "amount": "4.44",
      "ifTax": true
    },
    {
      "content": "19Dec20  State Occupancy Tax ",
      "amount": "4.44",
      "ifTax": true
    },
    {
      "content": "20Dec20  State Occupancy Tax ",
      "amount": "4.44",
      "ifTax": true
    },
    {
      "content": "21Dec20  State Occupancy Tax ",
      "amount": "4.44",
      "ifTax": true
    },
    {
      "content": "22Dec20  State Occupancy Tax ",
      "amount": "4.44",
      "ifTax": true
    },
    {
      "content": "23Dec20  State Occupancy Tax ",
      "amount": "4.44",
      "ifTax": true
    },
    {
      "content": "24Nov20  State Cost - Recovery Fee",
      "amount": "0.25",
      "ifTax": false
    },
    {
      "content": "25Nov20  State Cost - Recovery Fee",
      "amount": "0.25",
      "ifTax": false
    },
    {
      "content": "26Nov20  State Cost - Recovery Fee",
      "amount": "0.25",
      "ifTax": false
    },
    {
      "content": "27Nov20  State Cost - Recovery Fee",
      "amount": "0.25",
      "ifTax": false
    },
    {
      "content": "28Nov20  State Cost - Recovery Fee",
      "amount": "0.25",
      "ifTax": false
    },
    {
      "content": "29Nov20  State Cost - Recovery Fee",
      "amount": "0.25",
      "ifTax": false
    },
    {
      "content": "30Nov20  State Cost - Recovery Fee",
      "amount": "0.25",
      "ifTax": false
    },
    {
      "content": "01Dec20  State Cost - Recovery Fee",
      "amount": "0.25",
      "ifTax": false
    },
    {
      "content": "02Dec20  State Cost - Recovery Fee",
      "amount": "0.25",
      "ifTax": false
    },
    {
      "content": "03Dec20  State Cost - Recovery Fee",
      "amount": "0.25",
      "ifTax": false
    },
    {
      "content": "04Dec20  State Cost - Recovery Fee",
      "amount": "0.25",
      "ifTax": false
    },
    {
      "content": "05Dec20  State Cost - Recovery Fee",
      "amount": "0.25",
      "ifTax": false
    },
    {
      "content": "06Dec20  State Cost - Recovery Fee",
      "amount": "0.25",
      "ifTax": false
    },
    {
      "content": "07Dec20  State Cost - Recovery Fee",
      "amount": "0.25",
      "ifTax": false
    },
    {
      "content": "08Dec20  State Cost - Recovery Fee",
      "amount": "0.25",
      "ifTax": false
    },
    {
      "content": "09Dec20  State Cost - Recovery Fee",
      "amount": "0.25",
      "ifTax": false
    },
    {
      "content": "10Dec20  State Cost - Recovery Fee",
      "amount": "0.25",
      "ifTax": false
    },
    {
      "content": "11Dec20  State Cost - Recovery Fee",
      "amount": "0.25",
      "ifTax": false
    },
    {
      "content": "12Dec20  State Cost - Recovery Fee",
      "amount": "0.25",
      "ifTax": false
    },
    {
      "content": "13Dec20  State Cost - Recovery Fee",
      "amount": "0.25",
      "ifTax": false
    },
    {
      "content": "14Dec20  State Cost - Recovery Fee",
      "amount": "0.25",
      "ifTax": false
    },
    {
      "content": "15Dec20  State Cost - Recovery Fee",
      "amount": "0.25",
      "ifTax": false
    },
    {
      "content": "16Dec20  State Cost - Recovery Fee",
      "amount": "0.25",
      "ifTax": false
    },
    {
      "content": "17Dec20  State Cost - Recovery Fee",
      "amount": "0.25",
      "ifTax": false
    },
    {
      "content": "18Dec20  State Cost - Recovery Fee",
      "amount": "0.25",
      "ifTax": false
    },
    {
      "content": "19Dec20  State Cost - Recovery Fee",
      "amount": "0.25",
      "ifTax": false
    },
    {
      "content": "20Dec20  State Cost - Recovery Fee",
      "amount": "0.25",
      "ifTax": false
    },
    {
      "content": "21Dec20  State Cost - Recovery Fee",
      "amount": "0.25",
      "ifTax": false
    },
    {
      "content": "22Dec20  State Cost - Recovery Fee",
      "amount": "0.25",
      "ifTax": false
    },
    {
      "content": "23Dec20  State Cost - Recovery Fee",
      "amount": "0.25",
      "ifTax": false
    },
    {
      "content": "24Nov20  City Tax",
      "amount": "5.18",
      "ifTax": true
    },
    {
      "content": "25Nov20  City Tax",
      "amount": "5.18",
      "ifTax": true
    },
    {
      "content": "26Nov20  City Tax",
      "amount": "5.18",
      "ifTax": true
    },
    {
      "content": "27Nov20  City Tax",
      "amount": "5.18",
      "ifTax": true
    },
    {
      "content": "28Nov20  City Tax",
      "amount": "5.18",
      "ifTax": true
    },
    {
      "content": "29Nov20  City Tax",
      "amount": "5.18",
      "ifTax": true
    },
    {
      "content": "30Nov20  City Tax",
      "amount": "5.18",
      "ifTax": true
    },
    {
      "content": "01Dec20  City Tax",
      "amount": "5.18",
      "ifTax": true
    },
    {
      "content": "02Dec20  City Tax",
      "amount": "5.18",
      "ifTax": true
    },
    {
      "content": "03Dec20  City Tax",
      "amount": "5.18",
      "ifTax": true
    },
    {
      "content": "04Dec20  City Tax",
      "amount": "5.18",
      "ifTax": true
    },
    {
      "content": "05Dec20  City Tax",
      "amount": "5.18",
      "ifTax": true
    },
    {
      "content": "06Dec20  City Tax",
      "amount": "5.18",
      "ifTax": true
    },
    {
      "content": "07Dec20  City Tax",
      "amount": "5.18",
      "ifTax": true
    },
    {
      "content": "08Dec20  City Tax",
      "amount": "5.18",
      "ifTax": true
    },
    {
      "content": "09Dec20  City Tax",
      "amount": "5.18",
      "ifTax": true
    },
    {
      "content": "10Dec20  City Tax",
      "amount": "5.18",
      "ifTax": true
    },
    {
      "content": "11Dec20  City Tax",
      "amount": "5.18",
      "ifTax": true
    },
    {
      "content": "12Dec20  City Tax",
      "amount": "5.18",
      "ifTax": true
    },
    {
      "content": "13Dec20  City Tax",
      "amount": "5.18",
      "ifTax": true
    },
    {
      "content": "14Dec20  City Tax",
      "amount": "5.18",
      "ifTax": true
    },
    {
      "content": "15Dec20  City Tax",
      "amount": "5.18",
      "ifTax": true
    },
    {
      "content": "16Dec20  City Tax",
      "amount": "5.18",
      "ifTax": true
    },
    {
      "content": "17Dec20  City Tax",
      "amount": "5.18",
      "ifTax": true
    },
    {
      "content": "18Dec20  City Tax",
      "amount": "5.18",
      "ifTax": true
    },
    {
      "content": "19Dec20  City Tax",
      "amount": "5.18",
      "ifTax": true
    },
    {
      "content": "20Dec20  City Tax",
      "amount": "5.18",
      "ifTax": true
    },
    {
      "content": "21Dec20  City Tax",
      "amount": "5.18",
      "ifTax": true
    },
    {
      "content": "22Dec20  City Tax",
      "amount": "5.18",
      "ifTax": true
    },
    {
      "content": "23Dec20  City Tax",
      "amount": "5.18",
      "ifTax": true
    }
  ]
}