{
  "type": "hotel",
  "std_start_time": "2019-12-03",
  "orig_start_time": "03Dec19",
  "std_end_time": "",
  "orig_end_time": "",
  "std_invoice_time": "2019-12-03",
  "orig_invoice_time": "03Dec19",
  "place": "CAN-Calgary",
  "departure": "",
  "arrival": "",
  "std_curr": "CAD",
  "orig_curr": [
    "$"
  ],
  "std_total": "144.82",
  "orig_total": "144.82",
  "seller_name": [
    "Courtyard by Marriott Courtyard Calgary Airport"
  ],
  "seller_address": [
    "CAN-Calgary"
  ],
  "invoice_number": "54827",
  "tax_number": "869470898RT0002",
  "detail": [
    {
      "content": "03Dec19 Room Charge",
      "amount": "129.00",
      "ifTax": false
    },
    {
      "content": "03Dec19 GST room 869470898RT0002",
      "amount": "6.64",
      "ifTax": true
    },
    {
      "content": "03Dec19 Tourism Levy",
      "amount": "5.31",
      "ifTax": true
    },
    {
      "content": "03Dec19 Dmf",
      "amount": "3.87",
      "ifTax": false
    }
  ]
}