{
  "type": "hotel",
  "std_start_time": "2022-03-07",
  "orig_start_time": "07 - MAR - 22",
  "std_end_time": "2022-03-08",
  "orig_end_time": "08 - MAR - 22",
  "std_invoice_time": "2022-03-08",
  "orig_invoice_time": "MAR-08-2022",
  "place": "Canada-Calgary",
  "departure": "",
  "arrival": "",
  "std_curr": "CAD",
  "orig_curr": [
    "CAD"
  ],
  "std_total": "267.52",
  "orig_total": "267.52",
  "seller_name": [
    "Sheraton Suites Calgary Eau Claire"
  ],
  "seller_address": [
    "Canada-Calgary"
  ],
  "invoice_number": "1000053541",
  "tax_number": "846543619 RT0002",
  "detail": [
    {
      "content": "07-MAR-22\tRT1025\tRoom Chrg - Govt./Military",
      "amount": "199.00",
      "ifTax": false
    },
    {
      "content": "07-MAR-22\tRT1025\tGST (5%)",
      "amount": "10.25",
      "ifTax": true
    },
    {
      "content": "07-MAR-22\tRT1025\tTourism Levy (4%)",
      "amount": "8.20",
      "ifTax": true
    },
    {
      "content": "07-MAR-22\tRT1025\tDMF (3%)",
      "amount": "5.97",
      "ifTax": false
    },
    {
      "content": "07-MAR-22\tRT1025\tParking",
      "amount": "44.10",
      "ifTax": false
    }
  ]
}