{
  "type": "hotel",
  "std_start_time": "2024-03-04",
  "orig_start_time": "3/4/24",
  "std_end_time": "2024-03-05",
  "orig_end_time": "3/5/24",
  "std_invoice_time": "2024-03-05",
  "orig_invoice_time": "3/5/24",
  "place": "CAN-Edmonton",
  "departure": "",
  "arrival": "",
  "std_curr": "CAD",
  "orig_curr": [
    "Edmonton"
  ],
  "std_total": "112.27",
  "orig_total": "112.27",
  "seller_name": [
    "Comfort INN&SUITES"
  ],
  "seller_address": [
    "CAN-Nisku"
  ],
  "invoice_number": "",
  "tax_number": "839603223RT0001",
  "detail": [
    {
      "content": "3/4/24 Room Charge",
      "amount": "103.00",
      "ifTax": false
    },
    {
      "content": "3/4/24 Goods & Services Tax",
      "amount": "5.15",
      "ifTax": true
    },
    {
      "content": "3/4/24 Tourism Levy",
      "amount": "4.12",
      "ifTax": true
    }
  ]
}