{
  "type": "hotel",
  "std_start_time": "2019-11-21",
  "orig_start_time": "Nov21,2019",
  "std_end_time": "2019-12-25",
  "orig_end_time": "Dec25,2019",
  "std_invoice_time": "2020-01-06",
  "orig_invoice_time": "Jan 06,2020",
  "place": "US-Lauderdale",
  "departure": "",
  "arrival": "",
  "std_curr": "USD",
  "orig_curr": [
    "$"
  ],
  "std_total": "0.00",
  "orig_total": "0.00",
  "seller_name": [
    "ESA Fort Lauderdale - Cypress Creek - Andrews Ave."
  ],
  "seller_address": [
    "US-Lauderdale"
  ],
  "invoice_number": "0869281662",
  "tax_number": "",
  "detail": [
    {
      "content": "Room Rent",
      "amount": "0.00",
      "ifTax": false
    },
    {
      "content": "County Room Tax",
      "amount": "0.00",
      "ifTax": true
    },
    {
      "content": "State Room Tax",
      "amount": "0.00",
      "ifTax": true
    }
  ]
}