{
  "type": "hotel",
  "std_start_time": "2023-01-10",
  "orig_start_time": "10Jan23",
  "std_end_time": "2023-01-11",
  "orig_end_time": "11Jan23",
  "std_invoice_time": "",
  "orig_invoice_time": "",
  "place": "Canada-Calgary",
  "departure": "",
  "arrival": "",
  "std_curr": "USD",
  "orig_curr": [
    "$"
  ],
  "std_total": "206.58",
  "orig_total": "206.58",
  "seller_name": [
    "Residence Inn Calgary Downtown/Beltline District"
  ],
  "seller_address": [
    "Canada-Calgary"
  ],
  "invoice_number": "70683",
  "tax_number": "82548552",
  "detail": [
    {
      "content": " 10Jan23  Room Charge",
      "amount": "184.00",
      "ifTax": false
    },
    {
      "content": "10Jan23  Destination Marketing Fee",
      "amount": "5.52",
      "ifTax": false
    },
    {
      "content": "10Jan23  Gst #825489552",
      "amount": "9.48",
      "ifTax": true
    },
    {
      "content": "10Jan23 Tourism Levy",
      "amount": "7.58",
      "ifTax": true
    }
  ]
}