{
  "type": "hotel",
  "std_start_time": "2022-02-16",
  "orig_start_time": "16/02/2022",
  "std_end_time": "2022-02-17",
  "orig_end_time": "17/02/2022",
  "std_invoice_time": "2022-02-17",
  "orig_invoice_time": "17/02/2022",
  "place": "INDIA-GURGAON",
  "departure": "",
  "arrival": "",
  "std_curr": "INR",
  "orig_curr": [
    "INR"
  ],
  "std_total": "0.00",
  "orig_total": "5,056.80",
  "seller_name": [
    "DOUBLETREE BY HILTON GURGAON"
  ],
  "seller_address": [
    "INDIA-GURGAON"
  ],
  "invoice_number": "3230557724",
  "tax_number": "06AACC B4653P1ZD",
  "detail": [
    {
      "content": "17/02/2022 996311 GUEST ROOM",
      "amount": "0.00",
      "ifTax": false
    },
    {
      "content": "17/02/2022 996311 SERVICE CHARGE - ROOMS @ 5%",
      "amount": "215.00",
      "ifTax": false
    },
    {
      "content": "17/02/2022 CGST-SVC ROOM @ 6%",
      "amount": "12.90",
      "ifTax": true
    },
    {
      "content": "17/02/2022 SGST-SVC ROOM @ 6%",
      "amount": "12.90",
      "ifTax": true
    },
    {
      "content": "17/02/2022 CGST ROOM @ 6%",
      "amount": "258.00",
      "ifTax": true
    },
    {
      "content": "17/02/2022 SGST ROOM @6%",
      "amount": "258.00",
      "ifTax": true
    }
  ]
}