{
  "type": "hotel",
  "std_start_time": "2023-02-14",
  "orig_start_time": "14 FEB 23",
  "std_end_time": "2023-02-19",
  "orig_end_time": "19 FEB 23",
  "std_invoice_time": "2023-02-19",
  "orig_invoice_time": "19-FEB-23",
  "place": "ES-Madrid",
  "departure": "",
  "arrival": "",
  "std_curr": "EUR",
  "orig_curr": [
    "EUR"
  ],
  "std_total": "0.00",
  "orig_total": "1,240.75",
  "seller_name": [
    "HYATT CENTRIC"
  ],
  "seller_address": [
    "ES-Madrid"
  ],
  "invoice_number": "1083380",
  "tax_number": "92366288135",
  "detail": [
    {
      "content": "Accommodation",
      "amount": "216.75",
      "ifTax": false
    },
    {
      "content": "Hlelo y Carbon Food Breakfast",
      "amount": "4.00",
      "ifTax": false
    },
    {
      "content": "Accommodation",
      "amount": "216.75",
      "ifTax": false
    },
    {
      "content": "Accommodation",
      "amount": "216.75",
      "ifTax": false
    },
    {
      "content": "Room Service",
      "amount": "23.00",
      "ifTax": false
    },
    {
      "content": "Accommodation",
      "amount": "216.75",
      "ifTax": false
    },
    {
      "content": "Transportation 10%",
      "amount": "130.00",
      "ifTax": true
    },
    {
      "content": "Accommodation",
      "amount": "216.75",
      "ifTax": false
    }
  ]
}