{
  "type": "hotel",
  "std_start_time": "2019-10-31",
  "orig_start_time": "Oct 31, 2019",
  "std_end_time": "2019-12-25",
  "orig_end_time": "Dec 25, 2019",
  "std_invoice_time": "2020-01-03",
  "orig_invoice_time": "Jan 03,2020",
  "place": "US-Burlington",
  "departure": "",
  "arrival": "",
  "std_curr": "USD",
  "orig_curr": [
    "$"
  ],
  "std_total": "0.00",
  "orig_total": "0.00",
  "seller_name": [
    "extended STAY AMERICA"
  ],
  "seller_address": [
    "US-Burlington"
  ],
  "invoice_number": "9664177661",
  "tax_number": "",
  "detail": [
    {
      "content": "Room Rent",
      "amount": "0.00",
      "ifTax": false
    },
    {
      "content": "City Room Tax",
      "amount": "0.00",
      "ifTax": true
    },
    {
      "content": "State Room Tax",
      "amount": "0.00",
      "ifTax": true
    }
  ]
}