{
  "type": "hotel",
  "std_start_time": "2019-11-16",
  "orig_start_time": "11/16/19",
  "std_end_time": "2019-12-15",
  "orig_end_time": "12/15/19",
  "std_invoice_time": "2019-10-16",
  "orig_invoice_time": "10/16/2019",
  "place": "US-Hawthorne",
  "departure": "",
  "arrival": "",
  "std_curr": "USD",
  "orig_curr": [
    "$"
  ],
  "std_total": "0.00",
  "orig_total": "6,313.69",
  "seller_name": [
    "Churchill Living"
  ],
  "seller_address": [
    "US-Hawthorne"
  ],
  "invoice_number": "1524904",
  "tax_number": "223485783",
  "detail": [
    {
      "content": "Rent From 11/16/19 to 12/15/19 (30 Days @ 195 Per Day)",
      "amount": "0.00",
      "ifTax": false
    },
    {
      "content": "NYC Hotel Occupancy TAX From 11/16/19 to 12/15/19 (5.875% + $ 2 per room per day)",
      "amount": "463.69",
      "ifTax": true
    }
  ]
}