{
  "type": "other",
  "std_start_time": "2024-11-01",
  "orig_start_time": "11/01/2024",
  "std_end_time": "2024-11-30",
  "orig_end_time": "11/30/2024",
  "std_invoice_time": "2024-11-01",
  "orig_invoice_time": "11/01/24",
  "place": "US-RENO",
  "departure": "",
  "arrival": "",
  "std_curr": "USD",
  "orig_curr": [
    "$"
  ],
  "std_total": "0.00",
  "orig_total": "2,194.40",
  "seller_name": [
    "Spectrum ENTERPRISE"
  ],
  "seller_address": [
    "US-SAN ANTONIO"
  ],
  "invoice_number": "176067701110124",
  "tax_number": "",
  "detail": [
    {
      "content": "Previous Statement Balance",
      "amount": "0.00",
      "ifTax": false
    },
    {
      "content": "Payments",
      "amount": "-765.00",
      "ifTax": false
    },
    {
      "content": "Adjustments",
      "amount": "0.00",
      "ifTax": false
    },
    {
      "content": "Prorated Charges",
      "amount": "0.00",
      "ifTax": false
    },
    {
      "content": "Recurring Charges",
      "amount": "765.00",
      "ifTax": false
    },
    {
      "content": "One Time Charges",
      "amount": "0.00",
      "ifTax": false
    },
    {
      "content": "Taxes, Fees & Surcharges ",
      "amount": "0.00",
      "ifTax": true
    }
  ]
}