{
  "type": "other",
  "std_start_time": "2024-02-13",
  "orig_start_time": "13-02-2024",
  "std_end_time": "2024-03-04",
  "orig_end_time": "04-03-2024",
  "std_invoice_time": "2024-02-13",
  "orig_invoice_time": "13-02-2024",
  "place": "India-COIMBATORE",
  "departure": "",
  "arrival": "",
  "std_curr": "INR",
  "orig_curr": [
    "RS"
  ],
  "std_total": "0.00",
  "orig_total": "439432.00",
  "seller_name": [
    "BHARAT SANCHAR NIGAM LIMITED - COIMBATORE TELECOM DISTRICT"
  ],
  "seller_address": [
    "India-Chennai"
  ],
  "invoice_number": "NDCTN2300185063",
  "tax_number": "33AABCB5576G1Z5",
  "detail": [
    {
      "content": "Leased Line charges",
      "amount": "0.00",
      "ifTax": false
    },
    {
      "content": "Tax",
      "amount": "0.00",
      "ifTax": true
    }
  ]
}