{
  "type": "other",
  "std_start_time": "2015-06-25",
  "orig_start_time": "06/25/2015",
  "std_end_time": "2015-07-01",
  "orig_end_time": "07/01/2015",
  "std_invoice_time": "2015-06-25",
  "orig_invoice_time": "06/25/2015",
  "place": "US-LAS VEGAS",
  "departure": "",
  "arrival": "",
  "std_curr": "USD",
  "orig_curr": [
    "$"
  ],
  "std_total": "60.00",
  "orig_total": "60.00",
  "seller_name": [
    "J’s Cleaners"
  ],
  "seller_address": [
    "US-LAS VEGAS"
  ],
  "invoice_number": "A 10-610",
  "tax_number": "",
  "detail": [
    {
      "content": "3 Dress A - Only",
      "amount": "60.00",
      "ifTax": false
    }
  ]
}