{
  "type": "other",
  "std_start_time": "2020-10-05",
  "orig_start_time": "05-10-2020",
  "std_end_time": "",
  "orig_end_time": "",
  "std_invoice_time": "2020-10-05",
  "orig_invoice_time": "05-10-2020",
  "place": "",
  "departure": "",
  "arrival": "",
  "std_curr": "INR",
  "orig_curr": [
    "INR"
  ],
  "std_total": "0.00",
  "orig_total": "2500.00",
  "seller_name": [
    "IndiGo"
  ],
  "seller_address": [],
  "invoice_number": "",
  "tax_number": "",
  "detail": [
    {
      "content": "Total Amount",
      "amount": "0.00",
      "ifTax": false
    }
  ]
}