{
  "type": "other",
  "std_start_time": "2022-04-12",
  "orig_start_time": "12-04-2022",
  "std_end_time": "",
  "orig_end_time": "",
  "std_invoice_time": "2022-04-12",
  "orig_invoice_time": "12-04-2022",
  "place": "",
  "departure": "",
  "arrival": "",
  "std_curr": "INR",
  "orig_curr": [
    "INR"
  ],
  "std_total": "200.00",
  "orig_total": "200.00",
  "seller_name": [
    "Go First"
  ],
  "seller_address": [],
  "invoice_number": "E32YJL - 02",
  "tax_number": "",
  "detail": [
    {
      "content": "Total Amount",
      "amount": "200.00",
      "ifTax": false
    }
  ]
}