{
  "type": "other",
  "std_start_time": "2023-02-22",
  "orig_start_time": "22Feb 2023",
  "std_end_time": "2023-02-23",
  "orig_end_time": "23 Feb 2023",
  "std_invoice_time": "2023-02-23",
  "orig_invoice_time": "23 Feb 2023",
  "place": "US-Austin",
  "departure": "",
  "arrival": "",
  "std_curr": "USD",
  "orig_curr": [
    "$"
  ],
  "std_total": "51.96",
  "orig_total": "51.96",
  "seller_name": [
    "Peak Parking Austin Centre"
  ],
  "seller_address": [
    "US-Austin"
  ],
  "invoice_number": "311387857",
  "tax_number": "",
  "detail": [
    {
      "content": "Parking Fee",
      "amount": "51.96",
      "ifTax": false
    },
    {
      "content": "Tax",
      "amount": "0.00",
      "ifTax": true
    }
  ]
}