{
  "type": "other",
  "std_start_time": "2024-05-03",
  "orig_start_time": "May 03, 2024",
  "std_end_time": "2024-05-04",
  "orig_end_time": "MAY 04, 2024",
  "std_invoice_time": "2024-05-03",
  "orig_invoice_time": "May 03, 2024",
  "place": "",
  "departure": "",
  "arrival": "",
  "std_curr": "USD",
  "orig_curr": [
    "$"
  ],
  "std_total": "34.65",
  "orig_total": "34.65",
  "seller_name": [],
  "seller_address": [],
  "invoice_number": "00063409",
  "tax_number": "#887315638",
  "detail": [
    {
      "content": "Total Parking ",
      "amount": "33.00",
      "ifTax": false
    },
    {
      "content": "Total FEDERAL ",
      "amount": "1.65",
      "ifTax": true
    }
  ]
}