{
  "type": "other",
  "std_start_time": "2025-03-04",
  "orig_start_time": "04 Mar 25",
  "std_end_time": "2025-04-03",
  "orig_end_time": "03 Apr 25",
  "std_invoice_time": "2025-03-04",
  "orig_invoice_time": "04 Mar 25",
  "place": "AUS-Sydney",
  "departure": "",
  "arrival": "",
  "std_curr": "AUD",
  "orig_curr": [
    "$"
  ],
  "std_total": "39.00",
  "orig_total": "39.00",
  "seller_name": [
    "Optus Billing Services Pty. Ltd"
  ],
  "seller_address": [],
  "invoice_number": "000494537300",
  "tax_number": "",
  "detail": [
    {
      "content": "$59 Optus Choice Plus Student Plan",
      "amount": "59.00",
      "ifTax": true
    },
    {
      "content": "Student Promo",
      "amount": "-20.00",
      "ifTax": false
    }
  ]
}