{
  "type": "other",
  "std_start_time": "",
  "orig_start_time": "",
  "std_end_time": "",
  "orig_end_time": "",
  "std_invoice_time": "",
  "orig_invoice_time": "",
  "place": "",
  "departure": "",
  "arrival": "",
  "std_curr": "USD",
  "orig_curr": [
    "$"
  ],
  "std_total": "179.20",
  "orig_total": "179.20",
  "seller_name": [],
  "seller_address": [],
  "invoice_number": "",
  "tax_number": "815781448",
  "detail": [
    {
      "content": "Monthly charges 5G Infinite Lite NS BYOD",
      "amount": "40.00",
      "ifTax": false
    },
    {
      "content": "Usage summary",
      "amount": "0.00",
      "ifTax": false
    },
    {
      "content": "One-time Charges and Credits ROAM LIKE HOME - International",
      "amount": "120.00",
      "ifTax": false
    },
    {
      "content": "GST (815781448)",
      "amount": "8.00",
      "ifTax": true
    },
    {
      "content": "PST",
      "amount": "11.20",
      "ifTax": true
    }
  ]
}