{
  "type": "other",
  "std_start_time": "2016-09-26",
  "orig_start_time": "26/09/16",
  "std_end_time": "",
  "orig_end_time": "",
  "std_invoice_time": "2016-09-26",
  "orig_invoice_time": "26/09/16",
  "place": "Australia-Moreton Bay",
  "departure": "",
  "arrival": "",
  "std_curr": "AUD",
  "orig_curr": [
    "$"
  ],
  "std_total": "18.65",
  "orig_total": "18.65",
  "seller_name": [
    "AUSTRALIA POST"
  ],
  "seller_address": [
    "Australia-Moreton Bay"
  ],
  "invoice_number": "436242",
  "tax_number": "",
  "detail": [
    {
      "content": "Parcel Post",
      "amount": "18.65",
      "ifTax": true
    }
  ]
}