{
  "type": "other",
  "std_start_time": "2025-01-12",
  "orig_start_time": "01/12/2025",
  "std_end_time": "",
  "orig_end_time": "",
  "std_invoice_time": "2025-01-12",
  "orig_invoice_time": "01/12/2025",
  "place": "USA-SIOUX FALLS",
  "departure": "",
  "arrival": "",
  "std_curr": "USD",
  "orig_curr": [
    "$"
  ],
  "std_total": "0.00",
  "orig_total": "0.00",
  "seller_name": [
    "UNITED STATES POSTAL SERVICE."
  ],
  "seller_address": [
    "USA-SIOUX FALLS"
  ],
  "invoice_number": "840-25701095-1-6163700-1",
  "tax_number": "",
  "detail": [
    {
      "content": "Prepaid Mail",
      "amount": "0.00",
      "ifTax": false
    }
  ]
}