{
  "type": "other",
  "std_start_time": "",
  "orig_start_time": "",
  "std_end_time": "",
  "orig_end_time": "",
  "std_invoice_time": "",
  "orig_invoice_time": "",
  "place": "",
  "departure": "",
  "arrival": "",
  "std_curr": "USD",
  "orig_curr": [
    "$"
  ],
  "std_total": "35.58",
  "orig_total": "35.58",
  "seller_name": [
    "FedEx Office"
  ],
  "seller_address": [],
  "invoice_number": "",
  "tax_number": "910187888307",
  "detail": [
    {
      "content": "789419667249 Direct signature required ",
      "amount": "30.27",
      "ifTax": false
    },
    {
      "content": "Standard- Sma11, 8x8x8 790363010562",
      "amount": "4.99",
      "ifTax": false
    },
    {
      "content": "Tax(SC)",
      "amount": "0.01",
      "ifTax": true
    },
    {
      "content": "Tax(County2)",
      "amount": "0.02",
      "ifTax": true
    },
    {
      "content": "Tax(UT)",
      "amount": "0.23",
      "ifTax": true
    },
    {
      "content": "Tax(County)",
      "amount": "0.06",
      "ifTax": true
    }
  ]
}