{
  "type": "other",
  "std_start_time": "2018-08-28",
  "orig_start_time": "08/28/2018",
  "std_end_time": "",
  "orig_end_time": "",
  "std_invoice_time": "2018-08-28",
  "orig_invoice_time": "08/28/2018",
  "place": "US-Gaithersburg",
  "departure": "",
  "arrival": "",
  "std_curr": "USD",
  "orig_curr": [
    "Galthersburg"
  ],
  "std_total": "152.19",
  "orig_total": "152.19",
  "seller_name": [
    "COSTCO WHOLESALE"
  ],
  "seller_address": [
    "US-Gaithersburg"
  ],
  "invoice_number": "824000011053",
  "tax_number": "",
  "detail": [
    {
      "content": "E 4032 WATERMELON",
      "amount": "5.99",
      "ifTax": false
    },
    {
      "content": "E 1221092 ARTN HMBR BN",
      "amount": "5.99",
      "ifTax": false
    },
    {
      "content": "E 1079067 DODONI FETA",
      "amount": "12.79",
      "ifTax": false
    },
    {
      "content": "E 1079067 DODONI FETA",
      "amount": "12.79",
      "ifTax": false
    },
    {
      "content": "E 838245 FRENCH ROLL",
      "amount": "5.29",
      "ifTax": false
    },
    {
      "content": "1199128 RIPRAP DAYPK",
      "amount": "19.99",
      "ifTax": false
    },
    {
      "content": "1159793 CLOROMAX",
      "amount": "10.99",
      "ifTax": false
    },
    {
      "content": "E 36285 KS WALNUT 3#",
      "amount": "13.99",
      "ifTax": false
    },
    {
      "content": "E 879520 NUTELLA 2PK",
      "amount": "11.89",
      "ifTax": false
    },
    {
      "content": "E 43045 LAKE COUNTRY",
      "amount": "7.78",
      "ifTax": false
    },
    {
      "content": "E 34779 KS PECORINO",
      "amount": "11.63",
      "ifTax": false
    },
    {
      "content": "E 96716 ORANIC SPIN",
      "amount": "3.99",
      "ifTax": false
    },
    {
      "content": "E 25595 CAMPARI TOM",
      "amount": "4.79",
      "ifTax": false
    },
    {
      "content": "E 121288 ORG BELLAS",
      "amount": "4.79",
      "ifTax": false
    },
    {
      "content": "626431 A&H+OXI160LD",
      "amount": "10.99",
      "ifTax": false
    },
    {
      "content": "E 427381 KS ORG EGGS",
      "amount": "5.99",
      "ifTax": false
    },
    {
      "content": "TAX",
      "amount": "2.52",
      "ifTax": true
    }
  ]
}