{
  "type": "other",
  "std_start_time": "2023-10-02",
  "orig_start_time": "2 October,2023",
  "std_end_time": "",
  "orig_end_time": "",
  "std_invoice_time": "2023-10-02",
  "orig_invoice_time": "2 October,2023",
  "place": "",
  "departure": "",
  "arrival": "",
  "std_curr": "EGP",
  "orig_curr": [
    "EGP"
  ],
  "std_total": "250.24",
  "orig_total": "250.24",
  "seller_name": [
    "Breadfast"
  ],
  "seller_address": [],
  "invoice_number": "#27-12210995",
  "tax_number": "538-096-330",
  "detail": [
    {
      "content": "Lamar Semi Skimmed Milk Pack Of 6 (1L) 1 ",
      "amount": "234.00",
      "ifTax": false
    },
    {
      "content": "[B] Lamar Semi Skimmed Milk (1L) 6",
      "amount": "0.00",
      "ifTax": false
    },
    {
      "content": "Coca Cola Zero Bottle (950ml) 3",
      "amount": "48.75",
      "ifTax": false
    },
    {
      "content": "Cook's Vanillin With Sugar (1g) 1",
      "amount": "1.00",
      "ifTax": false
    },
    {
      "content": "Danone Oiko Yogurt Mixed Berries (170g) 1",
      "amount": "26.50",
      "ifTax": false
    },
    {
      "content": "Discount ",
      "amount": "-59.95",
      "ifTax": false
    },
    {
      "content": "- Current Balance ",
      "amount": "-0.06",
      "ifTax": false
    }
  ]
}