{
  "type": "other",
  "std_start_time": "2019-06-28",
  "orig_start_time": "06/28/19",
  "std_end_time": "",
  "orig_end_time": "",
  "std_invoice_time": "2019-06-28",
  "orig_invoice_time": "06/28/19",
  "place": "US-Fort Smith",
  "departure": "",
  "arrival": "",
  "std_curr": "USD",
  "orig_curr": [
    "AR"
  ],
  "std_total": "40.50",
  "orig_total": "40.50",
  "seller_name": [
    "Walmart"
  ],
  "seller_address": [
    "US-Fort Smith"
  ],
  "invoice_number": "917900031656",
  "tax_number": "",
  "detail": [
    {
      "content": "SUBTOTAL",
      "amount": "40.50",
      "ifTax": false
    }
  ]
}