{
  "type": "other",
  "std_start_time": "2022-09-13",
  "orig_start_time": "13 September, 2022",
  "std_end_time": "",
  "orig_end_time": "",
  "std_invoice_time": "2022-09-13",
  "orig_invoice_time": "13 September, 2022",
  "place": "",
  "departure": "",
  "arrival": "",
  "std_curr": "EGP",
  "orig_curr": [
    "EGP"
  ],
  "std_total": "137.17",
  "orig_total": "137.17",
  "seller_name": [
    "Breadfast"
  ],
  "seller_address": [],
  "invoice_number": "",
  "tax_number": "",
  "detail": [
    {
      "content": "5 Petits Pains 1 ",
      "amount": "6.00",
      "ifTax": true
    },
    {
      "content": "5 Mini Baladi Bread 1 ",
      "amount": "3.50",
      "ifTax": true
    },
    {
      "content": "Atyab Beef Lunchean (200g) 1 ",
      "amount": "27.00",
      "ifTax": true
    },
    {
      "content": "Atyab Chicken Luncheon (200g) 1",
      "amount": "27.00",
      "ifTax": true
    },
    {
      "content": "Breadfast BYLD Keto Chocolate Bar (60g) 2 ",
      "amount": "56.00",
      "ifTax": true
    },
    {
      "content": "المبلع المستحق 1 ",
      "amount": "0.04",
      "ifTax": true
    },
    {
      "content": "Discount ",
      "amount": "-2.38",
      "ifTax": false
    },
    {
      "content": "Delivery ",
      "amount": "20.00",
      "ifTax": false
    }
  ]
}