{
  "type": "other",
  "std_start_time": "2013-10-07",
  "orig_start_time": "10/07/13",
  "std_end_time": "",
  "orig_end_time": "",
  "std_invoice_time": "2013-10-07",
  "orig_invoice_time": "10/07/13",
  "place": "US-SAN ANTONIO",
  "departure": "",
  "arrival": "",
  "std_curr": "USD",
  "orig_curr": [
    "SAN ANTONIO"
  ],
  "std_total": "109.55",
  "orig_total": "109.55",
  "seller_name": [
    "Sam's Club"
  ],
  "seller_address": [
    "US-SAN ANTONIO"
  ],
  "invoice_number": "",
  "tax_number": "",
  "detail": [
    {
      "content": "E 690415 NTRGRN32UARF",
      "amount": "8.78",
      "ifTax": false
    },
    {
      "content": "E 516087 NUTELA35.30F",
      "amount": "6.65",
      "ifTax": false
    },
    {
      "content": "E 909303 EGGQWAFFLES F",
      "amount": "9.98",
      "ifTax": false
    },
    {
      "content": "E 887268 ALMOND MILKF",
      "amount": "7.98",
      "ifTax": false
    },
    {
      "content": "E 738199 ZOOVANIMALCRF",
      "amount": "7.98",
      "ifTax": false
    },
    {
      "content": "E 11116 OLIVE OIL 2F",
      "amount": "13.48",
      "ifTax": false
    },
    {
      "content": "E 899806 CH 16CT HAMF",
      "amount": "2.56",
      "ifTax": false
    },
    {
      "content": "E 725672 B/S CKI BRSF",
      "amount": "17.58",
      "ifTax": false
    },
    {
      "content": "E 173634 GRND TURKEYF",
      "amount": "12.95",
      "ifTax": false
    },
    {
      "content": "E 239220 BIGSEXY 100",
      "amount": "11.98",
      "ifTax": false
    },
    {
      "content": "E 141839 DP 32 PACK F",
      "amount": "7.98",
      "ifTax": false
    },
    {
      "content": "TAX 1 8.250%",
      "amount": "1.65",
      "ifTax": true
    }
  ]
}