{
  "type": "other",
  "std_start_time": "2023-11-05",
  "orig_start_time": "2023-11-05",
  "std_end_time": "",
  "orig_end_time": "",
  "std_invoice_time": "2023-11-05",
  "orig_invoice_time": "2023-11-05",
  "place": "Egypt-Cairo",
  "departure": "",
  "arrival": "",
  "std_curr": "EGP",
  "orig_curr": [
    "L.E"
  ],
  "std_total": "25.00",
  "orig_total": "25.00",
  "seller_name": [
    "Abu Auf®"
  ],
  "seller_address": [
    "Egypt-Alex"
  ],
  "invoice_number": "1328416",
  "tax_number": "",
  "detail": [
    {
      "content": "Mocha Cup 1.000@25.00 L.E ",
      "amount": "25.00",
      "ifTax": true
    }
  ]
}