{
  "type": "other",
  "std_start_time": "2022-09-06",
  "orig_start_time": "06-09-22",
  "std_end_time": "",
  "orig_end_time": "",
  "std_invoice_time": "2022-09-06",
  "orig_invoice_time": "06-09-22",
  "place": "Egypt-Misr",
  "departure": "",
  "arrival": "",
  "std_curr": "EGP",
  "orig_curr": [
    "LE"
  ],
  "std_total": "32.00",
  "orig_total": "32.00",
  "seller_name": [
    "Emarat Misr"
  ],
  "seller_address": [
    "Egypt"
  ],
  "invoice_number": "0000209-P2000004915",
  "tax_number": "",
  "detail": [
    {
      "content": "Item No.: 13800 WINSTON BLUE PACK pcs ",
      "amount": "32.00",
      "ifTax": false
    }
  ]
}