{
  "type": "other",
  "std_start_time": "2018-01-14",
  "orig_start_time": "14-01-2018",
  "std_end_time": "",
  "orig_end_time": "",
  "std_invoice_time": "2018-01-14",
  "orig_invoice_time": "14-01-2018",
  "place": "ES-BARCELONA",
  "departure": "",
  "arrival": "",
  "std_curr": "EUR",
  "orig_curr": [
    "BARCELONA"
  ],
  "std_total": "120.12",
  "orig_total": "120.12",
  "seller_name": [
    "Restaurant PORTONOVO"
  ],
  "seller_address": [
    "ES-BARCELONA"
  ],
  "invoice_number": "00000462",
  "tax_number": "B63592596",
  "detail": [
    {
      "content": "3 x 101 MENU ",
      "amount": "47.85",
      "ifTax": false
    },
    {
      "content": "1 x 43 LOMO CERD, HUEVOS",
      "amount": "13.95",
      "ifTax": false
    },
    {
      "content": "1 x 41 BISTEC A LA PLANCHA",
      "amount": "13.50",
      "ifTax": false
    },
    {
      "content": "1 x 68 PATATAS FRITAS",
      "amount": "4.50",
      "ifTax": false
    },
    {
      "content": "5 x 114 REFRESCO",
      "amount": "15.00",
      "ifTax": false
    },
    {
      "content": "1 x 76 ALMENDRA PLANCHA",
      "amount": "7.75",
      "ifTax": false
    },
    {
      "content": "1 x 122 CORTADO",
      "amount": "1.95",
      "ifTax": false
    },
    {
      "content": "1 x 127 INFUSIONES",
      "amount": "2.45",
      "ifTax": false
    },
    {
      "content": "1 x 119 CAFE AMERICANO",
      "amount": "2.25",
      "ifTax": false
    },
    {
      "content": "IVA: 10.0%= ",
      "amount": "10.92",
      "ifTax": true
    }
  ]
}