{
  "type": "other",
  "std_start_time": "2019-09-04",
  "orig_start_time": "09/04/2021",
  "std_end_time": "",
  "orig_end_time": "",
  "std_invoice_time": "2019-09-04",
  "orig_invoice_time": "09/04/2021",
  "place": "",
  "departure": "",
  "arrival": "",
  "std_curr": "USD",
  "orig_curr": [],
  "std_total": "39.00",
  "orig_total": "39.00",
  "seller_name": [
    "ACTIV ABOU ALAA"
  ],
  "seller_address": [],
  "invoice_number": "34730",
  "tax_number": "",
  "detail": [
    {
      "content": "PINK\t\t0 015456 000085",
      "amount": "189.00",
      "ifTax": false
    },
    {
      "content": "BLACK\t0 015200 006523",
      "amount": "249.00",
      "ifTax": false
    },
    {
      "content": "PURPL\t0 025600 000533",
      "amount": "-399.00",
      "ifTax": false
    }
  ]
}