{
  "type": "other",
  "std_start_time": "2002-12-26",
  "orig_start_time": "12/26/2002",
  "std_end_time": "",
  "orig_end_time": "",
  "std_invoice_time": "2002-12-26",
  "orig_invoice_time": "12/26/2002",
  "place": "US-WESTMINSTER",
  "departure": "",
  "arrival": "",
  "std_curr": "USD",
  "orig_curr": [
    "WESTMINSTER"
  ],
  "std_total": "8.61",
  "orig_total": "8.61",
  "seller_name": [
    "FANZZ - WESTMINSTER, CA"
  ],
  "seller_address": [
    "US-WESTMINSTER"
  ],
  "invoice_number": "21854",
  "tax_number": "",
  "detail": [
    {
      "content": "N10  53165 1 7.99 YELLOW HEADBAND NBA ",
      "amount": "7.99",
      "ifTax": false
    },
    {
      "content": "7.750% Tax ",
      "amount": "0.62",
      "ifTax": true
    }
  ]
}