{
  "type": "other",
  "std_start_time": "2013-03-22",
  "orig_start_time": "03/22/13",
  "std_end_time": "",
  "orig_end_time": "",
  "std_invoice_time": "2013-03-22",
  "orig_invoice_time": "03/22/13",
  "place": "",
  "departure": "",
  "arrival": "",
  "std_curr": "USD",
  "orig_curr": [],
  "std_total": "193.35",
  "orig_total": "193.35",
  "seller_name": [
    "DINING ROOMT5 MAIN DINING"
  ],
  "seller_address": [],
  "invoice_number": "0193",
  "tax_number": "",
  "detail": [
    {
      "content": "Tax",
      "amount": "15.35",
      "ifTax": true
    },
    {
      "content": "1 BEEFEATER-MARTINI",
      "amount": "11.50",
      "ifTax": false
    },
    {
      "content": "1 ROSEMARY CAIPIRINHA",
      "amount": "13.00",
      "ifTax": false
    },
    {
      "content": "1 CRABCAKES",
      "amount": "17.00",
      "ifTax": false
    },
    {
      "content": "1 BLACK PEPPER BACON",
      "amount": "12.00",
      "ifTax": false
    },
    {
      "content": "1 Millenium 2#",
      "amount": "52.00",
      "ifTax": false
    },
    {
      "content": "1 NY SIRLOIN",
      "amount": "46.00",
      "ifTax": false
    },
    {
      "content": "1 BRUSSEL SPROUTS",
      "amount": "13.00",
      "ifTax": false
    },
    {
      "content": "1 ESPRESSO",
      "amount": "4.50",
      "ifTax": false
    },
    {
      "content": "1 LAUREN'S HAZELNUT TORTE",
      "amount": "9.00",
      "ifTax": false
    }
  ]
}