{
  "type": "other",
  "std_start_time": "2024-03-01",
  "orig_start_time": "3/1/2024",
  "std_end_time": "",
  "orig_end_time": "",
  "std_invoice_time": "2024-03-01",
  "orig_invoice_time": "3/1/2024",
  "place": "Egypt-Hurghada",
  "departure": "",
  "arrival": "",
  "std_curr": "EGP",
  "orig_curr": [
    "LE"
  ],
  "std_total": "260.83",
  "orig_total": "260.83",
  "seller_name": [
    "GOURMET FOOD STORES"
  ],
  "seller_address": [
    "Egypt-Hurghada"
  ],
  "invoice_number": "994236",
  "tax_number": "",
  "detail": [
    {
      "content": "Fresh Chicken Cesar Salad LE170.00 1 ",
      "amount": "170.00",
      "ifTax": true
    },
    {
      "content": "Whole Sourdough Baguette  LE69.00 1",
      "amount": "69.00",
      "ifTax": true
    },
    {
      "content": "Premium Roumy Cheese LE295.00 0.074",
      "amount": "21.83",
      "ifTax": true
    }
  ]
}