{
  "type": "other",
  "std_start_time": "",
  "orig_start_time": "",
  "std_end_time": "",
  "orig_end_time": "",
  "std_invoice_time": "",
  "orig_invoice_time": "",
  "place": "",
  "departure": "",
  "arrival": "",
  "std_curr": "EGP",
  "orig_curr": [
    "EGP"
  ],
  "std_total": "103.50",
  "orig_total": "103.50",
  "seller_name": [
    "Breadfast"
  ],
  "seller_address": [],
  "invoice_number": "#221 - 3649701",
  "tax_number": "",
  "detail": [
    {
      "content": "Soft Bread 5 Petits Pains ",
      "amount": "6.00",
      "ifTax": false
    },
    {
      "content": "Baladi & Shami 5 Mini Shami Bread",
      "amount": "4.00",
      "ifTax": false
    },
    {
      "content": "Cold Cuts Rich Beef Luncheon With Black Pepper (250g)",
      "amount": "30.50",
      "ifTax": false
    },
    {
      "content": "Long - Life Milk Lamar Full Cream Milk (1L)",
      "amount": "21.00",
      "ifTax": false
    },
    {
      "content": "Rayeb Juhayna Greek Yoghurt Drink Mixed  Berries With Oats (250g)",
      "amount": "17.50",
      "ifTax": false
    },
    {
      "content": "Rayeb Juhayna Greek Yoghurt Drink Pineapple & Peach (250g)",
      "amount": "17.50",
      "ifTax": false
    },
    {
      "content": "Discount",
      "amount": "-3.00",
      "ifTax": false
    },
    {
      "content": "Delivery",
      "amount": "10.00",
      "ifTax": false
    }
  ]
}