{
  "type": "other",
  "std_start_time": "2023-08-19",
  "orig_start_time": "2023-08-19",
  "std_end_time": "",
  "orig_end_time": "",
  "std_invoice_time": "2023-08-19",
  "orig_invoice_time": "2023-08-19",
  "place": "Egypt -Calro",
  "departure": "",
  "arrival": "",
  "std_curr": "USD",
  "orig_curr": [
    "L.E"
  ],
  "std_total": "265.00",
  "orig_total": "265.00",
  "seller_name": [
    "Abu Aar"
  ],
  "seller_address": [],
  "invoice_number": "210360",
  "tax_number": "",
  "detail": [
    {
      "content": "Popcorn Caramel & Cinnamon 100 Gram     2",
      "amount": "40.00",
      "ifTax": false
    },
    {
      "content": "Popcorn Salted & Caramel f00 Gram     1",
      "amount": "20.00",
      "ifTax": false
    },
    {
      "content": "Popcorn Salted a Caramel 100 Gram      1",
      "amount": "20.00",
      "ifTax": false
    },
    {
      "content": "Abu Auf Tea Stuff Cup      1",
      "amount": "5.00",
      "ifTax": false
    },
    {
      "content": "Golden Crispy (plece) 52 Gram       1",
      "amount": "15.00",
      "ifTax": false
    },
    {
      "content": "Abu auf Mixed Nuts 275 Gram     1",
      "amount": "165.00",
      "ifTax": false
    }
  ]
}