{
  "type": "other",
  "std_start_time": "2021-08-17",
  "orig_start_time": "17.08.2021",
  "std_end_time": "",
  "orig_end_time": "",
  "std_invoice_time": "2021-08-17",
  "orig_invoice_time": "17.08.2021",
  "place": "Egypt-Alexandria",
  "departure": "",
  "arrival": "",
  "std_curr": "EGP",
  "orig_curr": [
    "Alexandria"
  ],
  "std_total": "149.00",
  "orig_total": "149.00",
  "seller_name": [
    "Alex City Center"
  ],
  "seller_address": [
    "Egypt-Alexandria"
  ],
  "invoice_number": "0150 0638 8178 5631",
  "tax_number": "",
  "detail": [
    {
      "content": "8682863662735 T8807AZ  T - Shirt  %14 ",
      "amount": "149.00",
      "ifTax": true
    }
  ]
}