{
  "type": "other",
  "std_start_time": "2016-06-16",
  "orig_start_time": "06/16/16",
  "std_end_time": "",
  "orig_end_time": "",
  "std_invoice_time": "2016-06-16",
  "orig_invoice_time": "06/16/16",
  "place": "US-NEWTON",
  "departure": "",
  "arrival": "",
  "std_curr": "USD",
  "orig_curr": [
    "NEWTON"
  ],
  "std_total": "37.98",
  "orig_total": "37.98",
  "seller_name": [
    "Walmart"
  ],
  "seller_address": [
    "US-NEWTON"
  ],
  "invoice_number": "0920 6336 6689 3947 0450",
  "tax_number": "",
  "detail": [
    {
      "content": "WIFI ROTUER 085021400399 ",
      "amount": "35.00",
      "ifTax": false
    },
    {
      "content": "TAX 1 8.500 % ",
      "amount": "2.98",
      "ifTax": true
    }
  ]
}