{
  "type": "other",
  "std_start_time": "2016-05-26",
  "orig_start_time": "5/26/2016",
  "std_end_time": "",
  "orig_end_time": "",
  "std_invoice_time": "2016-05-26",
  "orig_invoice_time": "5/26/2016",
  "place": "US-Long Beach",
  "departure": "",
  "arrival": "",
  "std_curr": "USD",
  "orig_curr": [
    "$"
  ],
  "std_total": "56.58",
  "orig_total": "56.58",
  "seller_name": [
    "GREEN FIELD"
  ],
  "seller_address": [
    "US-Long Beach"
  ],
  "invoice_number": "69923",
  "tax_number": "",
  "detail": [
    {
      "content": "1 Coffee ",
      "amount": "3.00",
      "ifTax": false
    },
    {
      "content": "2 Lunch",
      "amount": "45.90",
      "ifTax": false
    },
    {
      "content": "1 Coke",
      "amount": "3.00",
      "ifTax": false
    },
    {
      "content": "Tax 1 ",
      "amount": "4.68",
      "ifTax": true
    }
  ]
}