{
  "type": "other",
  "std_start_time": "2022-07-02",
  "orig_start_time": "02/07/2022",
  "std_end_time": "",
  "orig_end_time": "",
  "std_invoice_time": "2022-07-02",
  "orig_invoice_time": "02/07/2022",
  "place": "egypt-Cairo",
  "departure": "",
  "arrival": "",
  "std_curr": "EGP",
  "orig_curr": [
    "EGP"
  ],
  "std_total": "299.00",
  "orig_total": "299",
  "seller_name": [
    "CALLIOPE"
  ],
  "seller_address": [
    "egypt-Cairo"
  ],
  "invoice_number": "59477",
  "tax_number": "#220-683-093",
  "detail": [
    {
      "content": "T-Shirt 1 ",
      "amount": "299.00",
      "ifTax": true
    }
  ]
}