{
  "type": "other",
  "std_start_time": "2023-07-21",
  "orig_start_time": "21/07/23",
  "std_end_time": "",
  "orig_end_time": "",
  "std_invoice_time": "2023-07-21",
  "orig_invoice_time": "21/07/23",
  "place": "EGY",
  "departure": "",
  "arrival": "",
  "std_curr": "EGP",
  "orig_curr": [
    "LE"
  ],
  "std_total": "147.00",
  "orig_total": "147.00",
  "seller_name": [
    "Emarat Misr"
  ],
  "seller_address": [],
  "invoice_number": "0000211-F1000030982",
  "tax_number": "",
  "detail": [
    {
      "content": "Marlboro Crafted Ciol 3 pcs @ 49.00 ",
      "amount": "147.00",
      "ifTax": false
    }
  ]
}