{
  "type": "other",
  "std_start_time": "2016-08-22",
  "orig_start_time": "22Aug'16",
  "std_end_time": "",
  "orig_end_time": "",
  "std_invoice_time": "2016-08-22",
  "orig_invoice_time": "22Aug'16",
  "place": "UK-Brighton",
  "departure": "",
  "arrival": "",
  "std_curr": "GBP",
  "orig_curr": [
    "Brighton"
  ],
  "std_total": "44.85",
  "orig_total": "44.85",
  "seller_name": [
    "Jamie's Italian"
  ],
  "seller_address": [
    "UK-Brighton"
  ],
  "invoice_number": "3241",
  "tax_number": "911 9131 49",
  "detail": [
    {
      "content": "1 Sunburst",
      "amount": "6.25",
      "ifTax": false
    },
    {
      "content": "1 Garlic Bread",
      "amount": "3.75",
      "ifTax": false
    },
    {
      "content": "2 Bolognese Pasta",
      "amount": "21.90",
      "ifTax": false
    },
    {
      "content": "1 The Porkie",
      "amount": "12.95",
      "ifTax": false
    }
  ]
}