{
  "type": "other",
  "std_start_time": "2017-02-11",
  "orig_start_time": "FEB 11 2017",
  "std_end_time": "",
  "orig_end_time": "",
  "std_invoice_time": "2017-02-11",
  "orig_invoice_time": "FEB 11 2017",
  "place": "United Kingdom-Liverpool",
  "departure": "",
  "arrival": "",
  "std_curr": "GBP",
  "orig_curr": [
    "£"
  ],
  "std_total": "150.05",
  "orig_total": "150.05",
  "seller_name": [
    "LIVERPOOL (SIZE?"
  ],
  "seller_address": [
    "UK-Bury"
  ],
  "invoice_number": "00226 - 1 - 13031",
  "tax_number": "787440102",
  "detail": [
    {
      "content": "4053027657499 YEEZY 350 V2 BLK  1 @ 150.00 20% ",
      "amount": "150.00",
      "ifTax": false
    },
    {
      "content": "1630160007336 CARRIER BAG LEVY  1 @ 0.05 20%",
      "amount": "0.05",
      "ifTax": false
    }
  ]
}