{
  "type": "other",
  "std_start_time": "2012-10-25",
  "orig_start_time": "Otc25'12",
  "std_end_time": "",
  "orig_end_time": "",
  "std_invoice_time": "2012-10-25",
  "orig_invoice_time": "Otc25‘12",
  "place": "Singapore",
  "departure": "",
  "arrival": "",
  "std_curr": "SGD",
  "orig_curr": [
    "Singapore"
  ],
  "std_total": "367.00",
  "orig_total": "367.00",
  "seller_name": [],
  "seller_address": [],
  "invoice_number": "",
  "tax_number": "200604704K",
  "detail": [
    {
      "content": "2 OYSTERS ",
      "amount": "64.00",
      "ifTax": false
    },
    {
      "content": "1 PATA NEGRA 60g",
      "amount": "45.00",
      "ifTax": false
    },
    {
      "content": "1 VEAL",
      "amount": "50.00",
      "ifTax": false
    },
    {
      "content": "1 DUCK",
      "amount": "40.00",
      "ifTax": false
    },
    {
      "content": "2 BREAD",
      "amount": "0.00",
      "ifTax": false
    },
    {
      "content": "1 MILLEFEUILLE CAR",
      "amount": "15.00",
      "ifTax": false
    },
    {
      "content": "1 CREME BRULEE",
      "amount": "15.00",
      "ifTax": false
    },
    {
      "content": "1 M&MNUITSSTGEORGE",
      "amount": "138.00",
      "ifTax": false
    }
  ]
}