{
  "type": "other",
  "std_start_time": "2012-08-11",
  "orig_start_time": "11/08/2012",
  "std_end_time": "",
  "orig_end_time": "",
  "std_invoice_time": "2012-08-11",
  "orig_invoice_time": "11/08/2012",
  "place": "Spain-TORROX",
  "departure": "",
  "arrival": "",
  "std_curr": "EUR",
  "orig_curr": [
    "EUROS"
  ],
  "std_total": "10.79",
  "orig_total": "10,79",
  "seller_name": [
    "MERCADONA S.A."
  ],
  "seller_address": [
    "Spain-TORROX"
  ],
  "invoice_number": "722670",
  "tax_number": "A-46103834",
  "detail": [
    {
      "content": "1 CREMA CACAHUET",
      "amount": "2.58",
      "ifTax": false
    },
    {
      "content": "1 SALMON AHUMADO",
      "amount": "1.88",
      "ifTax": false
    },
    {
      "content": "1 AZUCAR",
      "amount": "0.95",
      "ifTax": false
    },
    {
      "content": "1 NARANJA PALOT",
      "amount": "0.90",
      "ifTax": false
    },
    {
      "content": "1 GARBANZOS",
      "amount": "0.51",
      "ifTax": false
    },
    {
      "content": "1 AGUACATE",
      "amount": "1.13",
      "ifTax": false
    },
    {
      "content": "1 PAPEL VEGETAL",
      "amount": "1.35",
      "ifTax": false
    },
    {
      "content": "1 PIMIENTO ROJO",
      "amount": "0.34",
      "ifTax": false
    },
    {
      "content": "1 CACAO TAZA",
      "amount": "1.15",
      "ifTax": false
    },
    {
      "content": "1 PARKING",
      "amount": "0.00",
      "ifTax": false
    }
  ]
}