{
  "type": "other",
  "std_start_time": "2011-08-01",
  "orig_start_time": "8/1/2011",
  "std_end_time": "",
  "orig_end_time": "",
  "std_invoice_time": "2011-08-01",
  "orig_invoice_time": "8/1/2011",
  "place": "",
  "departure": "",
  "arrival": "",
  "std_curr": "USD",
  "orig_curr": [],
  "std_total": "13.57",
  "orig_total": "13.57",
  "seller_name": [],
  "seller_address": [],
  "invoice_number": "288147",
  "tax_number": "",
  "detail": [
    {
      "content": "S. Camarones ",
      "amount": "9.75",
      "ifTax": false
    },
    {
      "content": "1 IZZE'S",
      "amount": "2.75",
      "ifTax": false
    },
    {
      "content": "Sales Tax ",
      "amount": "1.07",
      "ifTax": true
    }
  ]
}