{
  "type": "other",
  "std_start_time": "2025-05-11",
  "orig_start_time": "5/11/2025",
  "std_end_time": "",
  "orig_end_time": "",
  "std_invoice_time": "2025-05-11",
  "orig_invoice_time": "5/11/2025",
  "place": "US-Las Vegas",
  "departure": "",
  "arrival": "",
  "std_curr": "USD",
  "orig_curr": [
    "Las Vegas"
  ],
  "std_total": "27.36",
  "orig_total": "27.36",
  "seller_name": [
    "Ronarrio's Pizzeria MGM"
  ],
  "seller_address": [
    "US-Las Vegas"
  ],
  "invoice_number": "1636",
  "tax_number": "",
  "detail": [
    {
      "content": "1 Sausage Egg & Cheese Muffin",
      "amount": "14.95",
      "ifTax": false
    },
    {
      "content": "1 Apple Juice",
      "amount": "6.45",
      "ifTax": false
    },
    {
      "content": "Charge Tip $",
      "amount": "4.17",
      "ifTax": false
    },
    {
      "content": "Tax",
      "amount": "1.79",
      "ifTax": true
    }
  ]
}