{
  "type": "metro",
  "std_start_time": "2023-11-10",
  "orig_start_time": "11/10/2023",
  "std_end_time": "",
  "orig_end_time": "",
  "std_invoice_time": "2023-11-10",
  "orig_invoice_time": "11/10/2023",
  "place": "",
  "departure": "",
  "arrival": "",
  "std_curr": "INR",
  "orig_curr": [
    "Rs"
  ],
  "std_total": "20.00",
  "orig_total": "20.00",
  "seller_name": [
    "Metro Railway Kolkata"
  ],
  "seller_address": [],
  "invoice_number": "A000000028",
  "tax_number": "",
  "detail": [
    {
      "content": "Fare",
      "amount": "20.00",
      "ifTax": false
    }
  ]
}