{
  "type": "other",
  "std_start_time": "2017-03-08",
  "orig_start_time": "08/03/17",
  "std_end_time": "",
  "orig_end_time": "",
  "std_invoice_time": "2017-03-08",
  "orig_invoice_time": "08/03/17",
  "place": "India-GUJARAT",
  "departure": "",
  "arrival": "",
  "std_curr": "INR",
  "orig_curr": [
    "GUJARAT"
  ],
  "std_total": "464.28",
  "orig_total": "464.28",
  "seller_name": [
    "VERONA ITALICA"
  ],
  "seller_address": [
    "India-GUJARAT"
  ],
  "invoice_number": "15823",
  "tax_number": "",
  "detail": [
    {
      "content": "UNLIMTED DINNER@219",
      "amount": "438.00",
      "ifTax": false
    },
    {
      "content": "Service Tax(6.0%)",
      "amount": "26.28",
      "ifTax": true
    }
  ]
}