{
  "type": "other",
  "std_start_time": "2022-05-22",
  "orig_start_time": "28-May-22",
  "std_end_time": "",
  "orig_end_time": "",
  "std_invoice_time": "2022-05-22",
  "orig_invoice_time": "28-May-22",
  "place": "Egypt-Elsadat",
  "departure": "",
  "arrival": "",
  "std_curr": "EGP",
  "orig_curr": [
    "LE"
  ],
  "std_total": "60.00",
  "orig_total": "60.00",
  "seller_name": [
    "Emarat Misr"
  ],
  "seller_address": [
    "Egypt-Elsadat"
  ],
  "invoice_number": "2164644",
  "tax_number": "",
  "detail": [
    {
      "content": "198 RANI PINEAPPLE 240 ",
      "amount": "11.00",
      "ifTax": true
    },
    {
      "content": "379 MERIT FILTER",
      "amount": "49.00",
      "ifTax": true
    }
  ]
}