{
  "type": "other",
  "std_start_time": "2018-08-17",
  "orig_start_time": "17/08/2018",
  "std_end_time": "",
  "orig_end_time": "",
  "std_invoice_time": "2018-08-17",
  "orig_invoice_time": "17/08/2018",
  "place": "",
  "departure": "",
  "arrival": "",
  "std_curr": "USD",
  "orig_curr": [],
  "std_total": "65.10",
  "orig_total": "65.10",
  "seller_name": [
    "Bar Rua"
  ],
  "seller_address": [],
  "invoice_number": "#520",
  "tax_number": "",
  "detail": [
    {
      "content": "2 GLS CARRIG LAGER ",
      "amount": "6.60",
      "ifTax": false
    },
    {
      "content": "1 WINGS SMALL",
      "amount": "9.00",
      "ifTax": false
    },
    {
      "content": "1 FRESH COD",
      "amount": "18.00",
      "ifTax": false
    },
    {
      "content": "1 SHELLFISH POT",
      "amount": "22.50",
      "ifTax": false
    },
    {
      "content": "1 FISH CAKES",
      "amount": "7.50",
      "ifTax": false
    },
    {
      "content": "1 PORTION BREAD LARGE",
      "amount": "1.50",
      "ifTax": false
    }
  ]
}