{
  "type": "other",
  "std_start_time": "2023-04-17",
  "orig_start_time": "17 April, 2023",
  "std_end_time": "",
  "orig_end_time": "",
  "std_invoice_time": "2023-04-17",
  "orig_invoice_time": "17 April, 2023",
  "place": "",
  "departure": "",
  "arrival": "",
  "std_curr": "EGP",
  "orig_curr": [
    "EGP"
  ],
  "std_total": "0.00",
  "orig_total": "1,013.75",
  "seller_name": [
    "Breadfast"
  ],
  "seller_address": [],
  "invoice_number": "1717 - 8928650",
  "tax_number": "538 - 096 - 330",
  "detail": [
    {
      "content": "Meat House Frozen Beef Shawarma (400g) 1 157.50 ",
      "amount": "157.50",
      "ifTax": true
    },
    {
      "content": "Meat House Frozen Marinated Chicken Fillet (950g) 3  252.00",
      "amount": "756.00",
      "ifTax": true
    },
    {
      "content": "Abu Auf Powder Garlic (90g) 1 20.00",
      "amount": "20.00",
      "ifTax": true
    },
    {
      "content": "Abu Auf Powder Onion (90g) 2 20.00",
      "amount": "40.00",
      "ifTax": true
    },
    {
      "content": "Knorr Chicken Bouillon 10% Off (12 Cubes) 4 8.25",
      "amount": "33.00",
      "ifTax": true
    },
    {
      "content": "Discount ",
      "amount": "0.00",
      "ifTax": false
    },
    {
      "content": "Delivery",
      "amount": "12.50",
      "ifTax": false
    }
  ]
}