{
  "type": "other",
  "std_start_time": "2016-11-04",
  "orig_start_time": "NOV04'16",
  "std_end_time": "",
  "orig_end_time": "",
  "std_invoice_time": "2016-11-04",
  "orig_invoice_time": "NOV04'16",
  "place": "US-CHICAGO",
  "departure": "",
  "arrival": "",
  "std_curr": "USD",
  "orig_curr": [
    "$"
  ],
  "std_total": "35.89",
  "orig_total": "35.89",
  "seller_name": [
    "Cubs Bar & Grill"
  ],
  "seller_address": [
    "US-CHICAGO"
  ],
  "invoice_number": "134/1",
  "tax_number": "",
  "detail": [
    {
      "content": "1 J DANIELS 1 w/ COKE ",
      "amount": "9.59",
      "ifTax": false
    },
    {
      "content": "1 BURG BBQ BAC CHEDDAR FRIES",
      "amount": "13.00",
      "ifTax": false
    },
    {
      "content": "1 J DANIELS 1",
      "amount": "9.59",
      "ifTax": false
    },
    {
      "content": "TAX ",
      "amount": "3.71",
      "ifTax": true
    }
  ]
}