{
  "type": "other",
  "std_start_time": "2022-05-09",
  "orig_start_time": "09/05/2022",
  "std_end_time": "",
  "orig_end_time": "",
  "std_invoice_time": "2022-05-09",
  "orig_invoice_time": "09/05/2022",
  "place": "",
  "departure": "",
  "arrival": "",
  "std_curr": "EGP",
  "orig_curr": [
    "eg"
  ],
  "std_total": "110.98",
  "orig_total": "110.98",
  "seller_name": [
    "McDonald’s Chillout Dolphin Restaurant"
  ],
  "seller_address": [],
  "invoice_number": "1480261",
  "tax_number": "100-507-533",
  "detail": [
    {
      "content": "2 Egg N Cheese Wrap 3 PC M",
      "amount": "79.00",
      "ifTax": true
    },
    {
      "content": "2 CF RG Cappuccino",
      "amount": "12.00",
      "ifTax": true
    },
    {
      "content": "2 McFalafel Sandwich",
      "amount": "19.98",
      "ifTax": true
    }
  ]
}