{
  "type": "other",
  "std_start_time": "2021-05-09",
  "orig_start_time": "09/05/2021",
  "std_end_time": "",
  "orig_end_time": "",
  "std_invoice_time": "2021-05-09",
  "orig_invoice_time": "09/05/2021",
  "place": "Egypt-Cairo",
  "departure": "",
  "arrival": "",
  "std_curr": "EGP",
  "orig_curr": [
    "LE"
  ],
  "std_total": "738.66",
  "orig_total": "738.66",
  "seller_name": [
    "GOURMET"
  ],
  "seller_address": [
    "Egypt-Cairo"
  ],
  "invoice_number": "159913",
  "tax_number": "",
  "detail": [
    {
      "content": "Almarai Skimmed Milk 1L",
      "amount": "17.00",
      "ifTax": false
    },
    {
      "content": "Gourmet Mixed Nuts 250g",
      "amount": "150.00",
      "ifTax": false
    },
    {
      "content": "RichBake Lebanese Bread",
      "amount": "4.00",
      "ifTax": false
    },
    {
      "content": "MilkmanFreshMilkRayeb67",
      "amount": "8.50",
      "ifTax": false
    },
    {
      "content": "MilkmanFreshMilkRayeb27",
      "amount": "8.50",
      "ifTax": false
    },
    {
      "content": "Blackberry Fresh 125g, Pic",
      "amount": "70.00",
      "ifTax": false
    },
    {
      "content": "Blueberries 125g, Pico",
      "amount": "100.00",
      "ifTax": false
    },
    {
      "content": "Strawberries 250g, My Ver",
      "amount": "30.00",
      "ifTax": false
    },
    {
      "content": "Doum Juice 750ml",
      "amount": "65.00",
      "ifTax": false
    },
    {
      "content": "Kamar Eideen Juice 300ml",
      "amount": "95.00",
      "ifTax": false
    },
    {
      "content": "Banana Organic, Balalka",
      "amount": "36.54",
      "ifTax": false
    },
    {
      "content": "Grapes Crimson Lebanese",
      "amount": "54.12",
      "ifTax": false
    },
    {
      "content": "Watermelon Cubes 1kg",
      "amount": "50.00",
      "ifTax": false
    },
    {
      "content": "Watermelon Cubes 1kg",
      "amount": "50.00",
      "ifTax": false
    }
  ]
}