{
  "type": "other",
  "std_start_time": "2020-07-07",
  "orig_start_time": "07/07/20",
  "std_end_time": "",
  "orig_end_time": "",
  "std_invoice_time": "2020-07-07",
  "orig_invoice_time": "07/07/20",
  "place": "US-Kissimmee",
  "departure": "",
  "arrival": "",
  "std_curr": "USD",
  "orig_curr": [
    "Kissimmee"
  ],
  "std_total": "103.74",
  "orig_total": "103.74",
  "seller_name": [
    "Walmart"
  ],
  "seller_address": [
    "US-Kissimmee"
  ],
  "invoice_number": "201890671305",
  "tax_number": "",
  "detail": [
    {
      "content": "GDN RELOAD 083032400696K",
      "amount": "3.74",
      "ifTax": false
    },
    {
      "content": "AMOUNT 060538819035K",
      "amount": "100.00",
      "ifTax": false
    }
  ]
}