{
  "type": "ship",
  "std_start_time": "2016-11-16",
  "orig_start_time": "16.11.2016",
  "std_end_time": "",
  "orig_end_time": "",
  "std_invoice_time": "2016-11-16",
  "orig_invoice_time": "16.11.2016",
  "place": "TZ-Dar Es Salaam",
  "departure": "TZ-Dar Es Salaam",
  "arrival": "TZ-ZAN",
  "std_curr": "USD",
  "orig_curr": [
    "USD"
  ],
  "std_total": "35.00",
  "orig_total": "35.00",
  "seller_name": [
    "KFF MARINE SERVICES LIMITED"
  ],
  "seller_address": [
    "TZ-Dar Es Salaam"
  ],
  "invoice_number": "300305427",
  "tax_number": "",
  "detail": [
    {
      "content": "Ticket Price ",
      "amount": "35.00",
      "ifTax": false
    }
  ]
}