{
  "type": "ship",
  "std_start_time": "2025-01-08",
  "orig_start_time": "08/01/2025",
  "std_end_time": "",
  "orig_end_time": "",
  "std_invoice_time": "2025-01-08",
  "orig_invoice_time": "08/01/2025",
  "place": "",
  "departure": "Thailand-Koh Phangan",
  "arrival": "Thailand-Krabi",
  "std_curr": "USD",
  "orig_curr": [],
  "std_total": "0.00",
  "orig_total": "",
  "seller_name": [
    "High Speed Ferries Co., Ltd."
  ],
  "seller_address": [],
  "invoice_number": "E16801080606",
  "tax_number": "",
  "detail": []
}