{
  "type": "ship",
  "std_start_time": "2013-01-04",
  "orig_start_time": "04/01/2013",
  "std_end_time": "",
  "orig_end_time": "",
  "std_invoice_time": "2013-01-04",
  "orig_invoice_time": "04/01/2013",
  "place": "GR-ΠΕΙΡΑΙΑΣ",
  "departure": "GR-ΠΕΙΡΑΙΑΣ",
  "arrival": "GR-ΣΑΝΤΟΡΙΝΗ",
  "std_curr": "EUR",
  "orig_curr": [
    "EUR"
  ],
  "std_total": "37.50",
  "orig_total": "37.50",
  "seller_name": [
    "BLUE STAR PAROS"
  ],
  "seller_address": [],
  "invoice_number": "8956529",
  "tax_number": "",
  "detail": [
    {
      "content": "ΝΑΥΛΟΣ",
      "amount": "30.84",
      "ifTax": false
    },
    {
      "content": "ΚΡΑΤ. ΤΡΙΤΟΝ",
      "amount": "6.66",
      "ifTax": true
    }
  ]
}