{
  "type": "metro",
  "std_start_time": "2023-09-19",
  "orig_start_time": "19-SEP-23",
  "std_end_time": "",
  "orig_end_time": "",
  "std_invoice_time": "2023-09-19",
  "orig_invoice_time": "19-SEP-23",
  "place": "",
  "departure": "United Kingdom-London",
  "arrival": "United Kingdom-Birmingham",
  "std_curr": "USD",
  "orig_curr": [
    "£"
  ],
  "std_total": "31.00",
  "orig_total": "31.00",
  "seller_name": [],
  "seller_address": [],
  "invoice_number": "",
  "tax_number": "",
  "detail": [
    {
      "content": "Value",
      "amount": "31.00",
      "ifTax": false
    }
  ]
}