{
  "type": "metro",
  "std_start_time": "2011-08-02",
  "orig_start_time": "Aug 02 '11",
  "std_end_time": "",
  "orig_end_time": "",
  "std_invoice_time": "2011-08-02",
  "orig_invoice_time": "Aug 02 '11",
  "place": "",
  "departure": "",
  "arrival": "",
  "std_curr": "USD",
  "orig_curr": [
    "$"
  ],
  "std_total": "5.00",
  "orig_total": "5.00",
  "seller_name": [
    "Metro"
  ],
  "seller_address": [],
  "invoice_number": "0000159345",
  "tax_number": "",
  "detail": [
    {
      "content": "Metro Day Pass ",
      "amount": "5.00",
      "ifTax": false
    }
  ]
}