{
  "type": "metro",
  "std_start_time": "2019-08-23",
  "orig_start_time": "23 AUG 19",
  "std_end_time": "",
  "orig_end_time": "",
  "std_invoice_time": "2019-08-23",
  "orig_invoice_time": "23 AUG 19",
  "place": "UK-LONDON",
  "departure": "",
  "arrival": "",
  "std_curr": "USD",
  "orig_curr": [
    "£"
  ],
  "std_total": "13.10",
  "orig_total": "13.10",
  "seller_name": [
    "TRANSPORT FOR LONDON"
  ],
  "seller_address": [],
  "invoice_number": "010749 29 0583",
  "tax_number": "",
  "detail": [
    {
      "content": "DAY TRAVELCARD OFF-PEAK ",
      "amount": "13.10",
      "ifTax": false
    }
  ]
}