{
  "type": "metro",
  "std_start_time": "2022-12-24",
  "orig_start_time": "nan",
  "std_end_time": "2022-12-25",
  "orig_end_time": "12/25/2022",
  "std_invoice_time": "",
  "orig_invoice_time": "",
  "place": "",
  "departure": "",
  "arrival": "",
  "std_curr": "USD",
  "orig_curr": [],
  "std_total": "10.00",
  "orig_total": "10.00",
  "seller_name": [
    "METROLINK"
  ],
  "seller_address": [],
  "invoice_number": "11-8031-2997-0",
  "tax_number": "",
  "detail": [
    {
      "content": "PRICE",
      "amount": "10.00",
      "ifTax": false
    }
  ]
}