{
  "type": "metro",
  "std_start_time": "2023-12-17",
  "orig_start_time": "17/12/2023",
  "std_end_time": "",
  "orig_end_time": "",
  "std_invoice_time": "2023-12-17",
  "orig_invoice_time": "17/12/2023",
  "place": "IN-PUNE",
  "departure": "",
  "arrival": "",
  "std_curr": "INR",
  "orig_curr": [
    "INR"
  ],
  "std_total": "35.00",
  "orig_total": "35.0",
  "seller_name": [
    "PUNE METRO"
  ],
  "seller_address": [
    "IN-PUNE"
  ],
  "invoice_number": "09231217T155200004",
  "tax_number": "",
  "detail": [
    {
      "content": "Fare",
      "amount": "35.00",
      "ifTax": false
    }
  ]
}