{
  "type": "metro",
  "std_start_time": "2017-03-12",
  "orig_start_time": "2017/03/12",
  "std_end_time": "",
  "orig_end_time": "",
  "std_invoice_time": "2017-03-12",
  "orig_invoice_time": "2017/03/12",
  "place": "",
  "departure": "",
  "arrival": "",
  "std_curr": "ZAR",
  "orig_curr": [
    "R"
  ],
  "std_total": "47.00",
  "orig_total": "47.00",
  "seller_name": [
    "CAPE TOWN CYCLE TOUR"
  ],
  "seller_address": [],
  "invoice_number": "21348",
  "tax_number": "",
  "detail": [
    {
      "content": "FARE ",
      "amount": "47.00",
      "ifTax": false
    }
  ]
}