{
  "type": "taxi",
  "std_start_time": "2024-11-27",
  "orig_start_time": "November 27,2024",
  "std_end_time": "",
  "orig_end_time": "",
  "std_invoice_time": "2024-11-27",
  "orig_invoice_time": "November 27,2024",
  "place": "CA-Calgary",
  "departure": "",
  "arrival": "",
  "std_curr": "CAD",
  "orig_curr": [
    "CA$"
  ],
  "std_total": "47.54",
  "orig_total": "47.54",
  "seller_name": [
    "Uber"
  ],
  "seller_address": [
    "CA-Calgary"
  ],
  "invoice_number": "",
  "tax_number": "",
  "detail": [
    {
      "content": "Booking Fee",
      "amount": "0.52",
      "ifTax": false
    },
    {
      "content": "TNC fee recovery surcharge",
      "amount": "0.45",
      "ifTax": false
    },
    {
      "content": "Tip",
      "amount": "7.92",
      "ifTax": false
    },
    {
      "content": "GST",
      "amount": "1.89",
      "ifTax": true
    },
    {
      "content": "Trip fare",
      "amount": "36.76",
      "ifTax": false
    }
  ]
}