{
  "type": "other",
  "std_start_time": "2018-02-16",
  "orig_start_time": "16/02/18",
  "std_end_time": "",
  "orig_end_time": "",
  "std_invoice_time": "2018-02-16",
  "orig_invoice_time": "16/02/18",
  "place": "UK-LONDON",
  "departure": "",
  "arrival": "",
  "std_curr": "GBP",
  "orig_curr": [
    "£"
  ],
  "std_total": "85.80",
  "orig_total": "85.80",
  "seller_name": [
    "CKT UK LTD"
  ],
  "seller_address": [
    "UK-LONDON"
  ],
  "invoice_number": "",
  "tax_number": "",
  "detail": [
    {
      "content": "FARE",
      "amount": "73.80",
      "ifTax": false
    },
    {
      "content": "GRATUITY",
      "amount": "12.00",
      "ifTax": false
    }
  ]
}