{
  "type": "taxi",
  "std_start_time": "2025-02-08",
  "orig_start_time": "February 8,2025",
  "std_end_time": "",
  "orig_end_time": "",
  "std_invoice_time": "2025-02-08",
  "orig_invoice_time": "February 8,2025",
  "place": "",
  "departure": "",
  "arrival": "",
  "std_curr": "USD",
  "orig_curr": [
    "$"
  ],
  "std_total": "28.91",
  "orig_total": "28.91",
  "seller_name": [
    "uber"
  ],
  "seller_address": [],
  "invoice_number": "",
  "tax_number": "",
  "detail": [
    {
      "content": "Subtotal ",
      "amount": "24.46",
      "ifTax": false
    },
    {
      "content": "Booking Fee",
      "amount": "4.45",
      "ifTax": false
    }
  ]
}