{
  "type": "taxi",
  "std_start_time": "2024-11-19",
  "orig_start_time": "19-Nov-2024",
  "std_end_time": "",
  "orig_end_time": "",
  "std_invoice_time": "2024-11-19",
  "orig_invoice_time": "19-Nov-2024",
  "place": "CA-EDMONTON",
  "departure": "",
  "arrival": "",
  "std_curr": "CAD",
  "orig_curr": [
    "$"
  ],
  "std_total": "67.20",
  "orig_total": "67.20",
  "seller_name": [
    "Greater Edmonton Taxi Service"
  ],
  "seller_address": [
    "CA-EDMONTON"
  ],
  "invoice_number": "432500601005",
  "tax_number": "",
  "detail": [
    {
      "content": "Total",
      "amount": "56.00",
      "ifTax": false
    },
    {
      "content": "Tip",
      "amount": "11.20",
      "ifTax": false
    }
  ]
}