{
  "type": "taxi",
  "std_start_time": "2024-03-20",
  "orig_start_time": "20-Mar-2024",
  "std_end_time": "",
  "orig_end_time": "",
  "std_invoice_time": "2024-03-20",
  "orig_invoice_time": "20-Mar-2024",
  "place": "CA-CALGARY",
  "departure": "",
  "arrival": "",
  "std_curr": "CAD",
  "orig_curr": [
    "CA$"
  ],
  "std_total": "17.11",
  "orig_total": "17.11",
  "seller_name": [
    "CHECKER CABS"
  ],
  "seller_address": [
    "CA-CALGARY"
  ],
  "invoice_number": "92701008",
  "tax_number": "100936111",
  "detail": [
    {
      "content": "Total  ",
      "amount": "14.50",
      "ifTax": false
    },
    {
      "content": "Tip",
      "amount": "2.61",
      "ifTax": false
    }
  ]
}