{
  "type": "taxi",
  "std_start_time": "2024-09-20",
  "orig_start_time": "September 20,2024",
  "std_end_time": "",
  "orig_end_time": "",
  "std_invoice_time": "2024-09-20",
  "orig_invoice_time": "9/20/24",
  "place": "",
  "departure": "US-Irving",
  "arrival": "US-Grapevine",
  "std_curr": "USD",
  "orig_curr": [
    "USD"
  ],
  "std_total": "30.57",
  "orig_total": "30.57",
  "seller_name": [
    "uber"
  ],
  "seller_address": [],
  "invoice_number": "",
  "tax_number": "",
  "detail": [
    {
      "content": "Trip fare",
      "amount": "20.29",
      "ifTax": false
    },
    {
      "content": "Dallas Fort Worth Airport Terminal Toll",
      "amount": "2.00",
      "ifTax": false
    },
    {
      "content": "DFW Airport Surcharge",
      "amount": "4.00",
      "ifTax": false
    },
    {
      "content": "Booking Fee",
      "amount": "3.85",
      "ifTax": false
    },
    {
      "content": "Texas Regulatory Recovery Fee",
      "amount": "0.43",
      "ifTax": false
    }
  ]
}