{
  "type": "other",
  "std_start_time": "2016-08-28",
  "orig_start_time": "8/28/2016",
  "std_end_time": "",
  "orig_end_time": "",
  "std_invoice_time": "2016-08-28",
  "orig_invoice_time": "8/28/2016",
  "place": "Pakistan-Islamabad",
  "departure": "Pakistan-Swabi",
  "arrival": "",
  "std_curr": "USD",
  "orig_curr": [
    "Rs"
  ],
  "std_total": "140.00",
  "orig_total": "140",
  "seller_name": [
    "Pakistan Motorways National Highway Authorit"
  ],
  "seller_address": [],
  "invoice_number": "X32B2020160828210620",
  "tax_number": "",
  "detail": [
    {
      "content": "Toll Paid Rs:",
      "amount": "140.00",
      "ifTax": false
    }
  ]
}