{
  "type": "other",
  "std_start_time": "",
  "orig_start_time": "nan",
  "std_end_time": "2024-07-07",
  "orig_end_time": "07/07/2024",
  "std_invoice_time": "2024-07-06",
  "orig_invoice_time": "06/07/2024",
  "place": "",
  "departure": "",
  "arrival": "",
  "std_curr": "PKR",
  "orig_curr": [
    "RS"
  ],
  "std_total": "60.00",
  "orig_total": "60.00",
  "seller_name": [
    "GF TOLL ROAD PUT. LTD"
  ],
  "seller_address": [],
  "invoice_number": "0633",
  "tax_number": "06AADC63265622X",
  "detail": [
    {
      "content": "Toll Fare",
      "amount": "60.00",
      "ifTax": false
    }
  ]
}