{
  "type": "other",
  "std_start_time": "2023-01-14",
  "orig_start_time": "14/Jan/2023",
  "std_end_time": "",
  "orig_end_time": "",
  "std_invoice_time": "2023-01-14",
  "orig_invoice_time": "14/Jan/2023",
  "place": "India-SHEDUNG",
  "departure": "",
  "arrival": "",
  "std_curr": "INR",
  "orig_curr": [
    "RS."
  ],
  "std_total": "61.50",
  "orig_total": "61.5",
  "seller_name": [
    "M/s. IRB MP Expressway Private Limited"
  ],
  "seller_address": [],
  "invoice_number": "230114020600116",
  "tax_number": "27AABCN3565H1ZE",
  "detail": [
    {
      "content": "Fare",
      "amount": "61.50",
      "ifTax": false
    }
  ]
}