{
  "type": "other",
  "std_start_time": "2020-03-07",
  "orig_start_time": "3/7/2020",
  "std_end_time": "",
  "orig_end_time": "",
  "std_invoice_time": "2020-03-07",
  "orig_invoice_time": "3/7/2020",
  "place": "PAK-Pindi Bhattian",
  "departure": "",
  "arrival": "",
  "std_curr": "PKR",
  "orig_curr": [
    "Rs"
  ],
  "std_total": "40.00",
  "orig_total": "40",
  "seller_name": [
    "National Highway Authority"
  ],
  "seller_address": [
    "PAK-Pindi Bhattian"
  ],
  "invoice_number": "X55520200307175025",
  "tax_number": "",
  "detail": [
    {
      "content": "Toll Amount Rs",
      "amount": "40.00",
      "ifTax": false
    }
  ]
}