{
  "type": "train",
  "std_start_time": "2019-02-23",
  "orig_start_time": "23 Feb 2019",
  "std_end_time": "",
  "orig_end_time": "",
  "std_invoice_time": "2019-02-23",
  "orig_invoice_time": "23 Feb 2019",
  "place": "CA-Toronto",
  "departure": "",
  "arrival": "",
  "std_curr": "CAD",
  "orig_curr": [
    "$"
  ],
  "std_total": "24.70",
  "orig_total": "24.70",
  "seller_name": [],
  "seller_address": [
    "CA-Toronto"
  ],
  "invoice_number": "UPX2675022 - 902",
  "tax_number": "",
  "detail": [
    {
      "content": "1× Adult Return",
      "amount": "24.70",
      "ifTax": false
    }
  ]
}