{
  "type": "other",
  "std_start_time": "",
  "orig_start_time": "",
  "std_end_time": "",
  "orig_end_time": "",
  "std_invoice_time": "",
  "orig_invoice_time": "",
  "place": "",
  "departure": "",
  "arrival": "",
  "std_curr": "USD",
  "orig_curr": [],
  "std_total": "0.00",
  "orig_total": "3,639.00",
  "seller_name": [],
  "seller_address": [],
  "invoice_number": "",
  "tax_number": "",
  "detail": [
    {
      "content": "Agent Service Charge ",
      "amount": "39.99",
      "ifTax": false
    },
    {
      "content": "IRCTC Convenience Fee ",
      "amount": "35.40",
      "ifTax": false
    },
    {
      "content": "Travel Insurance Premium ",
      "amount": "1.40",
      "ifTax": false
    },
    {
      "content": "Reward Processing Charge ",
      "amount": "81.81",
      "ifTax": false
    },
    {
      "content": "Ticket Fare ",
      "amount": "0.00",
      "ifTax": false
    }
  ]
}