{
  "type": "train",
  "std_start_time": "2025-01-31",
  "orig_start_time": "31 Jan 2025",
  "std_end_time": "",
  "orig_end_time": "",
  "std_invoice_time": "2025-01-31",
  "orig_invoice_time": "31 Jan 2025",
  "place": "",
  "departure": "NZ-Wellington",
  "arrival": "NZ-Auckland",
  "std_curr": "USD",
  "orig_curr": [],
  "std_total": "0.00",
  "orig_total": "",
  "seller_name": [
    "Northern Explorer"
  ],
  "seller_address": [],
  "invoice_number": "",
  "tax_number": "",
  "detail": []
}