{
  "type": "train",
  "std_start_time": "2022-10-16",
  "orig_start_time": "16-OCT-22",
  "std_end_time": "",
  "orig_end_time": "",
  "std_invoice_time": "2022-10-16",
  "orig_invoice_time": "16-OCT-22",
  "place": "",
  "departure": "UK-Edinburgh",
  "arrival": "UK-West Lothian",
  "std_curr": "GBP",
  "orig_curr": [
    "$"
  ],
  "std_total": "6.05",
  "orig_total": "6.05",
  "seller_name": [],
  "seller_address": [],
  "invoice_number": "43348 - 4180 - 9541 - 29 - 05 - 00",
  "tax_number": "",
  "detail": [
    {
      "content": "Adult Standard Class",
      "amount": "6.05",
      "ifTax": false
    }
  ]
}