{
  "type": "train",
  "std_start_time": "2007-09-09",
  "orig_start_time": "09SEP07",
  "std_end_time": "",
  "orig_end_time": "",
  "std_invoice_time": "2007-09-09",
  "orig_invoice_time": "09SEP07",
  "place": "",
  "departure": "",
  "arrival": "",
  "std_curr": "USD",
  "orig_curr": [
    "$"
  ],
  "std_total": "29.00",
  "orig_total": "29.00",
  "seller_name": [
    "RailCorp"
  ],
  "seller_address": [],
  "invoice_number": "1786018900",
  "tax_number": "59 325 778 353",
  "detail": [
    {
      "content": "Ticket Fare ",
      "amount": "29.00",
      "ifTax": true
    }
  ]
}