{
  "type": "train",
  "std_start_time": "2005-01-18",
  "orig_start_time": "18JAN05",
  "std_end_time": "",
  "orig_end_time": "",
  "std_invoice_time": "2005-01-18",
  "orig_invoice_time": "18JAN05",
  "place": "AUS-NSW",
  "departure": "",
  "arrival": "",
  "std_curr": "AUD",
  "orig_curr": [
    "$"
  ],
  "std_total": "5.20",
  "orig_total": "5.20",
  "seller_name": [
    "RailCorp"
  ],
  "seller_address": [
    "AUS-NSW"
  ],
  "invoice_number": "",
  "tax_number": "59 325 778 353",
  "detail": [
    {
      "content": "18JUN05",
      "amount": "5.20",
      "ifTax": true
    }
  ]
}