{
  "type": "train",
  "std_start_time": "2024-07-19",
  "orig_start_time": "19-JLY-24",
  "std_end_time": "",
  "orig_end_time": "",
  "std_invoice_time": "2024-07-19",
  "orig_invoice_time": "19-JLY-24",
  "place": "",
  "departure": "UK-London",
  "arrival": "UK-Stroud",
  "std_curr": "USD",
  "orig_curr": [
    "£"
  ],
  "std_total": "23.35",
  "orig_total": "23.35",
  "seller_name": [],
  "seller_address": [],
  "invoice_number": "190724",
  "tax_number": "",
  "detail": [
    {
      "content": "Adult Standard Class ",
      "amount": "23.35",
      "ifTax": false
    }
  ]
}