{
  "type": "bus",
  "std_start_time": "2025-06-21",
  "orig_start_time": " 21 Jun 2025",
  "std_end_time": "",
  "orig_end_time": "",
  "std_invoice_time": "",
  "orig_invoice_time": "",
  "place": "United Kingdom",
  "departure": "United Kingdom-Manchester",
  "arrival": "United Kingdom-Leeds",
  "std_curr": "GBP",
  "orig_curr": [
    "£",
    "Manchester",
    "Leeds"
  ],
  "std_total": "",
  "orig_total": "",
  "seller_name": [
    "National Express"
  ],
  "seller_address": [],
  "invoice_number": "EUSWXZ86",
  "tax_number": "GB487038714",
  "detail": []
}