{
  "type": "bus",
  "std_start_time": "2011-10-02",
  "orig_start_time": "October 02, 2011",
  "std_end_time": "",
  "orig_end_time": "",
  "std_invoice_time": "",
  "orig_invoice_time": "",
  "place": "India",
  "departure": "India-Bangalore",
  "arrival": "India-Chennai",
  "std_curr": "INR",
  "orig_curr": [
    "Rs.",
    "Bangalore"
  ],
  "std_total": "400.00",
  "orig_total": "400",
  "seller_name": [
    "redBus"
  ],
  "seller_address": [],
  "invoice_number": "TDAU98786633",
  "tax_number": "",
  "detail": [
    {
      "content": "Total Fare",
      "amount": "400.00",
      "ifTax": false
    }
  ]
}