{
  "type": "bus",
  "std_start_time": "2024-10-02",
  "orig_start_time": "02.10.2024",
  "std_end_time": "2024-10-03",
  "orig_end_time": "03.10.2024",
  "std_invoice_time": "2024-09-27",
  "orig_invoice_time": "27.09.2024",
  "place": "",
  "departure": "Finland-Helsinki",
  "arrival": "Poland-Warsaw",
  "std_curr": "EUR",
  "orig_curr": [
    "€",
    "Helsinki"
  ],
  "std_total": "2.99",
  "orig_total": "2.99 ",
  "seller_name": [
    "FLIXBUS"
  ],
  "seller_address": [
    "Estonia-Taillinn"
  ],
  "invoice_number": "flixee-3000594370",
  "tax_number": "DE 283764680",
  "detail": [
    {
      "content": "LT VAT",
      "amount": "0.86",
      "ifTax": false
    },
    {
      "content": "LT VAT",
      "amount": "0.52",
      "ifTax": false
    },
    {
      "content": "FI VAT",
      "amount": "0.11",
      "ifTax": false
    },
    {
      "content": "EE VAT",
      "amount": "0.63",
      "ifTax": false
    },
    {
      "content": "PL VAT",
      "amount": "0.87",
      "ifTax": true
    }
  ]
}