{
  "type": "bus",
  "std_start_time": "2024-09-14",
  "orig_start_time": "14.09.2024",
  "std_end_time": "",
  "orig_end_time": "",
  "std_invoice_time": "2024-09-11",
  "orig_invoice_time": "11.09.2024 ",
  "place": "",
  "departure": "Austria-Vienna",
  "arrival": "Poland-Opole",
  "std_curr": "EUR",
  "orig_curr": [
    "€",
    "Austria",
    "Poland"
  ],
  "std_total": "32.99",
  "orig_total": "32.99 ",
  "seller_name": [
    "Flix BUS"
  ],
  "seller_address": [
    "Croatia-Zagreb"
  ],
  "invoice_number": " flxice-17358337/online/3",
  "tax_number": "DE 283764680",
  "detail": [
    {
      "content": "PL VAT",
      "amount": "9.12",
      "ifTax": true
    },
    {
      "content": "CZ VAT",
      "amount": "17.21",
      "ifTax": true
    },
    {
      "content": "AT VAT",
      "amount": "6.66",
      "ifTax": true
    }
  ]
}