{
  "type": "bus",
  "std_start_time": "2025-01-14",
  "orig_start_time": "14 Jan 2025",
  "std_end_time": "",
  "orig_end_time": "",
  "std_invoice_time": "",
  "orig_invoice_time": "",
  "place": "UK-London",
  "departure": "",
  "arrival": "",
  "std_curr": "GBP",
  "orig_curr": [
    "£",
    "London"
  ],
  "std_total": "",
  "orig_total": "",
  "seller_name": [
    "National Express"
  ],
  "seller_address": [
    "United Kingdom-Birmingham"
  ],
  "invoice_number": "EUPFBE89",
  "tax_number": "GB487038714",
  "detail": []
}