{
  "type": "bus",
  "std_start_time": "2010-07-04",
  "orig_start_time": "4 Jul 2010",
  "std_end_time": "",
  "orig_end_time": "",
  "std_invoice_time": "",
  "orig_invoice_time": "",
  "place": "UK",
  "departure": "UK-Cambridge",
  "arrival": "UK-London",
  "std_curr": "GBP",
  "orig_curr": [
    "£",
    "Cambridge",
    "London"
  ],
  "std_total": "30.20",
  "orig_total": "30.20",
  "seller_name": [
    "National Express"
  ],
  "seller_address": [
    "UK-London"
  ],
  "invoice_number": "ETGFP990",
  "tax_number": "",
  "detail": [
    {
      "content": "fare",
      "amount": "29.20",
      "ifTax": false
    },
    {
      "content": "credit card fee",
      "amount": "1.00",
      "ifTax": false
    }
  ]
}