{
  "type": "other",
  "std_start_time": "2025-07-31",
  "orig_start_time": "2025-07-31",
  "std_end_time": "",
  "orig_end_time": "",
  "std_invoice_time": "2025-07-31",
  "orig_invoice_time": "2025-07-31",
  "place": "",
  "departure": "",
  "arrival": "",
  "std_curr": "",
  "orig_curr": [
    "$"
  ],
  "std_total": "719.00",
  "orig_total": "719.0",
  "seller_name": [
    "Kopitiam by Saya"
  ],
  "seller_address": [],
  "invoice_number": "C45",
  "tax_number": "",
  "detail": [
    {
      "content": "Stir Fried Morning Glory",
      "amount": "88.00",
      "ifTax": false
    },
    {
      "content": "Fish Sauce Flower Clams",
      "amount": "98.00",
      "ifTax": false
    },
    {
      "content": "Thai Shrimp Sashimi",
      "amount": "58.00",
      "ifTax": false
    },
    {
      "content": "Thai Baby Oyster Pancake",
      "amount": "118.00",
      "ifTax": false
    },
    {
      "content": "Pad Kee Mao(Pork/Beef) Pork",
      "amount": "108.00",
      "ifTax": false
    },
    {
      "content": "Mango Sticky Rice Hold",
      "amount": "68.00",
      "ifTax": false
    },
    {
      "content": "Young Coconut",
      "amount": "48.00",
      "ifTax": false
    },
    {
      "content": "Found in Bangkok",
      "amount": "68.00",
      "ifTax": false
    },
    {
      "content": "Service Charge(10%)",
      "amount": "65.40",
      "ifTax": false
    }
  ]
}