{
  "type": "other",
  "std_start_time": "2022-06-30",
  "orig_start_time": "30 June, 2022",
  "std_end_time": "",
  "orig_end_time": "",
  "std_invoice_time": "2022-06-30",
  "orig_invoice_time": "30 June, 2022",
  "place": "",
  "departure": "",
  "arrival": "",
  "std_curr": "",
  "orig_curr": [
    "EGP"
  ],
  "std_total": "63.00",
  "orig_total": "63.00",
  "seller_name": [
    "Breadfast"
  ],
  "seller_address": [],
  "invoice_number": "#3010-4498209",
  "tax_number": "",
  "detail": [
    {
      "content": "Kln Cream Cheese Grese (350g)",
      "amount": "53.00",
      "ifTax": true
    },
    {
      "content": "Delivery",
      "amount": "10.00",
      "ifTax": false
    }
  ]
}