{
  "type": "other",
  "std_start_time": "2022-02-20",
  "orig_start_time": "20 February, 2022",
  "std_end_time": "",
  "orig_end_time": "",
  "std_invoice_time": "2022-02-20",
  "orig_invoice_time": "20 February, 2022",
  "place": "",
  "departure": "",
  "arrival": "",
  "std_curr": "",
  "orig_curr": [
    "EGP"
  ],
  "std_total": "182.00",
  "orig_total": "182.00",
  "seller_name": [
    "Breadfast"
  ],
  "seller_address": [],
  "invoice_number": "#2015-2631444",
  "tax_number": "",
  "detail": [
    {
      "content": "Feteer Meshaltet Large",
      "amount": "60.00",
      "ifTax": false
    },
    {
      "content": "Feteer Meshaltet Medium",
      "amount": "70.00",
      "ifTax": false
    },
    {
      "content": "Roumi - Medium (200g)",
      "amount": "24.00",
      "ifTax": false
    },
    {
      "content": "Cottage Cheese (250g)",
      "amount": "12.75",
      "ifTax": false
    },
    {
      "content": "Lamar Skimmed Milk Pack Of 6 (1L)",
      "amount": "108.00",
      "ifTax": false
    },
    {
      "content": "Discount",
      "amount": "-102.75",
      "ifTax": false
    },
    {
      "content": "Delivery",
      "amount": "10.00",
      "ifTax": false
    }
  ]
}