{
  "type": "other",
  "std_start_time": "2025-09-18",
  "orig_start_time": "18/09/2025",
  "std_end_time": "",
  "orig_end_time": "",
  "std_invoice_time": "2025-09-18",
  "orig_invoice_time": "18/09/2025",
  "place": "",
  "departure": "",
  "arrival": "",
  "std_curr": "",
  "orig_curr": [
    "$"
  ],
  "std_total": "1,226.00",
  "orig_total": "1226.00",
  "seller_name": [
    "TOKYOLIMA"
  ],
  "seller_address": [],
  "invoice_number": "",
  "tax_number": "",
  "detail": [
    {
      "content": "Lima Tasting Menu(TL)",
      "amount": "796.00",
      "ifTax": false
    },
    {
      "content": "La Causa PCS (LTM)(TL)",
      "amount": "0.00",
      "ifTax": false
    },
    {
      "content": "SS Salad (LTM)(TL)",
      "amount": "0.00",
      "ifTax": false
    },
    {
      "content": "Ceviche Clasico (LTM)(TL)",
      "amount": "0.00",
      "ifTax": false
    },
    {
      "content": "Lima ADM ON (TLM)(TL)",
      "amount": "68.00",
      "ifTax": false
    },
    {
      "content": "Akami Nori Tiradito",
      "amount": "0.00",
      "ifTax": false
    },
    {
      "content": "Slow Cooked Pork Belly (LTM)(TL)",
      "amount": "0.00",
      "ifTax": false
    },
    {
      "content": "Broccoli (LTM)(TL)",
      "amount": "0.00",
      "ifTax": false
    },
    {
      "content": "Tacu Tacu (LTM)(TL)",
      "amount": "0.00",
      "ifTax": false
    },
    {
      "content": "Free for you (LTM)(TL)",
      "amount": "0.00",
      "ifTax": false
    },
    {
      "content": "Nikkei Free Spirit (TL)",
      "amount": "78.00",
      "ifTax": false
    },
    {
      "content": "Dont Make!",
      "amount": "0.00",
      "ifTax": false
    },
    {
      "content": "Izanami (TL)",
      "amount": "128.00",
      "ifTax": false
    },
    {
      "content": "Dont Make!",
      "amount": "0.00",
      "ifTax": false
    },
    {
      "content": "Infinite Journey (TL)",
      "amount": "78.00",
      "ifTax": false
    },
    {
      "content": "Purple Sea (TL)",
      "amount": "78.00",
      "ifTax": false
    },
    {
      "content": "10% Service Charge",
      "amount": "0.00",
      "ifTax": false
    }
  ]
}