{
  "type": "other",
  "std_start_time": "2023-05-05",
  "orig_start_time": "05/05/23",
  "std_end_time": "",
  "orig_end_time": "",
  "std_invoice_time": "2023-05-05",
  "orig_invoice_time": "05/05/23",
  "place": "",
  "departure": "",
  "arrival": "",
  "std_curr": "EGP",
  "orig_curr": [
    "LE"
  ],
  "std_total": "20.00",
  "orig_total": "20.00",
  "seller_name": [
    "Emarat Misr"
  ],
  "seller_address": [],
  "invoice_number": "0000203-P2000141942",
  "tax_number": "",
  "detail": [
    {
      "content": "FITNESS strawberry C pcs",
      "amount": "20.00",
      "ifTax": false
    }
  ]
}