{
  "type": "other",
  "std_start_time": "2022-12-10",
  "orig_start_time": "10 December, 2022",
  "std_end_time": "",
  "orig_end_time": "",
  "std_invoice_time": "2022-12-10",
  "orig_invoice_time": "10 December, 2022",
  "place": "Egypt-Obour City",
  "departure": "",
  "arrival": "",
  "std_curr": "EGP",
  "orig_curr": [
    "EGP",
    "Obour City"
  ],
  "std_total": "201.63",
  "orig_total": "201.63",
  "seller_name": [
    "Breadfast"
  ],
  "seller_address": [
    "Egypt-Obour City"
  ],
  "invoice_number": "#1010-6796197",
  "tax_number": "",
  "detail": [
    {
      "content": "Petits Pains",
      "amount": "7.50",
      "ifTax": true
    },
    {
      "content": "Discount",
      "amount": "-1.00",
      "ifTax": true
    },
    {
      "content": "Delivery",
      "amount": "20.00",
      "ifTax": true
    },
    {
      "content": "Current Balance",
      "amount": "-2.62",
      "ifTax": true
    },
    {
      "content": "Mini Baladi Bread",
      "amount": "5.00",
      "ifTax": true
    },
    {
      "content": "Mini Snaml Bread",
      "amount": "5.00",
      "ifTax": true
    },
    {
      "content": "Nestle Mega Chocolate Ice Cream",
      "amount": "10.25",
      "ifTax": true
    },
    {
      "content": "Auqfina Natural Water Carton",
      "amount": "59.50",
      "ifTax": true
    },
    {
      "content": "Pepsi Plastic Bottle",
      "amount": "10.00",
      "ifTax": true
    },
    {
      "content": "7up Plastic Bottle",
      "amount": "10.00",
      "ifTax": true
    },
    {
      "content": "Juhayna Mix Chocolate",
      "amount": "12.50",
      "ifTax": true
    },
    {
      "content": "Juhayna Full Cream Milk",
      "amount": "12.50",
      "ifTax": true
    },
    {
      "content": "Juhayna Classic Mango",
      "amount": "10.00",
      "ifTax": true
    },
    {
      "content": "Juhayna Classic Guaya",
      "amount": "10.00",
      "ifTax": true
    },
    {
      "content": "White Baby Wipes",
      "amount": "33.00",
      "ifTax": false
    }
  ]
}