{
  "type": "other",
  "std_start_time": "2024-02-14",
  "orig_start_time": "2/14/24",
  "std_end_time": "",
  "orig_end_time": "",
  "std_invoice_time": "",
  "orig_invoice_time": "",
  "place": "USA-Kyle",
  "departure": "",
  "arrival": "",
  "std_curr": "USD",
  "orig_curr": [
    "$",
    "Kyle"
  ],
  "std_total": "40.42",
  "orig_total": "40.42",
  "seller_name": [
    "Mighty Fine Burgers Fries and Shakes"
  ],
  "seller_address": [
    "USA-Kyle"
  ],
  "invoice_number": "48",
  "tax_number": "",
  "detail": [
    {
      "content": "2 1/2 lb Cheeseburger",
      "amount": "19.96",
      "ifTax": false
    },
    {
      "content": "2 Fresh Cut Crinkle Fries",
      "amount": "5.98",
      "ifTax": false
    },
    {
      "content": "2 22oz Fountain Drink",
      "amount": "5.58",
      "ifTax": false
    },
    {
      "content": "Tax",
      "amount": "2.60",
      "ifTax": true
    },
    {
      "content": "Tip",
      "amount": "6.30",
      "ifTax": false
    }
  ]
}