{
  "type": "other",
  "std_start_time": "",
  "orig_start_time": "",
  "std_end_time": "",
  "orig_end_time": "",
  "std_invoice_time": "2025-11-01",
  "orig_invoice_time": "01.11.2025",
  "place": "India-Delhi",
  "departure": "",
  "arrival": "",
  "std_curr": "INR",
  "orig_curr": [
    "₹",
    "Delhi"
  ],
  "std_total": "899.00",
  "orig_total": "899.00",
  "seller_name": [
    "CLICKTECH RETAIL PRIVATE LIMITED"
  ],
  "seller_address": [
    "India-Gurugram"
  ],
  "invoice_number": "DED4-2761955",
  "tax_number": "06AAJCC9783E1ZB",
  "detail": [
    {
      "content": "boAt Airdopes 131 Bluetooth Truly Wireless in Ear Earbuds with Mic (Midnight Blue) | B088FKDVL2 (B088FKDVL2)",
      "amount": "899.00",
      "ifTax": true
    },
    {
      "content": "Shipping Charges",
      "amount": "0.00",
      "ifTax": true
    }
  ]
}