{
  "type": "other",
  "std_start_time": "2021-10-15",
  "orig_start_time": "10/15/21",
  "std_end_time": "",
  "orig_end_time": "",
  "std_invoice_time": "2021-10-15",
  "orig_invoice_time": "10/15/21",
  "place": "USA-Kyle",
  "departure": "",
  "arrival": "",
  "std_curr": "USD",
  "orig_curr": [
    "$",
    "Kyle"
  ],
  "std_total": "8.31",
  "orig_total": "$8.31",
  "seller_name": [
    "Summer Moon Coffee"
  ],
  "seller_address": [
    "USA-Kyle"
  ],
  "invoice_number": "",
  "tax_number": "",
  "detail": [
    {
      "content": "1 20oz Americano",
      "amount": "4.00",
      "ifTax": false
    },
    {
      "content": "16oz Drip coffee Velet Blaze",
      "amount": "2.75",
      "ifTax": false
    },
    {
      "content": "Tax",
      "amount": "0.56",
      "ifTax": true
    },
    {
      "content": "Tip",
      "amount": "1.00",
      "ifTax": false
    }
  ]
}