{
  "type": "other",
  "std_start_time": "2022-04-10",
  "orig_start_time": "4/10/2022",
  "std_end_time": "",
  "orig_end_time": "",
  "std_invoice_time": "2022-04-10",
  "orig_invoice_time": "4/10/2022",
  "place": "Egypt-Giza",
  "departure": "",
  "arrival": "",
  "std_curr": "EGP",
  "orig_curr": [
    "LE",
    "Giza"
  ],
  "std_total": "209.00",
  "orig_total": "209.00",
  "seller_name": [
    "Gourmet Food Stores"
  ],
  "seller_address": [
    "Egypt-Giza"
  ],
  "invoice_number": "811844",
  "tax_number": "",
  "detail": [
    {
      "content": "HIPRO Cookies & Cream",
      "amount": "25.00",
      "ifTax": true
    },
    {
      "content": "Dr Pepper Zero sugarDri",
      "amount": "42.00",
      "ifTax": true
    },
    {
      "content": "Dr Pepper Zero sugarDri",
      "amount": "42.00",
      "ifTax": true
    },
    {
      "content": "Chia Pudding banana 21",
      "amount": "50.00",
      "ifTax": true
    },
    {
      "content": "Chia Pudding banana 21",
      "amount": "50.00",
      "ifTax": false
    }
  ]
}