{
  "type": "other",
  "std_start_time": "2025-06-01",
  "orig_start_time": "2025-06-01 ",
  "std_end_time": "",
  "orig_end_time": "",
  "std_invoice_time": "2025-06-01 ",
  "orig_invoice_time": "2025-06-01 ",
  "place": "",
  "departure": "",
  "arrival": "",
  "std_curr": "",
  "orig_curr": [
    "$"
  ],
  "std_total": "785.00",
  "orig_total": "785.0",
  "seller_name": [
    "Kopitiam by Saya"
  ],
  "seller_address": [],
  "invoice_number": "E53",
  "tax_number": "",
  "detail": [
    {
      "content": "Thai Chicken Feet Salad",
      "amount": "68.00",
      "ifTax": false
    },
    {
      "content": "Fish Sauce Flower Clams",
      "amount": "98.00",
      "ifTax": false
    },
    {
      "content": "Grilled Giant River Prawn",
      "amount": "48.00",
      "ifTax": false
    },
    {
      "content": "Stir Fried Morning Glory",
      "amount": "88.00",
      "ifTax": false
    },
    {
      "content": "Crab Curry Softshell Crab Seafood/ Tiger Prawn Pad Thai",
      "amount": "128.00",
      "ifTax": false
    },
    {
      "content": "Virgin Colada Sunset",
      "amount": "48.00",
      "ifTax": false
    },
    {
      "content": "Crab Curry Softshell Crab",
      "amount": "188.00",
      "ifTax": false
    },
    {
      "content": "Service Charge(10%)",
      "amount": "71.40",
      "ifTax": false
    },
    {
      "content": "Sunset",
      "amount": "48.00",
      "ifTax": false
    }
  ]
}