{
  "type": "other",
  "std_start_time": "2023-04-29",
  "orig_start_time": "29/04/23",
  "std_end_time": "",
  "orig_end_time": "",
  "std_invoice_time": "2023-04-29",
  "orig_invoice_time": "29/04/23",
  "place": "",
  "departure": "",
  "arrival": "",
  "std_curr": "",
  "orig_curr": [
    "LE"
  ],
  "std_total": "208.00",
  "orig_total": "208.00",
  "seller_name": [
    "Emarat Misr"
  ],
  "seller_address": [],
  "invoice_number": "",
  "tax_number": "",
  "detail": [
    {
      "content": "TURKISH COFFEE MEHAW pcs",
      "amount": "30.00",
      "ifTax": true
    },
    {
      "content": "Marlboro Crafted Gol 2 pcs @ 44.00",
      "amount": "88.00",
      "ifTax": true
    },
    {
      "content": "Deep Smile 1 pcs",
      "amount": "90.00",
      "ifTax": true
    }
  ]
}