{
  "type": "other",
  "std_start_time": "2022-05-24",
  "orig_start_time": "2022-05-24",
  "std_end_time": "",
  "orig_end_time": "",
  "std_invoice_time": "2022-05-24",
  "orig_invoice_time": "2022-05-24",
  "place": "Egypt-Cairo",
  "departure": "",
  "arrival": "",
  "std_curr": "EGP",
  "orig_curr": [
    "L.E",
    "Cairo",
    "Egypt"
  ],
  "std_total": "134.00",
  "orig_total": "134.00",
  "seller_name": [
    "Abu Auf"
  ],
  "seller_address": [
    "Egypt-Cairo"
  ],
  "invoice_number": "",
  "tax_number": "",
  "detail": [
    {
      "content": "Qafilah Sokarry Dates 400gm",
      "amount": "130.00",
      "ifTax": true
    },
    {
      "content": "Water 600 ml",
      "amount": "4.00",
      "ifTax": true
    },
    {
      "content": "Qafilah Sokarry Dates 400gm",
      "amount": "0.00",
      "ifTax": false
    }
  ]
}