{
  "type": "other",
  "std_start_time": "2025-06-17",
  "orig_start_time": "2025/06/17",
  "std_end_time": "",
  "orig_end_time": "",
  "std_invoice_time": "2025-06-17",
  "orig_invoice_time": "2025/06/17",
  "place": "",
  "departure": "",
  "arrival": "",
  "std_curr": "",
  "orig_curr": [
    "$"
  ],
  "std_total": "864.00",
  "orig_total": "864",
  "seller_name": [
    "Bingo and Cook"
  ],
  "seller_address": [],
  "invoice_number": "764-5272",
  "tax_number": "",
  "detail": [
    {
      "content": "Female crab",
      "amount": "348.00",
      "ifTax": false
    },
    {
      "content": "Female crab",
      "amount": "348.00",
      "ifTax": false
    },
    {
      "content": "Add chicken",
      "amount": "0.00",
      "ifTax": false
    },
    {
      "content": "Lotte Milkis Orig Flavour 250ml",
      "amount": "0.00",
      "ifTax": false
    },
    {
      "content": "Coke",
      "amount": "0.00",
      "ifTax": false
    },
    {
      "content": "50. Korean Ginseng Chicken Soup Cooked with Herbs",
      "amount": "168.00",
      "ifTax": false
    }
  ]
}