{
  "type": "other",
  "std_start_time": "2025-08-18",
  "orig_start_time": "2025-08-18",
  "std_end_time": "",
  "orig_end_time": "",
  "std_invoice_time": "2025-08-18",
  "orig_invoice_time": "2025-08-18",
  "place": "",
  "departure": "",
  "arrival": "",
  "std_curr": "",
  "orig_curr": [
    "Hong Kong",
    "$"
  ],
  "std_total": "1,953.60",
  "orig_total": "1,953.60",
  "seller_name": [
    "Cucina Dining Room"
  ],
  "seller_address": [],
  "invoice_number": "",
  "tax_number": "",
  "detail": [
    {
      "content": "TASTING MENU $888",
      "amount": "1,776.00",
      "ifTax": false
    },
    {
      "content": "SC Total",
      "amount": "177.60",
      "ifTax": true
    }
  ]
}