{
  "type": "other",
  "std_start_time": "2022-06-21",
  "orig_start_time": "21/6/2022",
  "std_end_time": "",
  "orig_end_time": "",
  "std_invoice_time": "2022-06-21",
  "orig_invoice_time": "21/6/2022",
  "place": "Egypt-Cairo",
  "departure": "",
  "arrival": "",
  "std_curr": "EGP",
  "orig_curr": [
    "LE",
    "Cairo"
  ],
  "std_total": "907.84",
  "orig_total": "907.84",
  "seller_name": [
    "GOURMET FOOD STORES"
  ],
  "seller_address": [
    "Egypt-Cairo"
  ],
  "invoice_number": "",
  "tax_number": "",
  "detail": [
    {
      "content": "HD Dulce De Leche 460ml",
      "amount": "185.00",
      "ifTax": false
    },
    {
      "content": "HD Dulce De Leche 460ml",
      "amount": "185.00",
      "ifTax": false
    },
    {
      "content": "Bananas, Ecuador",
      "amount": "108.40",
      "ifTax": false
    },
    {
      "content": "Samyang Hot Chicken&Che",
      "amount": "188.00",
      "ifTax": false
    },
    {
      "content": "ItalianForDILatteMozzarella",
      "amount": "68.20",
      "ifTax": false
    },
    {
      "content": "Reese'sPeanut Butter Cups5",
      "amount": "25.00",
      "ifTax": false
    },
    {
      "content": "Reese'sPeanut Butter Cups5",
      "amount": "25.00",
      "ifTax": false
    },
    {
      "content": "Apple Green, Imported",
      "amount": "123.24",
      "ifTax": false
    }
  ]
}