{
  "type": "other",
  "std_start_time": "2025-06-30",
  "orig_start_time": "2025-06-30",
  "std_end_time": "",
  "orig_end_time": "",
  "std_invoice_time": "2025-06-30",
  "orig_invoice_time": "2025-06-30",
  "place": "",
  "departure": "",
  "arrival": "",
  "std_curr": "",
  "orig_curr": [
    "$"
  ],
  "std_total": "704.00",
  "orig_total": "704",
  "seller_name": [
    "Kailash Parbat"
  ],
  "seller_address": [],
  "invoice_number": "",
  "tax_number": "",
  "detail": [
    {
      "content": "CHEESE BUTTER MASALA",
      "amount": "128.00",
      "ifTax": false
    },
    {
      "content": "GARLIC NAAN[Butter]",
      "amount": "45.00",
      "ifTax": false
    },
    {
      "content": "BORIVALIKI DABELI",
      "amount": "79.00",
      "ifTax": false
    },
    {
      "content": "CHEESY BROCOLI TIKKA",
      "amount": "109.00",
      "ifTax": false
    },
    {
      "content": "LASSI-MALAI MARKE[Mango]",
      "amount": "65.00",
      "ifTax": false
    },
    {
      "content": "CHILLI GUAVA",
      "amount": "65.00",
      "ifTax": false
    },
    {
      "content": "BOMBAY BASKET CHAAT",
      "amount": "109.00",
      "ifTax": false
    },
    {
      "content": "Big Minerl Water",
      "amount": "25.00",
      "ifTax": false
    },
    {
      "content": "MINERAL WATER",
      "amount": "15.00",
      "ifTax": false
    },
    {
      "content": "10% service charge",
      "amount": "64.00",
      "ifTax": false
    }
  ]
}