{
  "type": "other",
  "std_start_time": "2021-10-09",
  "orig_start_time": "2021/10/09",
  "std_end_time": "",
  "orig_end_time": "",
  "std_invoice_time": "2021-10-09",
  "orig_invoice_time": "2021/10/09",
  "place": "",
  "departure": "",
  "arrival": "",
  "std_curr": "",
  "orig_curr": [
    "EGP"
  ],
  "std_total": "39.00",
  "orig_total": "39.00",
  "seller_name": [
    "Dunkin' Egypt"
  ],
  "seller_address": [],
  "invoice_number": "",
  "tax_number": "382107586",
  "detail": [
    {
      "content": "Hayat Water",
      "amount": "7.01",
      "ifTax": false
    },
    {
      "content": "Cream Cheese Bagel",
      "amount": "27.18",
      "ifTax": false
    },
    {
      "content": "Vat(14.0%)",
      "amount": "4.79",
      "ifTax": true
    }
  ]
}