{
  "type": "other",
  "std_start_time": "2018-06-27",
  "orig_start_time": "27/06/2018",
  "std_end_time": "",
  "orig_end_time": "",
  "std_invoice_time": "2018-06-27",
  "orig_invoice_time": "27/06/2018",
  "place": "India-Hyderabad",
  "departure": "",
  "arrival": "",
  "std_curr": "INR",
  "orig_curr": [
    "Rupees",
    "Hyderabad"
  ],
  "std_total": "314.00",
  "orig_total": "314.0",
  "seller_name": [
    "Delicacy Hospitality India Pvt Ltd"
  ],
  "seller_address": [
    "India-Hyderabad"
  ],
  "invoice_number": "",
  "tax_number": "36AAFCD6456M2Z5",
  "detail": [
    {
      "content": "GOLD MUTTON COMBO",
      "amount": "299.00",
      "ifTax": false
    },
    {
      "content": "CGST@2.5%",
      "amount": "7.47",
      "ifTax": true
    },
    {
      "content": "SGST@2.5%",
      "amount": "7.47",
      "ifTax": true
    }
  ]
}