{
  "type": "other",
  "std_start_time": "2023-11-26",
  "orig_start_time": "26/11/2023",
  "std_end_time": "",
  "orig_end_time": "",
  "std_invoice_time": "2023-11-26",
  "orig_invoice_time": "26/11/2023",
  "place": "",
  "departure": "",
  "arrival": "",
  "std_curr": "",
  "orig_curr": [
    "SAR"
  ],
  "std_total": "15.00",
  "orig_total": "15.00",
  "seller_name": [
    "KFC"
  ],
  "seller_address": [],
  "invoice_number": "32",
  "tax_number": "300056145400003",
  "detail": [
    {
      "content": "Sub Total(VAT-Exclusive）",
      "amount": "13.04",
      "ifTax": false
    },
    {
      "content": "Total VAT 15%",
      "amount": "1.96",
      "ifTax": true
    }
  ]
}