{
  "type": "other",
  "std_start_time": "2023-09-05",
  "orig_start_time": "5 September, 2023",
  "std_end_time": "",
  "orig_end_time": "",
  "std_invoice_time": "2023-09-05",
  "orig_invoice_time": "5 September, 2023",
  "place": "",
  "departure": "",
  "arrival": "",
  "std_curr": "EGP",
  "orig_curr": [
    "EGP"
  ],
  "std_total": "116.75",
  "orig_total": "116.75",
  "seller_name": [
    "Breadfast"
  ],
  "seller_address": [],
  "invoice_number": "#59-11614003",
  "tax_number": "538-096-330",
  "detail": [
    {
      "content": "Nutella Donut",
      "amount": "32.00",
      "ifTax": true
    },
    {
      "content": "Lotus Donut",
      "amount": "32.00",
      "ifTax": true
    },
    {
      "content": "Iced Salted Caramel Latte",
      "amount": "65.00",
      "ifTax": true
    },
    {
      "content": "Discount",
      "amount": "-32.25",
      "ifTax": true
    },
    {
      "content": "Delivery",
      "amount": "20.00",
      "ifTax": true
    }
  ]
}