{
  "type": "other",
  "std_start_time": "2025-09-30",
  "orig_start_time": "2025/09/30",
  "std_end_time": "",
  "orig_end_time": "",
  "std_invoice_time": "",
  "orig_invoice_time": "",
  "place": "",
  "departure": "",
  "arrival": "",
  "std_curr": "",
  "orig_curr": [
    "$"
  ],
  "std_total": "1,377.00",
  "orig_total": "1,377.00",
  "seller_name": [
    "The Grill Room"
  ],
  "seller_address": [],
  "invoice_number": "0000121963",
  "tax_number": "",
  "detail": [
    {
      "content": "$928 Set for 2",
      "amount": "928.00",
      "ifTax": false
    },
    {
      "content": "Steak Tartare",
      "amount": "28.00",
      "ifTax": false
    },
    {
      "content": "10oz Sirloin Steak",
      "amount": "128.00",
      "ifTax": false
    },
    {
      "content": "Beef Ragu Pappardelle",
      "amount": "168.00",
      "ifTax": false
    },
    {
      "content": "Service Charge",
      "amount": "125.20",
      "ifTax": false
    }
  ]
}