{
  "type": "other",
  "std_start_time": "2023-04-04",
  "orig_start_time": "4/4/2023",
  "std_end_time": "",
  "orig_end_time": "",
  "std_invoice_time": "2023-04-04",
  "orig_invoice_time": "4/4/2023",
  "place": "Egypt-Cairo",
  "departure": "",
  "arrival": "",
  "std_curr": "EGP",
  "orig_curr": [
    "LE",
    "Cairo"
  ],
  "std_total": "193.00",
  "orig_total": "193.00",
  "seller_name": [
    "Gourmet Food Stores"
  ],
  "seller_address": [
    "Egypt-Cairo"
  ],
  "invoice_number": "",
  "tax_number": "",
  "detail": [
    {
      "content": "Arrabiatta Pasta Sauce",
      "amount": "85.00",
      "ifTax": true
    },
    {
      "content": "Moca 41% Mix Chic Plate",
      "amount": "80.00",
      "ifTax": true
    },
    {
      "content": "Milrama FreshMilk Choc",
      "amount": "28.00",
      "ifTax": true
    }
  ]
}