{
  "type": "other",
  "std_start_time": "2023-07-05",
  "orig_start_time": "July 5, 2023",
  "std_end_time": "",
  "orig_end_time": "",
  "std_invoice_time": "2023-07-05",
  "orig_invoice_time": "July 5, 2023",
  "place": "USA-Kyle",
  "departure": "",
  "arrival": "",
  "std_curr": "USD",
  "orig_curr": [
    "$",
    "Kyle"
  ],
  "std_total": "8.47",
  "orig_total": "8.47",
  "seller_name": [
    "Kyle's Daily Grind"
  ],
  "seller_address": [
    "USA-Kyle"
  ],
  "invoice_number": "tKKu",
  "tax_number": "",
  "detail": [
    {
      "content": "Americano HOT, Large 20oz, Half & Half",
      "amount": "3.95",
      "ifTax": false
    },
    {
      "content": "Americano HOT, Small 12oz, Decaf",
      "amount": "2.95",
      "ifTax": false
    },
    {
      "content": "Sales Tax",
      "amount": "0.57",
      "ifTax": true
    },
    {
      "content": "Tip",
      "amount": "1.00",
      "ifTax": false
    }
  ]
}