{
  "type": "other",
  "std_start_time": "2025-06-08",
  "orig_start_time": "08/06/2025",
  "std_end_time": "",
  "orig_end_time": "",
  "std_invoice_time": "2025-06-08",
  "orig_invoice_time": "08/06/2025",
  "place": "",
  "departure": "",
  "arrival": "",
  "std_curr": "",
  "orig_curr": [],
  "std_total": "565.00",
  "orig_total": "565.0",
  "seller_name": [
    "Thai Simple Kitchen"
  ],
  "seller_address": [],
  "invoice_number": "1250608-0069",
  "tax_number": "",
  "detail": [
    {
      "content": "Spicy Pork Spareribs",
      "amount": "75.00",
      "ifTax": false
    },
    {
      "content": "Pineapple Fried Rice",
      "amount": "128.00",
      "ifTax": false
    },
    {
      "content": "Grilled Pork Neck Sa",
      "amount": "108.00",
      "ifTax": false
    },
    {
      "content": "Sauteed Morning Glo",
      "amount": "95.00",
      "ifTax": false
    },
    {
      "content": "Honey Citron and Gr",
      "amount": "48.00",
      "ifTax": false
    },
    {
      "content": "Pineapple Juice + M",
      "amount": "60.00",
      "ifTax": false
    },
    {
      "content": "S.C.",
      "amount": "51.40",
      "ifTax": true
    }
  ]
}