{
  "type": "other",
  "std_start_time": "2022-07-29",
  "orig_start_time": "29 July,2022",
  "std_end_time": "",
  "orig_end_time": "",
  "std_invoice_time": "2022-07-29",
  "orig_invoice_time": "29 July,2022",
  "place": "",
  "departure": "",
  "arrival": "",
  "std_curr": "EGP",
  "orig_curr": [
    "EGP"
  ],
  "std_total": "178.99",
  "orig_total": "178.99",
  "seller_name": [
    "Breadfast"
  ],
  "seller_address": [],
  "invoice_number": "#2915-4948519",
  "tax_number": "",
  "detail": [
    {
      "content": "5 Petits Pains",
      "amount": "18.00",
      "ifTax": false
    },
    {
      "content": "Mainz Cheddar Cheese (200g)",
      "amount": "44.75",
      "ifTax": false
    },
    {
      "content": "12 Brown Eggs",
      "amount": "41.50",
      "ifTax": false
    },
    {
      "content": "Clorox Color Regular (2L)",
      "amount": "44.99",
      "ifTax": false
    },
    {
      "content": "Danone Tasty Yogurt Strawberry (120g)",
      "amount": "22.00",
      "ifTax": false
    },
    {
      "content": "Delivery",
      "amount": "10.00",
      "ifTax": false
    },
    {
      "content": "Current Balance",
      "amount": "-2.25",
      "ifTax": false
    }
  ]
}