{
  "type": "other",
  "std_start_time": "2021-10-15",
  "orig_start_time": "15/10/2021",
  "std_end_time": "",
  "orig_end_time": "",
  "std_invoice_time": "2021-10-15",
  "orig_invoice_time": "15/10/2021",
  "place": " Egypt",
  "departure": "",
  "arrival": "",
  "std_curr": "",
  "orig_curr": [
    "LE"
  ],
  "std_total": "26.00",
  "orig_total": "26.00",
  "seller_name": [
    "GOURMET FOOD STORES"
  ],
  "seller_address": [
    " Egypt"
  ],
  "invoice_number": "",
  "tax_number": "",
  "detail": [
    {
      "content": "JuhaynaGreekYogurtBerries",
      "amount": "20.00",
      "ifTax": false
    },
    {
      "content": "Milkman Light Creamy Yogo",
      "amount": "6.00",
      "ifTax": false
    }
  ]
}