{
  "type": "other",
  "std_start_time": "2023-08-06",
  "orig_start_time": "06.08.2023",
  "std_end_time": "",
  "orig_end_time": "",
  "std_invoice_time": "2023-08-06",
  "orig_invoice_time": "06.08.2023",
  "place": "",
  "departure": "",
  "arrival": "",
  "std_curr": "",
  "orig_curr": [
    "EGP"
  ],
  "std_total": "211.63",
  "orig_total": "211.63",
  "seller_name": [
    "Lulu Hypermarket"
  ],
  "seller_address": [],
  "invoice_number": "",
  "tax_number": "",
  "detail": [
    {
      "content": "MyMeat Smoked Turkey Breast",
      "amount": "57.19",
      "ifTax": false
    },
    {
      "content": "Nestle IceCream Chocolate 31t",
      "amount": "88.00",
      "ifTax": false
    },
    {
      "content": "Indo.Jumbo Noodles Veg.100g",
      "amount": "32.50",
      "ifTax": false
    },
    {
      "content": "Freska Water .Stk Cocoa&Hznt",
      "amount": "3.00",
      "ifTax": false
    },
    {
      "content": "Potato",
      "amount": "30.94",
      "ifTax": false
    }
  ]
}