{
  "type": "other",
  "std_start_time": "2022-05-30",
  "orig_start_time": "30 May, 2022",
  "std_end_time": "",
  "orig_end_time": "",
  "std_invoice_time": "2022-05-30",
  "orig_invoice_time": "30 May, 2022",
  "place": "",
  "departure": "",
  "arrival": "",
  "std_curr": "EGP",
  "orig_curr": [
    "EGP"
  ],
  "std_total": "328.96",
  "orig_total": "328.96",
  "seller_name": [
    "Breadfast"
  ],
  "seller_address": [],
  "invoice_number": "#3019-4031860",
  "tax_number": "",
  "detail": [
    {
      "content": "Almarai Full Cream Milk Pack Of 6 (6x1L)",
      "amount": "126.00",
      "ifTax": false
    },
    {
      "content": "[B] Almarai Full Cream Milk (1L)",
      "amount": "0.00",
      "ifTax": false
    },
    {
      "content": "Juhayna Full Cream Milk (1L)",
      "amount": "210.00",
      "ifTax": false
    },
    {
      "content": "Discount",
      "amount": "-17.04",
      "ifTax": false
    },
    {
      "content": "Delivery",
      "amount": "10.00",
      "ifTax": false
    }
  ]
}