{
  "type": "other",
  "std_start_time": "2025-09-18",
  "orig_start_time": "18/09/2025",
  "std_end_time": "",
  "orig_end_time": "",
  "std_invoice_time": "2025-09-18",
  "orig_invoice_time": "18/09/2025",
  "place": "",
  "departure": "",
  "arrival": "",
  "std_curr": "",
  "orig_curr": [],
  "std_total": "1,201.00",
  "orig_total": "1,201.00",
  "seller_name": [
    "Quiero Mas"
  ],
  "seller_address": [],
  "invoice_number": "",
  "tax_number": "",
  "detail": [
    {
      "content": "Steak Tartare (DC)",
      "amount": "0.00",
      "ifTax": false
    },
    {
      "content": "QM Colada",
      "amount": "98.00",
      "ifTax": false
    },
    {
      "content": "QM Mojito",
      "amount": "98.00",
      "ifTax": false
    },
    {
      "content": "iFoodie -",
      "amount": "0.00",
      "ifTax": false
    },
    {
      "content": "Chef's Tasting Menu",
      "amount": "896.00",
      "ifTax": false
    },
    {
      "content": "Crab Cake (CTM)",
      "amount": "0.00",
      "ifTax": false
    },
    {
      "content": "10% service charge",
      "amount": "109.20",
      "ifTax": false
    }
  ]
}