{
  "type": "other",
  "std_start_time": "2022-02-20",
  "orig_start_time": "20/02/2022",
  "std_end_time": "",
  "orig_end_time": "",
  "std_invoice_time": "2022-02-20",
  "orig_invoice_time": "20/02/2022",
  "place": "Egypt-Giza",
  "departure": "",
  "arrival": "",
  "std_curr": "EGP",
  "orig_curr": [
    "LE",
    "Giza"
  ],
  "std_total": "121.74",
  "orig_total": "121.74",
  "seller_name": [
    "GOURMET FOOD STORES"
  ],
  "seller_address": [
    "Egypt-Giza"
  ],
  "invoice_number": "",
  "tax_number": "",
  "detail": [
    {
      "content": "Alexandria Barrel Cheese",
      "amount": "24.90",
      "ifTax": false
    },
    {
      "content": "Red Cheddar",
      "amount": "46.80",
      "ifTax": false
    },
    {
      "content": "Red Cheddar",
      "amount": "50.04",
      "ifTax": false
    }
  ]
}