{
  "type": "other",
  "std_start_time": "2025-11-04",
  "orig_start_time": "04/11/2025",
  "std_end_time": "",
  "orig_end_time": "",
  "std_invoice_time": "2025-11-04",
  "orig_invoice_time": "04/11/2025",
  "place": "",
  "departure": "",
  "arrival": "",
  "std_curr": "",
  "orig_curr": [],
  "std_total": "391.00",
  "orig_total": "391.0",
  "seller_name": [
    "Burger Mate"
  ],
  "seller_address": [],
  "invoice_number": "",
  "tax_number": "",
  "detail": [
    {
      "content": "Black Truffle",
      "amount": "125.00",
      "ifTax": false
    },
    {
      "content": "Chicken Burger",
      "amount": "98.00",
      "ifTax": false
    },
    {
      "content": "Black Truffle Fries",
      "amount": "65.00",
      "ifTax": false
    },
    {
      "content": "Fried Chicken",
      "amount": "68.00",
      "ifTax": false
    },
    {
      "content": "Banana Milkshake",
      "amount": "35.00",
      "ifTax": false
    }
  ]
}