{
  "type": "other",
  "std_start_time": "2025-08-17",
  "orig_start_time": "17/08/2025",
  "std_end_time": "",
  "orig_end_time": "",
  "std_invoice_time": "2025-08-17",
  "orig_invoice_time": "17/08/2025",
  "place": "",
  "departure": "",
  "arrival": "",
  "std_curr": "",
  "orig_curr": [],
  "std_total": "523.00",
  "orig_total": "523.0",
  "seller_name": [
    "Thai Simple Kitchen"
  ],
  "seller_address": [],
  "invoice_number": "125C817-0049",
  "tax_number": "",
  "detail": [
    {
      "content": "Jelly Noodle Soup",
      "amount": "75.00",
      "ifTax": false
    },
    {
      "content": "Sauteed Morning Glo",
      "amount": "95.00",
      "ifTax": false
    },
    {
      "content": "Spring Roll",
      "amount": "82.00",
      "ifTax": false
    },
    {
      "content": "Fried Verllimie w/Dr",
      "amount": "118.00",
      "ifTax": false
    },
    {
      "content": "Pineapple Juice +M",
      "amount": "60.00",
      "ifTax": false
    },
    {
      "content": "Lychee Cooler",
      "amount": "45.00",
      "ifTax": false
    },
    {
      "content": "S.C.",
      "amount": "47.5",
      "ifTax": false
    }
  ]
}