{
  "type": "other",
  "std_start_time": "2025-10-09",
  "orig_start_time": "2025/10/09",
  "std_end_time": "",
  "orig_end_time": "",
  "std_invoice_time": "2025-10-09",
  "orig_invoice_time": "2025/10/09",
  "place": "",
  "departure": "",
  "arrival": "",
  "std_curr": "",
  "orig_curr": [
    "$"
  ],
  "std_total": "912.00",
  "orig_total": "912",
  "seller_name": [
    "Bingo and Cook"
  ],
  "seller_address": [],
  "invoice_number": "878-3220",
  "tax_number": "",
  "detail": [
    {
      "content": "(NEW)50cm Beef&Dumpling Stew ** No spicy",
      "amount": "318.00",
      "ifTax": false
    },
    {
      "content": "Cocktail?Blubbery?Rice?Wine",
      "amount": "173.00",
      "ifTax": false
    },
    {
      "content": "Bingo Mini Pancake",
      "amount": "100.00",
      "ifTax": false
    },
    {
      "content": "14a. Braised Beef Brisket (Galbijjim)",
      "amount": "238.00",
      "ifTax": false
    },
    {
      "content": "Serv.(10%)",
      "amount": "82.90",
      "ifTax": false
    },
    {
      "content": "Rounding Difference",
      "amount": "0.10",
      "ifTax": false
    }
  ]
}