{
  "type": "other",
  "std_start_time": "2022-07-17",
  "orig_start_time": "2022/07/17",
  "std_end_time": "",
  "orig_end_time": "",
  "std_invoice_time": "2022-07-17",
  "orig_invoice_time": "2022/07/17",
  "place": "",
  "departure": "",
  "arrival": "",
  "std_curr": "EGP",
  "orig_curr": [
    "EGP"
  ],
  "std_total": "153.00",
  "orig_total": "153.00",
  "seller_name": [
    "Alamar Foods Company (Dunkin Donuts Egypt) - Mobil Sheraton"
  ],
  "seller_address": [],
  "invoice_number": "",
  "tax_number": "382107586",
  "detail": [
    {
      "content": "Croissant Sandwich",
      "amount": "30.69",
      "ifTax": false
    },
    {
      "content": "Sandwich + Drink + 1 Donut - Large Egg Toast N' Cream Cheese Dunkin' Dark Roast 1 Donut",
      "amount": "70.17",
      "ifTax": false
    },
    {
      "content": "1 Donut",
      "amount": "33.32",
      "ifTax": false
    },
    {
      "content": "Vat(14.0%)",
      "amount": "18.79",
      "ifTax": true
    }
  ]
}