{
  "type": "other",
  "std_start_time": "2025-07-28",
  "orig_start_time": "2025/07/28 ",
  "std_end_time": "",
  "orig_end_time": "",
  "std_invoice_time": "2025-07-28",
  "orig_invoice_time": "2025/07/28 ",
  "place": "",
  "departure": "",
  "arrival": "",
  "std_curr": "",
  "orig_curr": [
    "$"
  ],
  "std_total": "1,029.60",
  "orig_total": "1,029.60",
  "seller_name": [
    "Mr. Steak"
  ],
  "seller_address": [],
  "invoice_number": "",
  "tax_number": "",
  "detail": [
    {
      "content": "Dinner C (Adu)",
      "amount": "936.00",
      "ifTax": false
    },
    {
      "content": "Service Charge (10%)",
      "amount": "93.60",
      "ifTax": false
    }
  ]
}