{
  "type": "other",
  "std_start_time": "2025-07-07",
  "orig_start_time": "2025-07-07",
  "std_end_time": "",
  "orig_end_time": "",
  "std_invoice_time": "2025-07-07",
  "orig_invoice_time": "2025-07-07",
  "place": "",
  "departure": "",
  "arrival": "",
  "std_curr": "",
  "orig_curr": [
    "$"
  ],
  "std_total": "528.00",
  "orig_total": "528.0",
  "seller_name": [
    "buff"
  ],
  "seller_address": [],
  "invoice_number": "C36",
  "tax_number": "",
  "detail": [
    {
      "content": "Pineapple Bomb",
      "amount": "50.00",
      "ifTax": false
    },
    {
      "content": "(Hot)latte",
      "amount": "48.00",
      "ifTax": false
    },
    {
      "content": "Pan-fried Prawn Fusilli Lunghi Bucati in Lobster Sauce",
      "amount": "148.00",
      "ifTax": false
    },
    {
      "content": "Crispy Seaweed Squid",
      "amount": "68.00",
      "ifTax": false
    },
    {
      "content": "Earl Grey Cheesecake",
      "amount": "58.00",
      "ifTax": false
    },
    {
      "content": "Strawberry and Mixed Berry Waffles with Ice cream",
      "amount": "108.00",
      "ifTax": false
    },
    {
      "content": "Service Charge(10%)",
      "amount": "48.00",
      "ifTax": false
    }
  ]
}