{
  "type": "other",
  "std_start_time": "2025-07-28",
  "orig_start_time": "28/07/25",
  "std_end_time": "",
  "orig_end_time": "",
  "std_invoice_time": "2025-07-28",
  "orig_invoice_time": "28/07/25",
  "place": "United Kingdom-Oxford",
  "departure": "",
  "arrival": "",
  "std_curr": "",
  "orig_curr": [
    "Oxford"
  ],
  "std_total": "15.00",
  "orig_total": "15.00",
  "seller_name": [
    "DAUNT BOOKS SUMMERTOWN"
  ],
  "seller_address": [
    "United Kingdom-Oxford"
  ],
  "invoice_number": "",
  "tax_number": "",
  "detail": [
    {
      "content": "E CANVAS DAUNT BAGS",
      "amount": "15.00",
      "ifTax": false
    }
  ]
}