{
  "type": "other",
  "std_start_time": "2025-10-13",
  "orig_start_time": "13/10/2025",
  "std_end_time": "",
  "orig_end_time": "",
  "std_invoice_time": "2025-10-13",
  "orig_invoice_time": "13/10/2025",
  "place": "",
  "departure": "",
  "arrival": "",
  "std_curr": "",
  "orig_curr": [],
  "std_total": "543.00",
  "orig_total": "543.0",
  "seller_name": [
    "Thai Simple Kitchen"
  ],
  "seller_address": [],
  "invoice_number": "1251013-0082",
  "tax_number": "",
  "detail": [
    {
      "content": "Green Curry",
      "amount": "108.00",
      "ifTax": false
    },
    {
      "content": "Garlic Bread",
      "amount": "37.00",
      "ifTax": false
    },
    {
      "content": "Crab Meat Fried Rice",
      "amount": "128.00",
      "ifTax": false
    },
    {
      "content": "Salty Fish Baby Cab",
      "amount": "118.00",
      "ifTax": false
    },
    {
      "content": "Water Chestnut in C",
      "amount": "45.00",
      "ifTax": false
    },
    {
      "content": "Fresh Young Coconut",
      "amount": "58.00",
      "ifTax": false
    },
    {
      "content": "S.C. 10.0%",
      "amount": "49.40",
      "ifTax": false
    }
  ]
}