{
  "type": "other",
  "std_start_time": "2022-03-07",
  "orig_start_time": "7 March, 2022",
  "std_end_time": "",
  "orig_end_time": "",
  "std_invoice_time": "2022-03-07",
  "orig_invoice_time": "7 March, 2022",
  "place": "",
  "departure": "",
  "arrival": "",
  "std_curr": "",
  "orig_curr": [
    "EGP"
  ],
  "std_total": "60.00",
  "orig_total": "60.00",
  "seller_name": [
    "Breadfast"
  ],
  "seller_address": [],
  "invoice_number": "713-2839972",
  "tax_number": "538-098-330",
  "detail": [
    {
      "content": "Pastirma Saladi (200g)",
      "amount": "45.00",
      "ifTax": false
    },
    {
      "content": "Haiwani Beef luncheon Plain (200g)",
      "amount": "55.00",
      "ifTax": false
    },
    {
      "content": "Discount",
      "amount": "-50.00",
      "ifTax": false
    },
    {
      "content": "Delivery",
      "amount": "10.00",
      "ifTax": false
    }
  ]
}