{
  "type": "other",
  "std_start_time": "2022-11-13",
  "orig_start_time": "13-11-22",
  "std_end_time": "",
  "orig_end_time": "",
  "std_invoice_time": "2022-11-13",
  "orig_invoice_time": "13-11-22",
  "place": "",
  "departure": "",
  "arrival": "",
  "std_curr": "EGP",
  "orig_curr": [
    "LE"
  ],
  "std_total": "579.00",
  "orig_total": "579.00",
  "seller_name": [
    "Emarat Misr"
  ],
  "seller_address": [],
  "invoice_number": "",
  "tax_number": "",
  "detail": [
    {
      "content": "TUC SALT (GMO FREE) 12 pcs @ 5.00",
      "amount": "60.00",
      "ifTax": true
    },
    {
      "content": "BOUNTY DOUBLE 57 GM 5 pcs @ 20.00",
      "amount": "100.00",
      "ifTax": true
    },
    {
      "content": "GALAXY HAZELNUT 36 G 6 pcs @ 9.00",
      "amount": "114.00",
      "ifTax": true
    },
    {
      "content": "GALAXY FRUIT &NUT 36 5 pcs @ 9.00",
      "amount": "95.00",
      "ifTax": true
    },
    {
      "content": "KIT KAT CHUNKY CARAMEL pcs",
      "amount": "18.00",
      "ifTax": false
    },
    {
      "content": "KITKAT CHUNKY Pnt Bt 4 pcs @ :8.00",
      "amount": "72.00",
      "ifTax": false
    },
    {
      "content": "LOACKER ROSE MILK30G 8 pcs @ 15.00",
      "amount": "120.00",
      "ifTax": true
    }
  ]
}