{
  "type": "other",
  "std_start_time": "2024-03-25",
  "orig_start_time": "03/25/24",
  "std_end_time": "",
  "orig_end_time": "",
  "std_invoice_time": "2024-03-25",
  "orig_invoice_time": "03/25/24 ",
  "place": "India-Kochi",
  "departure": "",
  "arrival": "",
  "std_curr": "INR",
  "orig_curr": [
    "Kochi"
  ],
  "std_total": "318.20",
  "orig_total": "318.20",
  "seller_name": [
    "KFC"
  ],
  "seller_address": [
    "India-Kochi"
  ],
  "invoice_number": "9020113853",
  "tax_number": "32AABCD5534A1ZE",
  "detail": [
    {
      "content": "Tandoori Zinger",
      "amount": "198.99",
      "ifTax": false
    },
    {
      "content": "CHEESE",
      "amount": "24.99",
      "ifTax": false
    },
    {
      "content": "PEPSI -REG",
      "amount": "79.04",
      "ifTax": false
    },
    {
      "content": "SGST @ 2.5%",
      "amount": "7.59",
      "ifTax": true
    },
    {
      "content": "CGST @ 2.5%",
      "amount": "7.59",
      "ifTax": true
    }
  ]
}