{
  "type": "other",
  "std_start_time": "2025-10-13",
  "orig_start_time": "Oct 13, 2025",
  "std_end_time": "",
  "orig_end_time": "",
  "std_invoice_time": "2025-10-13",
  "orig_invoice_time": "Oct 13, 2025",
  "place": "India-Bokaro Steel City",
  "departure": "",
  "arrival": "",
  "std_curr": "",
  "orig_curr": [],
  "std_total": "100.00",
  "orig_total": "100.00",
  "seller_name": [
    "RAINBOW RESTAURANT"
  ],
  "seller_address": [
    "India-Bokaro Steel City"
  ],
  "invoice_number": "1432",
  "tax_number": "",
  "detail": [
    {
      "content": "ALOO CHOKHA WITH RICE",
      "amount": "100.00",
      "ifTax": false
    }
  ]
}