{
  "type": "other",
  "std_start_time": "2025-06-17",
  "orig_start_time": "17/06/2025",
  "std_end_time": "",
  "orig_end_time": "",
  "std_invoice_time": "2025-06-17",
  "orig_invoice_time": "17/06/2025",
  "place": "",
  "departure": "",
  "arrival": "",
  "std_curr": "CNY",
  "orig_curr": [],
  "std_total": "568.00",
  "orig_total": "568.0",
  "seller_name": [
    "Thai Simple Kitchen"
  ],
  "seller_address": [],
  "invoice_number": "1250617-0061",
  "tax_number": "",
  "detail": [
    {
      "content": "Grilled Pork Neck Sa",
      "amount": "108.00",
      "ifTax": false
    },
    {
      "content": "Spicy & Sour Prawn S",
      "amount": "92.00",
      "ifTax": false
    },
    {
      "content": "Sauteed Morning Glo",
      "amount": "95.00",
      "ifTax": false
    },
    {
      "content": "Prineapple Fried Ric",
      "amount": "128.00",
      "ifTax": false
    },
    {
      "content": "Mixed Fruit + Soda",
      "amount": "48.00",
      "ifTax": false
    },
    {
      "content": "Flour Jelly Coconut",
      "amount": "45.00",
      "ifTax": false
    },
    {
      "content": "S.C. 10.0%",
      "amount": "51.60",
      "ifTax": true
    }
  ]
}