{
  "type": "other",
  "std_start_time": "2025-09-06",
  "orig_start_time": "2025-09-06",
  "std_end_time": "",
  "orig_end_time": "",
  "std_invoice_time": "2025-09-06",
  "orig_invoice_time": "2025-09-06",
  "place": "",
  "departure": "",
  "arrival": "",
  "std_curr": "",
  "orig_curr": [
    "$"
  ],
  "std_total": "408.00",
  "orig_total": "408.0",
  "seller_name": [
    "Mano"
  ],
  "seller_address": [],
  "invoice_number": "20250906114949C1",
  "tax_number": "",
  "detail": [
    {
      "content": "(BR) Salad of the day",
      "amount": "15.00",
      "ifTax": false
    },
    {
      "content": "(BR) Salad of the day",
      "amount": "15.00",
      "ifTax": false
    },
    {
      "content": "Boz Rib Eye Steak",
      "amount": "188.00",
      "ifTax": false
    },
    {
      "content": "Service Charge(10%)",
      "amount": "37.10",
      "ifTax": false
    },
    {
      "content": "(BR) Beef Cheek Rice",
      "amount": "118.00",
      "ifTax": false
    },
    {
      "content": "(BR) House Made Cake",
      "amount": "35.00",
      "ifTax": false
    }
  ]
}