{
  "type": "other",
  "std_start_time": "",
  "orig_start_time": "",
  "std_end_time": "",
  "orig_end_time": "",
  "std_invoice_time": "",
  "orig_invoice_time": "",
  "place": "Egypt-Sheraton",
  "departure": "",
  "arrival": "",
  "std_curr": "EGP",
  "orig_curr": [
    "EGP"
  ],
  "std_total": "9.95",
  "orig_total": "9.95",
  "seller_name": [
    "Lulu Hypermarket"
  ],
  "seller_address": [
    "Egypt-Sheraton"
  ],
  "invoice_number": "159526",
  "tax_number": "",
  "detail": [
    {
      "content": "Imarai Rayeb Milk 220ml",
      "amount": "5.95",
      "ifTax": false
    },
    {
      "content": "eyti Tropic.Pineaple Jce235m",
      "amount": "4.00",
      "ifTax": false
    }
  ]
}