{
  "type": "other",
  "std_start_time": "2025-06-16",
  "orig_start_time": "16/08/2025",
  "std_end_time": "",
  "orig_end_time": "",
  "std_invoice_time": "2025-06-16",
  "orig_invoice_time": "16/08/2025",
  "place": "",
  "departure": "",
  "arrival": "",
  "std_curr": "",
  "orig_curr": [],
  "std_total": "871.00",
  "orig_total": "871.00",
  "seller_name": [
    "Quiero Mas"
  ],
  "seller_address": [],
  "invoice_number": "",
  "tax_number": "",
  "detail": [
    {
      "content": "Brunch 298",
      "amount": "596.00",
      "ifTax": false
    },
    {
      "content": "QM Sangria Tinto Glass",
      "amount": "98.00",
      "ifTax": false
    },
    {
      "content": "Salted Sweet n' Sour",
      "amount": "98.00",
      "ifTax": false
    },
    {
      "content": "10% service charge",
      "amount": "79.20",
      "ifTax": false
    }
  ]
}