{
  "type": "plane",
  "std_start_time": "2024-09-04",
  "orig_start_time": "04SEP24",
  "std_end_time": "",
  "orig_end_time": "",
  "std_invoice_time": "",
  "orig_invoice_time": "",
  "place": "",
  "departure": "Germany-Frankfurt",
  "arrival": "France-Marseille",
  "std_curr": "",
  "orig_curr": [],
  "std_total": "",
  "orig_total": "",
  "seller_name": [
    "discover airlines"
  ],
  "seller_address": [],
  "invoice_number": "7241006593837",
  "tax_number": "DE 333234 323",
  "detail": []
}