{
  "type": "plane",
  "std_start_time": "2024-10-30",
  "orig_start_time": "30 Oct 2024",
  "std_end_time": "",
  "orig_end_time": "",
  "std_invoice_time": "",
  "orig_invoice_time": "",
  "place": "",
  "departure": "India-Delhi",
  "arrival": "India-Raipur",
  "std_curr": "INR",
  "orig_curr": [
    "₹",
    "Delhi",
    "Raipur"
  ],
  "std_total": "15,228.00",
  "orig_total": "15,228",
  "seller_name": [
    "IndiGo"
  ],
  "seller_address": [],
  "invoice_number": "",
  "tax_number": "",
  "detail": [
    {
      "content": "AirFare Charge",
      "amount": "7,850.00",
      "ifTax": false
    },
    {
      "content": "Convenience fee may apply",
      "amount": "199.00",
      "ifTax": false
    },
    {
      "content": "Seat fee",
      "amount": "999.00",
      "ifTax": false
    },
    {
      "content": "Aviation Security Fee",
      "amount": "236.00",
      "ifTax": false
    },
    {
      "content": "Passenger Service Fee",
      "amount": "91.00",
      "ifTax": false
    },
    {
      "content": "User Development fee",
      "amount": "61.00",
      "ifTax": false
    },
    {
      "content": "GST for Delhi",
      "amount": "393.00",
      "ifTax": true
    },
    {
      "content": "Overweight Bag",
      "amount": "2,400.00",
      "ifTax": false
    }
  ]
}