{
  "type": "plane",
  "std_start_time": "2025-06-30",
  "orig_start_time": "30-Jun-2025",
  "std_end_time": "",
  "orig_end_time": "",
  "std_invoice_time": "",
  "orig_invoice_time": "",
  "place": "India",
  "departure": "India-Port Blair",
  "arrival": "India-Bengaluru",
  "std_curr": "INR",
  "orig_curr": [
    "₹",
    "Port Blair"
  ],
  "std_total": "8,189.00",
  "orig_total": " 8,189.00",
  "seller_name": [
    "Air India Express，IRCTC"
  ],
  "seller_address": [],
  "invoice_number": "",
  "tax_number": "",
  "detail": [
    {
      "content": "Base Fare",
      "amount": "6,479.00",
      "ifTax": false
    },
    {
      "content": "Other Fees and Taxes",
      "amount": "1,592.00",
      "ifTax": true
    },
    {
      "content": "Convenience Fee",
      "amount": "118.00",
      "ifTax": false
    }
  ]
}