{
  "type": "plane",
  "std_start_time": "2025-09-16",
  "orig_start_time": "16Sep2025",
  "std_end_time": "",
  "orig_end_time": "",
  "std_invoice_time": "2025-09-08",
  "orig_invoice_time": "08Sep2025",
  "place": "",
  "departure": "Uzbekistan-Bukhara",
  "arrival": "Uzbekistan-Tashkent",
  "std_curr": "UZS",
  "orig_curr": [
    "UZS",
    "Bukhara",
    "Tashkent"
  ],
  "std_total": "651,626.00",
  "orig_total": "651626",
  "seller_name": [
    "UZBEKISTAN AIRWAYS"
  ],
  "seller_address": [
    "Uzbekistan-Tashkent"
  ],
  "invoice_number": "250 2115166035",
  "tax_number": "",
  "detail": [
    {
      "content": "Fare equivalent",
      "amount": "579,223.00",
      "ifTax": false
    },
    {
      "content": "Taxes",
      "amount": "28,961.00",
      "ifTax": true
    },
    {
      "content": "UZS 28961YQ",
      "amount": "28,961.00",
      "ifTax": false
    },
    {
      "content": "UZS 14481YR",
      "amount": "14,481.00",
      "ifTax": false
    }
  ]
}