{
  "type": "plane",
  "std_start_time": "2024-12-23",
  "orig_start_time": "23 DEC 2024",
  "std_end_time": "2024-12-27",
  "orig_end_time": "27 DEC 2024",
  "std_invoice_time": "2024-12-04",
  "orig_invoice_time": "04DEC24",
  "place": "",
  "departure": "Nigeria-Lagos",
  "arrival": "Nigeria-Asaba",
  "std_curr": "NGN",
  "orig_curr": [
    "₦",
    "NGN",
    "Nigeria",
    "Lagos"
  ],
  "std_total": "408,100.00",
  "orig_total": "408,100.00",
  "seller_name": [
    "AIR PEACE"
  ],
  "seller_address": [],
  "invoice_number": "7102404496679",
  "tax_number": "",
  "detail": [
    {
      "content": "Fare",
      "amount": "277,200.00",
      "ifTax": false
    },
    {
      "content": "Taxes",
      "amount": "12,000.00",
      "ifTax": true
    },
    {
      "content": "Fuel Surcharge",
      "amount": "100,000.00",
      "ifTax": false
    },
    {
      "content": "Taxes",
      "amount": "18,900.00",
      "ifTax": true
    }
  ]
}