{
  "type": "plane",
  "std_start_time": "2024-05-12",
  "orig_start_time": "12May2024",
  "std_end_time": "",
  "orig_end_time": "",
  "std_invoice_time": "2024-05-03",
  "orig_invoice_time": "03May2024",
  "place": "",
  "departure": "Thailand-Bangkok",
  "arrival": "United States-San Francisco",
  "std_curr": "THB",
  "orig_curr": [
    "THB",
    "Bangkok"
  ],
  "std_total": "19545.00",
  "orig_total": "19545",
  "seller_name": [
    "STARLUX AIRLINES"
  ],
  "seller_address": [
    "Thailand-Bangkok"
  ],
  "invoice_number": "189 2102075725",
  "tax_number": "",
  "detail": [
    {
      "content": "Fare",
      "amount": "13005.00",
      "ifTax": false
    },
    {
      "content": "E7",
      "amount": "35.00",
      "ifTax": true
    },
    {
      "content": "G8",
      "amount": "15.00",
      "ifTax": true
    },
    {
      "content": "TS",
      "amount": "730.00",
      "ifTax": true
    },
    {
      "content": "TW",
      "amount": "575.00",
      "ifTax": true
    },
    {
      "content": "US",
      "amount": "830.00",
      "ifTax": true
    },
    {
      "content": "XA",
      "amount": "145.00",
      "ifTax": true
    },
    {
      "content": "XY",
      "amount": "265.00",
      "ifTax": true
    },
    {
      "content": "YC",
      "amount": "260.00",
      "ifTax": true
    },
    {
      "content": "Carrier Imposed Fees",
      "amount": "3685.00",
      "ifTax": false
    }
  ]
}