{
  "type": "plane",
  "std_start_time": "2022-02-23",
  "orig_start_time": "23 Feb 2022",
  "std_end_time": "",
  "orig_end_time": "",
  "std_invoice_time": "2022-02-21",
  "orig_invoice_time": "21 Feb 2022",
  "place": "",
  "departure": "India-Guwahati",
  "arrival": "India-Kolkata",
  "std_curr": "",
  "orig_curr": [],
  "std_total": "",
  "orig_total": "",
  "seller_name": [
    "Air India"
  ],
  "seller_address": [],
  "invoice_number": "0986936138991",
  "tax_number": "",
  "detail": []
}