{
  "type": "plane",
  "std_start_time": "2020-09-17",
  "orig_start_time": "17Sep20",
  "std_end_time": "2020-09-20",
  "orig_end_time": "20Sep20",
  "std_invoice_time": "2020-09-09",
  "orig_invoice_time": "09Sep20",
  "place": "Canada",
  "departure": "Canada-Calgary",
  "arrival": "Canada-Edmonton",
  "std_curr": "CAD",
  "orig_curr": [
    "CAD"
  ],
  "std_total": "559.91",
  "orig_total": "559.91",
  "seller_name": [
    "WESTJET"
  ],
  "seller_address": [],
  "invoice_number": "",
  "tax_number": "866112535",
  "detail": [
    {
      "content": "Fare",
      "amount": "416.00",
      "ifTax": false
    },
    {
      "content": "YQI",
      "amount": "48.00",
      "ifTax": false
    },
    {
      "content": "XG8",
      "amount": "23.91",
      "ifTax": true
    },
    {
      "content": "CA4",
      "amount": "14.25",
      "ifTax": false
    },
    {
      "content": "SQ",
      "amount": "55.00",
      "ifTax": false
    },
    {
      "content": "XG9",
      "amount": "2.75",
      "ifTax": true
    }
  ]
}