{
  "type": "plane",
  "std_start_time": "2025-08-14",
  "orig_start_time": "14 Aug 2025",
  "std_end_time": "",
  "orig_end_time": "",
  "std_invoice_time": "",
  "orig_invoice_time": "",
  "place": "",
  "departure": "Kenya-Nairobi",
  "arrival": "Somalia-Mogadishu",
  "std_curr": "",
  "orig_curr": [],
  "std_total": "880.00",
  "orig_total": "880.00",
  "seller_name": [
    "Daallo Airlines"
  ],
  "seller_address": [],
  "invoice_number": "196317",
  "tax_number": "",
  "detail": [
    {
      "content": "BASE fare",
      "amount": "680.00",
      "ifTax": false
    },
    {
      "content": "Taxes/Fees",
      "amount": "200.00",
      "ifTax": true
    }
  ]
}