{
  "type": "plane",
  "std_start_time": "2025-10-13",
  "orig_start_time": "October 13, 2025",
  "std_end_time": "2025-10-21",
  "orig_end_time": "October 21, 2025",
  "std_invoice_time": "2025-09-26",
  "orig_invoice_time": "26 Sep 2025",
  "place": "",
  "departure": "Panama-Panama City",
  "arrival": "Nicaragua-Managua",
  "std_curr": "USD",
  "orig_curr": [
    "USD",
    "Panama City"
  ],
  "std_total": "420.03",
  "orig_total": "420.03",
  "seller_name": [
    "CopaAirlines"
  ],
  "seller_address": [],
  "invoice_number": "2302152134134",
  "tax_number": "",
  "detail": [
    {
      "content": "Ticket Fare MARIOFRANCISCO PADILLAGOMEZ",
      "amount": "290.00",
      "ifTax": false
    },
    {
      "content": "FC",
      "amount": "44.23",
      "ifTax": false
    },
    {
      "content": "FD",
      "amount": "3.00",
      "ifTax": false
    },
    {
      "content": "PI",
      "amount": "5.00",
      "ifTax": false
    },
    {
      "content": "PX",
      "amount": "3.00",
      "ifTax": false
    },
    {
      "content": "AH",
      "amount": "2.50",
      "ifTax": false
    },
    {
      "content": "F3",
      "amount": "12.00",
      "ifTax": false
    },
    {
      "content": "FZ",
      "amount": "40.00",
      "ifTax": false
    },
    {
      "content": "PA",
      "amount": "20.30",
      "ifTax": false
    }
  ]
}