{
  "type": "plane",
  "std_start_time": "10-09",
  "orig_start_time": "09Oct",
  "std_end_time": "",
  "orig_end_time": "",
  "std_invoice_time": "2025-10-18",
  "orig_invoice_time": "05Oct18",
  "place": "",
  "departure": "Indonesia-Banda Sultan Iskandar Muda",
  "arrival": "Indonesia-Jakarta",
  "std_curr": "IDR",
  "orig_curr": [
    "IDR",
    "Indonesia"
  ],
  "std_total": "1,211,500.00",
  "orig_total": " 1211500",
  "seller_name": [
    "GARUDA INDONESIA "
  ],
  "seller_address": [
    "Indonesia-Jakarta"
  ],
  "invoice_number": "126 2105734581",
  "tax_number": "01.001.634.3-093.000",
  "detail": [
    {
      "content": "Fare",
      "amount": "1,065,000.00",
      "ifTax": false
    },
    {
      "content": "Taxes YR",
      "amount": "5,000.00",
      "ifTax": true
    },
    {
      "content": "Taxes D5",
      "amount": "35,000.00",
      "ifTax": true
    },
    {
      "content": "Taxes ID",
      "amount": "106,500.00",
      "ifTax": true
    }
  ]
}