{
  "type": "plane",
  "std_start_time": "11-28",
  "orig_start_time": "28Nov",
  "std_end_time": "",
  "orig_end_time": "",
  "std_invoice_time": "2021-11-18",
  "orig_invoice_time": "18Nov21",
  "place": "",
  "departure": "Indonesia-Jakarta",
  "arrival": "Indonesia-Bandar Lampung",
  "std_curr": "IDR",
  "orig_curr": [
    "IDR",
    "Indonesia",
    "Jakarta"
  ],
  "std_total": "135,000.00",
  "orig_total": "135000",
  "seller_name": [
    "GARUDA INDONESIA"
  ],
  "seller_address": [],
  "invoice_number": "126 2123794911",
  "tax_number": "01.001.634.3-093.000",
  "detail": [
    {
      "content": "Fare",
      "amount": "0.00",
      "ifTax": false
    },
    {
      "content": "Taxes",
      "amount": "130,000.00",
      "ifTax": true
    },
    {
      "content": "Taxes",
      "amount": "5,000.00",
      "ifTax": true
    }
  ]
}