{
  "type": "plane",
  "std_start_time": "09-29",
  "orig_start_time": "29Sep",
  "std_end_time": "2019-10-05",
  "orig_end_time": "05Oct",
  "std_invoice_time": "2019-09-01",
  "orig_invoice_time": "01Sep19",
  "place": "",
  "departure": "India-Mumbai",
  "arrival": "Kenya-Nairobi",
  "std_curr": "",
  "orig_curr": [
    "INR"
  ],
  "std_total": "",
  "orig_total": "",
  "seller_name": [
    "KENYA AIRWAYS"
  ],
  "seller_address": [
    "India-Mumbai"
  ],
  "invoice_number": "706 230178 1604",
  "tax_number": "",
  "detail": []
}