{
  "type": "plane",
  "std_start_time": "01-01",
  "orig_start_time": "01Mar",
  "std_end_time": "12-11",
  "orig_end_time": "11Mar",
  "std_invoice_time": "2022-12-12",
  "orig_invoice_time": "12Dec2022",
  "place": "",
  "departure": "Saudi Arabia-Dammam",
  "arrival": "Egypt-Alexandria",
  "std_curr": "SAR",
  "orig_curr": [
    "SAR"
  ],
  "std_total": "1,323.00",
  "orig_total": "1323.00",
  "seller_name": [
    "EgyptAir"
  ],
  "seller_address": [
    "Saudi Arabia-Jeddah"
  ],
  "invoice_number": "077 2441098566",
  "tax_number": "",
  "detail": [
    {
      "content": "Fare",
      "amount": "434.00",
      "ifTax": false
    },
    {
      "content": "Taxes E3",
      "amount": "16.00",
      "ifTax": true
    },
    {
      "content": "Carrier Imposed Fees YQ",
      "amount": "46.00",
      "ifTax": false
    },
    {
      "content": "Taxes IO",
      "amount": "110.00",
      "ifTax": true
    },
    {
      "content": "Taxes EQ",
      "amount": "8.00",
      "ifTax": true
    },
    {
      "content": "JK",
      "amount": "8",
      "ifTax": true
    },
    {
      "content": "O2",
      "amount": "3",
      "ifTax": true
    },
    {
      "content": "O9",
      "amount": "4",
      "ifTax": true
    },
    {
      "content": "QH",
      "amount": "94",
      "ifTax": true
    },
    {
      "content": "S4",
      "amount": "16",
      "ifTax": true
    },
    {
      "content": "YQ",
      "amount": "102",
      "ifTax": true
    },
    {
      "content": "YR",
      "amount": "482",
      "ifTax": true
    }
  ]
}