{
  "type": "plane",
  "std_start_time": "04-04",
  "orig_start_time": "April 4",
  "std_end_time": "04-15",
  "orig_end_time": " April 15",
  "std_invoice_time": "",
  "orig_invoice_time": "",
  "place": "",
  "departure": "USA-New York",
  "arrival": "USA-New York",
  "std_curr": "USD",
  "orig_curr": [
    "USD",
    "New York"
  ],
  "std_total": "1,205.71",
  "orig_total": "1,205.71",
  "seller_name": [
    "Turkish Airlines"
  ],
  "seller_address": [],
  "invoice_number": "2352261136136，2352261136137",
  "tax_number": "",
  "detail": [
    {
      "content": "Total fare",
      "amount": "1,205.71",
      "ifTax": false
    }
  ]
}