{
  "type": "plane",
  "std_start_time": "2025-10-09",
  "orig_start_time": "09Oct2025",
  "std_end_time": "",
  "orig_end_time": "",
  "std_invoice_time": "2025-09-05",
  "orig_invoice_time": "05Sep2025",
  "place": "",
  "departure": "Bangladesh-Dhaka",
  "arrival": "Qatar-Doha",
  "std_curr": "QAR",
  "orig_curr": [
    "QAR",
    "Doha"
  ],
  "std_total": "",
  "orig_total": "",
  "seller_name": [
    "QATAR AIRWAYS"
  ],
  "seller_address": [
    "Qatar-Doha"
  ],
  "invoice_number": "157 2128348549",
  "tax_number": "",
  "detail": [
    {
      "content": "Fare",
      "amount": "1,710.00",
      "ifTax": false
    },
    {
      "content": "Taxes",
      "amount": "20.00",
      "ifTax": true
    },
    {
      "content": "Taxes",
      "amount": "20.00",
      "ifTax": true
    },
    {
      "content": "Taxes",
      "amount": "60.00",
      "ifTax": true
    },
    {
      "content": "Taxes",
      "amount": "80.00",
      "ifTax": true
    },
    {
      "content": "Taxes",
      "amount": "10.00",
      "ifTax": true
    },
    {
      "content": "Taxes",
      "amount": "10.00",
      "ifTax": true
    },
    {
      "content": "Taxes",
      "amount": "40.00",
      "ifTax": true
    },
    {
      "content": "Taxes",
      "amount": "40.00",
      "ifTax": true
    },
    {
      "content": "Taxes",
      "amount": "60.00",
      "ifTax": true
    },
    {
      "content": "Taxes",
      "amount": "10.00",
      "ifTax": true
    },
    {
      "content": "Taxes",
      "amount": "120.00",
      "ifTax": true
    },
    {
      "content": "Carrier Imposed Fees",
      "amount": "320.00",
      "ifTax": false
    },
    {
      "content": "Carrier Imposed Fees",
      "amount": "120.00",
      "ifTax": false
    }
  ]
}