{
  "type": "plane",
  "std_start_time": "2022-06-19",
  "orig_start_time": "June 19, 2022",
  "std_end_time": "2022-06-25",
  "orig_end_time": "June 25, 2022",
  "std_invoice_time": "2022-06-02",
  "orig_invoice_time": "June 2, 2022",
  "place": "United States",
  "departure": "United States-New York",
  "arrival": "",
  "std_curr": "USD",
  "orig_curr": [
    "$",
    "New York",
    "Los Angeles"
  ],
  "std_total": "521.21",
  "orig_total": "521.21",
  "seller_name": [
    "American Airlines"
  ],
  "seller_address": [],
  "invoice_number": "",
  "tax_number": "",
  "detail": [
    {
      "content": "Your trip total",
      "amount": "521.21",
      "ifTax": true
    }
  ]
}