{
  "type": "plane",
  "std_start_time": "2025-02-21",
  "orig_start_time": "21Feb2025",
  "std_end_time": "",
  "orig_end_time": "",
  "std_invoice_time": "2025-02-09",
  "orig_invoice_time": "09Feb2025",
  "place": "",
  "departure": "Poland-Warsaw",
  "arrival": "France-Nice",
  "std_curr": "EUR",
  "orig_curr": [
    "EUR",
    "Warsaw",
    "Nice"
  ],
  "std_total": "497.18",
  "orig_total": "497.18",
  "seller_name": [
    "POLSKIE LINIE LOTNICZE LOT S.A."
  ],
  "seller_address": [
    "Poland-Warsaw"
  ],
  "invoice_number": "080 2421307096",
  "tax_number": "",
  "detail": [
    {
      "content": "Taxes",
      "amount": "0.37",
      "ifTax": true
    },
    {
      "content": "Taxes",
      "amount": "20.81",
      "ifTax": true
    },
    {
      "content": "Carrier Imposed Fees",
      "amount": "2.00",
      "ifTax": false
    },
    {
      "content": "Carrier Imposed Fees",
      "amount": "25.00",
      "ifTax": false
    },
    {
      "content": "Fare Equivalent:",
      "amount": "449.00",
      "ifTax": false
    }
  ]
}