{
  "type": "plane",
  "std_start_time": "2024-10-29",
  "orig_start_time": "29Oct2024",
  "std_end_time": "",
  "orig_end_time": "",
  "std_invoice_time": "2024-10-03",
  "orig_invoice_time": "03Oct2024",
  "place": "",
  "departure": "Thailand-Bangkok",
  "arrival": "Vietnam-Ho Chi Minh City",
  "std_curr": "VND",
  "orig_curr": [
    "VND",
    "Ho Chi Minh City"
  ],
  "std_total": "2,739,000.00",
  "orig_total": "2739000",
  "seller_name": [
    "Vietnam Airlines"
  ],
  "seller_address": [
    "Vietnam-Ha Noi"
  ],
  "invoice_number": "738 2402941254",
  "tax_number": "",
  "detail": [
    {
      "content": "Fare equivalent",
      "amount": "1,322,000.00",
      "ifTax": false
    },
    {
      "content": "VND 27000E7",
      "amount": "27,000.00",
      "ifTax": true
    },
    {
      "content": "Carrier Imposed Fee",
      "amount": "820,000.00",
      "ifTax": false
    },
    {
      "content": "VND 12000G8",
      "amount": "12,000.00",
      "ifTax": true
    },
    {
      "content": "VND 558000TS",
      "amount": "558,000.00",
      "ifTax": true
    }
  ]
}