{
  "type": "plane",
  "std_start_time": "03-11",
  "orig_start_time": "Mar 11",
  "std_end_time": "03-13",
  "orig_end_time": "Mar 13",
  "std_invoice_time": "",
  "orig_invoice_time": "",
  "place": "",
  "departure": "Canada-Edmonton",
  "arrival": "Canada-Edmonton",
  "std_curr": "CAD",
  "orig_curr": [
    "CA $",
    "Edmonton"
  ],
  "std_total": "1,391.82",
  "orig_total": "1,391.82",
  "seller_name": [
    "Expedia.ca\n"
  ],
  "seller_address": [],
  "invoice_number": "",
  "tax_number": "",
  "detail": [
    {
      "content": "Flight",
      "amount": "1,177.00",
      "ifTax": false
    },
    {
      "content": "Taxes & fees",
      "amount": "135.82",
      "ifTax": true
    },
    {
      "content": "Cancellation Plan",
      "amount": "79.00",
      "ifTax": false
    }
  ]
}