{
  "type": "plane",
  "std_start_time": "2025-04-14",
  "orig_start_time": "14-Apr-2025",
  "std_end_time": "",
  "orig_end_time": "",
  "std_invoice_time": "2025-04-04",
  "orig_invoice_time": "04/04/2025",
  "place": "India",
  "departure": "India-Mumbai",
  "arrival": "India-Ahmedabad",
  "std_curr": "INR",
  "orig_curr": [
    "₹"
  ],
  "std_total": "2,265.00",
  "orig_total": "2,265.00",
  "seller_name": [
    "HappyFares TRAVELOGY ONLINE PRIVATE LIMITED，happy fares"
  ],
  "seller_address": [
    "India-Guwahati\n"
  ],
  "invoice_number": "HBCB8MNN",
  "tax_number": "18AAKCT8462E1ZY",
  "detail": [
    {
      "content": "Base Fare",
      "amount": "1,999.00",
      "ifTax": false
    },
    {
      "content": "Taxes and Fees",
      "amount": "118.00",
      "ifTax": true
    },
    {
      "content": "Transaction Fee",
      "amount": "148.00",
      "ifTax": false
    }
  ]
}