{
  "type": "plane",
  "std_start_time": "2025-07-08",
  "orig_start_time": "08 Jul 2025",
  "std_end_time": "",
  "orig_end_time": "",
  "std_invoice_time": "",
  "orig_invoice_time": "",
  "place": "",
  "departure": "Sri Lanka-Colombo",
  "arrival": "Malaysia-Kuala Lumpur",
  "std_curr": "",
  "orig_curr": [],
  "std_total": "",
  "orig_total": "",
  "seller_name": [
    "Travel Sense"
  ],
  "seller_address": [
    "Bangladesh-Dhaka"
  ],
  "invoice_number": "xcce9g",
  "tax_number": "",
  "detail": []
}