{
  "type": "plane",
  "std_start_time": "01-12",
  "orig_start_time": "12Jan",
  "std_end_time": "",
  "orig_end_time": "",
  "std_invoice_time": "2023-01-11",
  "orig_invoice_time": "11Jan23",
  "place": "",
  "departure": "Indonesia-Jakarta",
  "arrival": "Indonesia-Surabaya",
  "std_curr": "IDR",
  "orig_curr": [
    "IDR",
    "Surabaya"
  ],
  "std_total": "1,598,720.00",
  "orig_total": " 1598720",
  "seller_name": [
    "Garuda Indonesia"
  ],
  "seller_address": [
    "Indonesia-Jakarta"
  ],
  "invoice_number": "126 6774095753",
  "tax_number": "01.001.634.3-093.000",
  "detail": [
    {
      "content": "Fare",
      "amount": "116,7000.00",
      "ifTax": false
    },
    {
      "content": "Taxes",
      "amount": "116,700.00",
      "ifTax": true
    },
    {
      "content": "Taxes",
      "amount": "168,720.00",
      "ifTax": true
    },
    {
      "content": "Taxes",
      "amount": "141,300.00",
      "ifTax": true
    },
    {
      "content": "Taxes",
      "amount": "5,000.00",
      "ifTax": true
    }
  ]
}