{
  "type": "plane",
  "std_start_time": "2020-03-11",
  "orig_start_time": "11 Mar 2020",
  "std_end_time": "",
  "orig_end_time": "",
  "std_invoice_time": "2020-02-28",
  "orig_invoice_time": "28 Feb, 2020",
  "place": "",
  "departure": "Canada-Calgary",
  "arrival": "United States-Washington",
  "std_curr": "CAD",
  "orig_curr": [
    "$",
    "Calgary",
    "Canada"
  ],
  "std_total": "413.87",
  "orig_total": "413.87",
  "seller_name": [
    "Air Canada"
  ],
  "seller_address": [],
  "invoice_number": "",
  "tax_number": "",
  "detail": [
    {
      "content": "Base fare",
      "amount": "343.99",
      "ifTax": false
    },
    {
      "content": "Transportation International/Domestic Tax - United States",
      "amount": "0.10",
      "ifTax": true
    },
    {
      "content": "Animal and Plant Health Inspection Service (APHIS) User Fee - United States",
      "amount": "0.02",
      "ifTax": false
    },
    {
      "content": "Goods and Services Tax - Canada - 100092287 RT0001",
      "amount": "17.19",
      "ifTax": true
    },
    {
      "content": "Immigration User Fee - United States",
      "amount": "0.04",
      "ifTax": false
    },
    {
      "content": "Customs User Fee-United States",
      "amount": "0.03",
      "ifTax": false
    },
    {
      "content": "Change Fee",
      "amount": "52.50",
      "ifTax": false
    },
    {
      "content": "Travel Options",
      "amount": "0.00",
      "ifTax": false
    },
    {
      "content": "Seat selection",
      "amount": "0.00",
      "ifTax": false
    }
  ]
}