{
  "type": "plane",
  "std_start_time": "2009-11-21",
  "orig_start_time": "21 Nov 09",
  "std_end_time": "",
  "orig_end_time": "",
  "std_invoice_time": "",
  "orig_invoice_time": "",
  "place": "",
  "departure": "India-Bangalore",
  "arrival": "India-Delhi",
  "std_curr": "INR",
  "orig_curr": [
    "Rs",
    "Bangalore",
    "Delhi"
  ],
  "std_total": "2,999.00",
  "orig_total": "2,999.00",
  "seller_name": [
    "IndiGo"
  ],
  "seller_address": [],
  "invoice_number": "",
  "tax_number": "",
  "detail": [
    {
      "content": "Base Fare and Airline Fuel Charge",
      "amount": "2,510.00",
      "ifTax": false
    },
    {
      "content": "Passenger Service Fee",
      "amount": "229.00",
      "ifTax": false
    },
    {
      "content": "User Development Fee",
      "amount": "260.00",
      "ifTax": false
    },
    {
      "content": "Tax",
      "amount": "0.00",
      "ifTax": true
    }
  ]
}