{
  "type": "plane",
  "std_start_time": "11-29",
  "orig_start_time": "29Nov",
  "std_end_time": "",
  "orig_end_time": "",
  "std_invoice_time": "2018-11-21",
  "orig_invoice_time": "21Nov18",
  "place": "",
  "departure": "Indonesia-Jakarta",
  "arrival": "Indonesia-Banda",
  "std_curr": "IDR",
  "orig_curr": [
    "IDR",
    "Jakarta",
    "Banda"
  ],
  "std_total": "3,057,700.00",
  "orig_total": "3057700",
  "seller_name": [
    "GARUDA INDONESIA"
  ],
  "seller_address": [
    "Indonesia-Jakarta"
  ],
  "invoice_number": "126 2655710093",
  "tax_number": "01.001.634.3-093.000",
  "detail": [
    {
      "content": "Fare",
      "amount": "2,657,000.00",
      "ifTax": false
    },
    {
      "content": "IDR 5000 YR",
      "amount": "5,000.00",
      "ifTax": true
    },
    {
      "content": "IDR 130000 D5",
      "amount": "130,000.00",
      "ifTax": true
    },
    {
      "content": "IDR",
      "amount": "265,700.00",
      "ifTax": false
    }
  ]
}