{
  "type": "plane",
  "std_start_time": "2011-10-14",
  "orig_start_time": "14-Oct-11",
  "std_end_time": "",
  "orig_end_time": "",
  "std_invoice_time": "2011-08-22",
  "orig_invoice_time": "22-Aug-2011 ",
  "place": "",
  "departure": "Singapore-Singapore",
  "arrival": "India-Kolkata",
  "std_curr": "SGD",
  "orig_curr": [
    "SGD"
  ],
  "std_total": "353.14",
  "orig_total": "353.14",
  "seller_name": [
    "Air India Express"
  ],
  "seller_address": [
    "India"
  ],
  "invoice_number": "IX16678477",
  "tax_number": "",
  "detail": [
    {
      "content": "BASE FARE",
      "amount": "199.00",
      "ifTax": false
    },
    {
      "content": "CHARGES/FEES APT TAXES",
      "amount": "122.00",
      "ifTax": true
    },
    {
      "content": "TXN FEE",
      "amount": "4.14",
      "ifTax": true
    },
    {
      "content": "BASE FARE",
      "amount": "0.00",
      "ifTax": false
    },
    {
      "content": "BASE FARE",
      "amount": "o.oo",
      "ifTax": false
    },
    {
      "content": "BASE FARE",
      "amount": "0.00",
      "ifTax": false
    },
    {
      "content": "APT TAXES",
      "amount": "28.00",
      "ifTax": false
    },
    {
      "content": "RESKED CHARGES ",
      "amount": "0.00",
      "ifTax": false
    },
    {
      "content": "SVC TAX (JM)",
      "amount": "0.00",
      "ifTax": true
    },
    {
      "content": "PZ TAX",
      "amount": "0.00",
      "ifTax": true
    }
  ]
}