{
  "type": "plane",
  "std_start_time": "2025-01-31",
  "orig_start_time": "31 Jan 2025",
  "std_end_time": "",
  "orig_end_time": "",
  "std_invoice_time": "",
  "orig_invoice_time": "",
  "place": "Philippines",
  "departure": "Philippines-Manila",
  "arrival": "Philippines-Bacolod",
  "std_curr": "PHP",
  "orig_curr": [
    "₱",
    "Manila"
  ],
  "std_total": "1,935.00",
  "orig_total": "1,935",
  "seller_name": [
    "JNSC BILLS PAYMENT & REMITTANCE CENTER"
  ],
  "seller_address": [],
  "invoice_number": "",
  "tax_number": "",
  "detail": [
    {
      "content": "Base Fare",
      "amount": "543.00",
      "ifTax": false
    },
    {
      "content": "Booking Fee&Taxes",
      "amount": "1,392.00",
      "ifTax": true
    }
  ]
}