{
  "type": "plane",
  "std_start_time": "2023-09-07",
  "orig_start_time": " 7 Sep 2023",
  "std_end_time": "",
  "orig_end_time": "",
  "std_invoice_time": "",
  "orig_invoice_time": "",
  "place": "",
  "departure": "India-Bangalore",
  "arrival": "India-Dehradun",
  "std_curr": "INR",
  "orig_curr": [
    "INR",
    "India",
    "Bangalore"
  ],
  "std_total": "6,969.60",
  "orig_total": "6,969.60",
  "seller_name": [
    "SRI MANJUNATHA ENTERPRISES，IndiGo"
  ],
  "seller_address": [],
  "invoice_number": "HSGGMW",
  "tax_number": "",
  "detail": [
    {
      "content": "Air Fare",
      "amount": "5,221.00",
      "ifTax": false
    },
    {
      "content": "Fuel Surcharge(YQ)",
      "amount": "0.00",
      "ifTax": false
    },
    {
      "content": "CUTE Charges(YQ)",
      "amount": "50.00",
      "ifTax": false
    },
    {
      "content": "Taxes & Fees",
      "amount": "1,423.60",
      "ifTax": true
    },
    {
      "content": "Supplier GST",
      "amount": "275.00",
      "ifTax": true
    }
  ]
}