{
  "type": "plane",
  "std_start_time": "2023-07-12",
  "orig_start_time": "12Jul2023",
  "std_end_time": "2023-07-15",
  "orig_end_time": "15Jul2023",
  "std_invoice_time": "2023-07-06",
  "orig_invoice_time": "06Jul2023",
  "place": "Montenegro-Podgorica",
  "departure": "Montenegro-Podgorica",
  "arrival": "Montenegro-Podgorica",
  "std_curr": "EUR",
  "orig_curr": [
    "EUR",
    "Luxembourg",
    "Podgorica"
  ],
  "std_total": "333.98",
  "orig_total": "333.98",
  "seller_name": [
    "LUXAIR MOBILE BOOKING, LUXAIR S.A."
  ],
  "seller_address": [
    "Luxembourg-Luxembourg"
  ],
  "invoice_number": "149 2406967235",
  "tax_number": "",
  "detail": [
    {
      "content": "Fare",
      "amount": "304.00",
      "ifTax": false
    },
    {
      "content": "Taxes",
      "amount": "10.50",
      "ifTax": true
    },
    {
      "content": "Taxes",
      "amount": "3.50",
      "ifTax": true
    },
    {
      "content": "Taxes",
      "amount": "15.00",
      "ifTax": true
    },
    {
      "content": "Taxes",
      "amount": "0.98",
      "ifTax": true
    }
  ]
}