{
  "type": "plane",
  "std_start_time": "2025-04-02",
  "orig_start_time": "02 APR 2025",
  "std_end_time": "2025-04-05",
  "orig_end_time": " 05 APR 2025",
  "std_invoice_time": "",
  "orig_invoice_time": "",
  "place": "",
  "departure": "",
  "arrival": "",
  "std_curr": "",
  "orig_curr": [],
  "std_total": "",
  "orig_total": "",
  "seller_name": [
    "LATAM AIRLINES GROUP"
  ],
  "seller_address": [],
  "invoice_number": "0457096007949，0457096007950",
  "tax_number": "",
  "detail": []
}