{
  "type": "plane",
  "std_start_time": "2020-03-03",
  "orig_start_time": "03Mar20",
  "std_end_time": "",
  "orig_end_time": "",
  "std_invoice_time": "2020-02-28",
  "orig_invoice_time": "28Feb20",
  "place": "",
  "departure": "Canada-Calgary",
  "arrival": "USA-New York",
  "std_curr": "CAD",
  "orig_curr": [
    "CAD"
  ],
  "std_total": "680.81",
  "orig_total": "680.81",
  "seller_name": [
    "WESTJET"
  ],
  "seller_address": [],
  "invoice_number": "",
  "tax_number": "866112535",
  "detail": [
    {
      "content": "Fare",
      "amount": "494.00",
      "ifTax": false
    },
    {
      "content": "AIR TRAVELLERS SECURITY CHARGE",
      "amount": "12.10",
      "ifTax": false
    },
    {
      "content": "SEAT ASSIGNMENT",
      "amount": "67.00",
      "ifTax": false
    },
    {
      "content": "Taxes",
      "amount": "3.35",
      "ifTax": true
    },
    {
      "content": "GOODS AND SERVICES TAX (GST)",
      "amount": "25.31",
      "ifTax": true
    },
    {
      "content": "AIRPORT IMPROVEMENT FEE (AIF)",
      "amount": "30.00",
      "ifTax": false
    },
    {
      "content": "GOODS AND SERVICES TAX (GST)",
      "amount": "1.50",
      "ifTax": true
    },
    {
      "content": "TRANSPORTATION TAX (INTERNATIONAL)",
      "amount": "25.14",
      "ifTax": true
    },
    {
      "content": "CUSTOMS USER FEE",
      "amount": "7.83",
      "ifTax": false
    },
    {
      "content": "IMMIGRATION USER FEE",
      "amount": "9.31",
      "ifTax": false
    },
    {
      "content": "APHIS USER FEE",
      "amount": "5.27",
      "ifTax": false
    }
  ]
}