{
  "type": "plane",
  "std_start_time": "12-09",
  "orig_start_time": " 09 DEC",
  "std_end_time": "",
  "orig_end_time": "",
  "std_invoice_time": "",
  "orig_invoice_time": "",
  "place": "USA",
  "departure": "USA-San Francisco",
  "arrival": "USA-Atlanta",
  "std_curr": "",
  "orig_curr": [
    "San Francisco Atlanta"
  ],
  "std_total": "",
  "orig_total": "",
  "seller_name": [
    "LATAM AIRLINES GROUP"
  ],
  "seller_address": [],
  "invoice_number": "",
  "tax_number": "",
  "detail": []
}