{
  "type": "plane",
  "std_start_time": "2022-11-16",
  "orig_start_time": "16 November 2022",
  "std_end_time": "",
  "orig_end_time": "",
  "std_invoice_time": "2022-11-08",
  "orig_invoice_time": "8 November 2022",
  "place": "",
  "departure": "Australia-Adelaide",
  "arrival": "Australia-Adelaide",
  "std_curr": "",
  "orig_curr": [],
  "std_total": "",
  "orig_total": "",
  "seller_name": [
    "QBT"
  ],
  "seller_address": [],
  "invoice_number": "",
  "tax_number": "",
  "detail": []
}