{
  "type": "plane",
  "std_start_time": "2023-03-22",
  "orig_start_time": "March 22, 2023",
  "std_end_time": "2023-03-23",
  "orig_end_time": "March 23, 2023",
  "std_invoice_time": "",
  "orig_invoice_time": "",
  "place": "",
  "departure": "Egypt-Cairo",
  "arrival": "Saudi Arabia-Jeddah",
  "std_curr": "SAR",
  "orig_curr": [
    "SAR"
  ],
  "std_total": "631.00",
  "orig_total": "631.00",
  "seller_name": [
    "Trip.com Travel Singapore Pte. Ltd."
  ],
  "seller_address": [],
  "invoice_number": "SG2KPX",
  "tax_number": "201613701E",
  "detail": [
    {
      "content": "Fare",
      "amount": "297.00",
      "ifTax": false
    },
    {
      "content": "Taxes & Fees",
      "amount": "334.00",
      "ifTax": true
    }
  ]
}