{
  "type": "plane",
  "std_start_time": "2024-11-05",
  "orig_start_time": "05 Nov 2024",
  "std_end_time": "",
  "orig_end_time": "",
  "std_invoice_time": "",
  "orig_invoice_time": "",
  "place": "",
  "departure": "Saudi Arabia-Dammam",
  "arrival": "Kuwait-Kuwait(city）",
  "std_curr": "SAR",
  "orig_curr": [
    "SAR"
  ],
  "std_total": "345.60",
  "orig_total": "345.60 ",
  "seller_name": [
    "jazeeraairways.com"
  ],
  "seller_address": [],
  "invoice_number": "",
  "tax_number": "",
  "detail": [
    {
      "content": "Total Booking Amount",
      "amount": "345.60",
      "ifTax": false
    }
  ]
}