{
  "type": "plane",
  "std_start_time": "2021-11-28",
  "orig_start_time": "28.11.2021",
  "std_end_time": "",
  "orig_end_time": "",
  "std_invoice_time": "2021-11-22",
  "orig_invoice_time": "22NOV2021",
  "place": "",
  "departure": "Myanmar-Yangon",
  "arrival": "United Arab Emirates-Dubai",
  "std_curr": "",
  "orig_curr": [
    "USD"
  ],
  "std_total": "",
  "orig_total": "",
  "seller_name": [
    "MYANMAR AIRWAYS INTERNATIONAL"
  ],
  "seller_address": [],
  "invoice_number": "",
  "tax_number": "",
  "detail": [
    {
      "content": "Tax",
      "amount": "20.00",
      "ifTax": true
    },
    {
      "content": "TAX",
      "amount": "3.25",
      "ifTax": true
    },
    {
      "content": "TAX",
      "amount": "1.40",
      "ifTax": true
    }
  ]
}