{
  "type": "plane",
  "std_start_time": "2025-04-10",
  "orig_start_time": "10-Apr-2025",
  "std_end_time": "",
  "orig_end_time": "",
  "std_invoice_time": "2025-04-07",
  "orig_invoice_time": "07/04/2025 ",
  "place": "",
  "departure": "India-Imphal",
  "arrival": "India-Delhi",
  "std_curr": "INR",
  "orig_curr": [
    "₹"
  ],
  "std_total": "27,830.00",
  "orig_total": "27830.00",
  "seller_name": [
    "IndiGo"
  ],
  "seller_address": [],
  "invoice_number": "TBB7Z9K5",
  "tax_number": "",
  "detail": [
    {
      "content": "Base Fare",
      "amount": "23,800.00",
      "ifTax": false
    },
    {
      "content": "Taxes and Fees",
      "amount": "4,030.00",
      "ifTax": true
    }
  ]
}