{
  "type": "plane",
  "std_start_time": "2024-11-13",
  "orig_start_time": "13Nov2024",
  "std_end_time": "2024-11-15",
  "orig_end_time": "15Nov2024",
  "std_invoice_time": "2024-10-24",
  "orig_invoice_time": "24Oct2024",
  "place": "",
  "departure": "Iraq-Kirkuk",
  "arrival": "Iraq-Kirkuk",
  "std_curr": "IQD",
  "orig_curr": [
    "IQD",
    "Kirkuk"
  ],
  "std_total": "379454.20",
  "orig_total": "379454.20",
  "seller_name": [
    "Iraqi Airways"
  ],
  "seller_address": [],
  "invoice_number": "073 2404986408",
  "tax_number": "",
  "detail": [
    {
      "content": "Fare equivalent",
      "amount": "327360.00",
      "ifTax": false
    },
    {
      "content": "IQ",
      "amount": "26400.00",
      "ifTax": true
    },
    {
      "content": "M6",
      "amount": "4282.40",
      "ifTax": true
    },
    {
      "content": "TR",
      "amount": "21411.80",
      "ifTax": true
    }
  ]
}