{
  "type": "plane",
  "std_start_time": "2025-06-24",
  "orig_start_time": "24-06-2025",
  "std_end_time": "",
  "orig_end_time": "",
  "std_invoice_time": "2025-06-09",
  "orig_invoice_time": "09-06-2025",
  "place": "India-Kerala",
  "departure": "India - Thiruvananthapuram",
  "arrival": "Qatar - Doha",
  "std_curr": "INR",
  "orig_curr": [
    "Rs",
    "Kerala"
  ],
  "std_total": "40,707.03",
  "orig_total": "40,707.03",
  "seller_name": [
    "AIR INDIA EXPRESS LIMITED"
  ],
  "seller_address": [
    "India-Kerala"
  ],
  "invoice_number": "ITRV250600007599",
  "tax_number": "32AABCA0522B1ZT",
  "detail": [
    {
      "content": "Air Ticket charges",
      "amount": "30,600.03",
      "ifTax": true
    },
    {
      "content": "Airport Taxes-Pass Through",
      "amount": "525.00",
      "ifTax": true
    },
    {
      "content": "Airport Taxes-Pass Through",
      "amount": "9582.00",
      "ifTax": true
    }
  ]
}