{
  "type": "plane",
  "std_start_time": "2020-02-09",
  "orig_start_time": "09 Feb, 2020",
  "std_end_time": "",
  "orig_end_time": "",
  "std_invoice_time": "2020-02-04",
  "orig_invoice_time": "04 Feb, 2020",
  "place": "",
  "departure": "Canada-Calgary",
  "arrival": "Canada-Grande Prairie",
  "std_curr": "CAD",
  "orig_curr": [
    "$",
    "Calgary"
  ],
  "std_total": "378.13",
  "orig_total": "378.13",
  "seller_name": [
    "Air Canada"
  ],
  "seller_address": [],
  "invoice_number": "",
  "tax_number": "10009-2287 RT0001",
  "detail": [
    {
      "content": "Base fare-Economy-Standard",
      "amount": "311.00",
      "ifTax": false
    },
    {
      "content": "Surcharges",
      "amount": "12.00",
      "ifTax": false
    },
    {
      "content": "Air Travellers Security Charge-Canada",
      "amount": "7.12",
      "ifTax": false
    },
    {
      "content": "Goods and Services Tax-Canada-10009-2287 RT0001",
      "amount": "18.01",
      "ifTax": true
    },
    {
      "content": "Airport Improvement Fee-Canada",
      "amount": "30.00",
      "ifTax": false
    }
  ]
}