{
  "type": "plane",
  "std_start_time": "2022-03-02",
  "orig_start_time": "02 Mar. 2022",
  "std_end_time": "2022-03-05",
  "orig_end_time": "05 Mar. 2022",
  "std_invoice_time": "",
  "orig_invoice_time": "",
  "place": "",
  "departure": "Philippines-Manila",
  "arrival": "Philippines-Manila",
  "std_curr": "PHP",
  "orig_curr": [
    "PHP",
    "Manila"
  ],
  "std_total": "",
  "orig_total": "",
  "seller_name": [
    "Cebu Pacific Air"
  ],
  "seller_address": [],
  "invoice_number": "",
  "tax_number": "",
  "detail": [
    {
      "content": "Base Fare",
      "amount": "10,656.00",
      "ifTax": false
    },
    {
      "content": "Administrative Fee",
      "amount": "3,360.00",
      "ifTax": false
    },
    {
      "content": "Fuel Surcharge",
      "amount": "1,488.00",
      "ifTax": false
    },
    {
      "content": "PH-VAT",
      "amount": "1,457.28",
      "ifTax": true
    },
    {
      "content": "Aviation Security Fee",
      "amount": "90.00",
      "ifTax": false
    },
    {
      "content": "PH Passenger Service Charge",
      "amount": "2,400.00",
      "ifTax": false
    },
    {
      "content": "Seat Reservation",
      "amount": "2,460.00",
      "ifTax": false
    },
    {
      "content": "Insurance",
      "amount": "2,952.00",
      "ifTax": false
    },
    {
      "content": "Value Added Tax of Add-ons",
      "amount": "295.20",
      "ifTax": true
    }
  ]
}