{
  "type": "plane",
  "std_start_time": "04-21",
  "orig_start_time": "4月21日",
  "std_end_time": "",
  "orig_end_time": "",
  "std_invoice_time": "",
  "orig_invoice_time": "",
  "place": "",
  "departure": "China-Chengdu",
  "arrival": "China-Chengdu",
  "std_curr": "",
  "orig_curr": [],
  "std_total": "",
  "orig_total": "",
  "seller_name": [
    "ETHIOPIAN AIRLINES ENTERPRISE，IATA"
  ],
  "seller_address": [],
  "invoice_number": "0712849374777，0712849374778",
  "tax_number": "",
  "detail": []
}