{
  "type": "plane",
  "std_start_time": "2023-03-22",
  "orig_start_time": " 22 March 2023",
  "std_end_time": "",
  "orig_end_time": "",
  "std_invoice_time": "2023-03-07",
  "orig_invoice_time": "07 Mar 2023",
  "place": "",
  "departure": "Philippines-Manila",
  "arrival": "New Zealand-Auckland",
  "std_curr": "USD",
  "orig_curr": [
    "USD",
    "Manila"
  ],
  "std_total": "1,016.20",
  "orig_total": "1,016.20",
  "seller_name": [
    "Philippine Airlines"
  ],
  "seller_address": [],
  "invoice_number": "",
  "tax_number": "",
  "detail": [
    {
      "content": "Travel Extras",
      "amount": "11.00",
      "ifTax": false
    },
    {
      "content": "Pal Travel insurance by alliebankers insurance corporation",
      "amount": "35.00",
      "ifTax": false
    },
    {
      "content": "1 Adult",
      "amount": "970.20",
      "ifTax": false
    }
  ]
}