{
  "type": "plane",
  "std_start_time": "2025-07-02",
  "orig_start_time": "02 JUL 2025",
  "std_end_time": "",
  "orig_end_time": "",
  "std_invoice_time": "2025-06-06",
  "orig_invoice_time": "06 JUN 25",
  "place": "",
  "departure": "Nigeria-Lagos",
  "arrival": "Nigeria-Portharcourt",
  "std_curr": "NGN",
  "orig_curr": [
    "₦",
    "Lagos"
  ],
  "std_total": "120,000.00",
  "orig_total": "120,000.00",
  "seller_name": [
    "AIR PEACE"
  ],
  "seller_address": [
    "Nigeria-Lagos"
  ],
  "invoice_number": "7102405733400",
  "tax_number": "12346100",
  "detail": [
    {
      "content": "Fare",
      "amount": "62,400.00",
      "ifTax": false
    },
    {
      "content": "Taxes",
      "amount": "7,600.00",
      "ifTax": true
    },
    {
      "content": "Fuel Surcharge",
      "amount": "50,000.00",
      "ifTax": true
    }
  ]
}