{
  "type": "plane",
  "std_start_time": "2020-09-17",
  "orig_start_time": "17Sep20",
  "std_end_time": "2020-09-20",
  "orig_end_time": "20Sep20",
  "std_invoice_time": "2020-09-15",
  "orig_invoice_time": "15Sep20",
  "place": "",
  "departure": "Canada-Calgary",
  "arrival": "Canada-Calgary",
  "std_curr": "CAD",
  "orig_curr": [
    "CAD",
    "Canada"
  ],
  "std_total": "697.46",
  "orig_total": "697.46",
  "seller_name": [
    "WESTJET"
  ],
  "seller_address": [],
  "invoice_number": "8382157601015",
  "tax_number": "866112535",
  "detail": [
    {
      "content": "Fare",
      "amount": "563.00",
      "ifTax": false
    },
    {
      "content": "Change Fee",
      "amount": "0.00",
      "ifTax": false
    },
    {
      "content": "Tax on change fee",
      "amount": "0.00",
      "ifTax": false
    },
    {
      "content": "Taxes/Fees/Carrier-Imposed Charges",
      "amount": "134.46",
      "ifTax": true
    }
  ]
}