{
  "type": "plane",
  "std_start_time": "2025-01-19",
  "orig_start_time": "19 Jan 2025",
  "std_end_time": "",
  "orig_end_time": "",
  "std_invoice_time": "2025-01-04",
  "orig_invoice_time": "04 Jan 2025",
  "place": "",
  "departure": "India-Mumbai",
  "arrival": "Kuwait-Kuwait",
  "std_curr": "INR",
  "orig_curr": [
    "₹",
    "Mumbai",
    "India"
  ],
  "std_total": "10,859.00",
  "orig_total": "10,859",
  "seller_name": [
    "Akasa Air"
  ],
  "seller_address": [],
  "invoice_number": "",
  "tax_number": "",
  "detail": [
    {
      "content": "Adult",
      "amount": "7,889.00",
      "ifTax": false
    },
    {
      "content": "Aviation Security Fee",
      "amount": "1,174.00",
      "ifTax": false
    },
    {
      "content": "SGST for Maharashtra",
      "amount": "199.00",
      "ifTax": true
    },
    {
      "content": "CGST for Maharashtra",
      "amount": "199.00",
      "ifTax": true
    },
    {
      "content": "User Development Fee - Departure",
      "amount": "221.00",
      "ifTax": false
    },
    {
      "content": "Convenience fee",
      "amount": "550.00",
      "ifTax": false
    },
    {
      "content": "Airport And Passenger Service Charge",
      "amount": "552.00",
      "ifTax": false
    },
    {
      "content": "CUTE Fees",
      "amount": "75.00",
      "ifTax": false
    }
  ]
}