{
  "type": "plane",
  "std_start_time": "2019-03-13",
  "orig_start_time": "13-MAR-2019",
  "std_end_time": "",
  "orig_end_time": "",
  "std_invoice_time": "2019-03-11",
  "orig_invoice_time": "11-MAR-2019",
  "place": "",
  "departure": "Nepal-Kathmandu",
  "arrival": "Nepal-Bhairahawa",
  "std_curr": "NPR",
  "orig_curr": [
    "NPR",
    "Kathmandu"
  ],
  "std_total": "3,500.00",
  "orig_total": "3500",
  "seller_name": [
    "YETI AIRLINES"
  ],
  "seller_address": [],
  "invoice_number": "9992103775769",
  "tax_number": "",
  "detail": [
    {
      "content": "Fare",
      "amount": "3,300.00",
      "ifTax": false
    },
    {
      "content": "FSC",
      "amount": "200.00",
      "ifTax": false
    },
    {
      "content": "FEE",
      "amount": "0.00",
      "ifTax": false
    }
  ]
}