{
  "type": "hotel",
  "std_start_time": "2025-11-04",
  "orig_start_time": "November 4, 2025",
  "std_end_time": "2025-11-05",
  "orig_end_time": "November 5, 2025",
  "std_invoice_time": "2025-10-16",
  "orig_invoice_time": "October 16, 2025",
  "place": "",
  "departure": "",
  "arrival": "",
  "std_curr": "USD",
  "orig_curr": [
    "USD"
  ],
  "std_total": "59.68",
  "orig_total": "59.68",
  "seller_name": [
    "Agoda Company Pte, Ltd."
  ],
  "seller_address": [
    "Singapore-Singapore"
  ],
  "invoice_number": "",
  "tax_number": "",
  "detail": [
    {
      "content": "Total Room Charges",
      "amount": "59.68",
      "ifTax": false
    },
    {
      "content": "Total Extra Bed Charges",
      "amount": "0.00",
      "ifTax": false
    }
  ]
}