{
  "type": "hotel",
  "std_start_time": "2022-05-24",
  "orig_start_time": "24/05/2022",
  "std_end_time": "2022-05-25",
  "orig_end_time": "25/05/2022",
  "std_invoice_time": "2022-05-25",
  "orig_invoice_time": "25 may 2022",
  "place": "",
  "departure": "",
  "arrival": "",
  "std_curr": "",
  "orig_curr": [],
  "std_total": "3,300.00",
  "orig_total": "3300.00",
  "seller_name": [
    "UTSAV KUNJ"
  ],
  "seller_address": [
    "India-Sugauli"
  ],
  "invoice_number": "9709780109",
  "tax_number": "",
  "detail": [
    {
      "content": "Room Tariff - (103)",
      "amount": "1,100.00",
      "ifTax": false
    },
    {
      "content": "Room Tariff - (104)",
      "amount": "1,100.00",
      "ifTax": false
    },
    {
      "content": "Mulbagal Toll Plaza- (105)",
      "amount": "1,100.00",
      "ifTax": false
    }
  ]
}