{
  "type": "other",
  "std_start_time": "2019-12-25",
  "orig_start_time": "December 25 2019",
  "std_end_time": "",
  "orig_end_time": "",
  "std_invoice_time": "2019-12-25",
  "orig_invoice_time": "December 25 2019",
  "place": "India-Mulbagal",
  "departure": "",
  "arrival": "",
  "std_curr": "INR",
  "orig_curr": [
    "INR",
    "Mulbagal"
  ],
  "std_total": "70.00",
  "orig_total": "70.0",
  "seller_name": [
    "Mulbagal Toll Plaza"
  ],
  "seller_address": [
    "India-Mulbagal"
  ],
  "invoice_number": "",
  "tax_number": "",
  "detail": [
    {
      "content": "Total",
      "amount": "70.00",
      "ifTax": false
    }
  ]
}