{
  "type": "ship",
  "std_start_time": "2021-04-25",
  "orig_start_time": "Apr 25, 2021",
  "std_end_time": "",
  "orig_end_time": "",
  "std_invoice_time": "",
  "orig_invoice_time": "",
  "place": "",
  "departure": "Philippines-Danao",
  "arrival": "Philippines-San Francisco",
  "std_curr": "PHP",
  "orig_curr": [
    "Php"
  ],
  "std_total": "220.00",
  "orig_total": "220.00",
  "seller_name": [
    "JOMALIA SHIPPING CORPORATION"
  ],
  "seller_address": [
    "Philippines-Mandaue City"
  ],
  "invoice_number": "",
  "tax_number": "",
  "detail": [
    {
      "content": "Ticket Price",
      "amount": "220.00",
      "ifTax": false
    }
  ]
}