{
  "type": "ship",
  "std_start_time": "2025-02-28",
  "orig_start_time": " Feb 28, 2025",
  "std_end_time": "",
  "orig_end_time": "",
  "std_invoice_time": "",
  "orig_invoice_time": "",
  "place": "",
  "departure": "Philippines-Tubigon",
  "arrival": "Philippines-Cebu",
  "std_curr": "PHP",
  "orig_curr": [
    "Php"
  ],
  "std_total": "400.00",
  "orig_total": "",
  "seller_name": [
    "Lite Shipping Corporation"
  ],
  "seller_address": [],
  "invoice_number": "67BFAF453D8CD",
  "tax_number": "",
  "detail": [
    {
      "content": "Ticket Price",
      "amount": "390.00",
      "ifTax": false
    },
    {
      "content": "LGU Tubigon Environmental Fee",
      "amount": "10.00",
      "ifTax": false
    }
  ]
}