{
  "type": "ship",
  "std_start_time": "2020-03-16",
  "orig_start_time": "16 Mar 2020",
  "std_end_time": "",
  "orig_end_time": "",
  "std_invoice_time": "",
  "orig_invoice_time": "",
  "place": "",
  "departure": "",
  "arrival": "",
  "std_curr": "MYR",
  "orig_curr": [
    "MYR"
  ],
  "std_total": "17.00",
  "orig_total": "17.00",
  "seller_name": [
    "Langkawi Ferry Line"
  ],
  "seller_address": [
    "Malaysia-Langkawi"
  ],
  "invoice_number": "11788783",
  "tax_number": "",
  "detail": [
    {
      "content": "Total",
      "amount": "17.00",
      "ifTax": false
    }
  ]
}