{
  "type": "ship",
  "std_start_time": "2018-11-26",
  "orig_start_time": "November 26, 2018",
  "std_end_time": "",
  "orig_end_time": "",
  "std_invoice_time": "",
  "orig_invoice_time": "",
  "place": "",
  "departure": "Philippines-Dapitan",
  "arrival": "Philippines-Dumaguete",
  "std_curr": "PHP",
  "orig_curr": [
    "P",
    "Dumaguete",
    "Dapitan"
  ],
  "std_total": "500.00",
  "orig_total": "500.00",
  "seller_name": [
    "FastCat，Biyaheroes"
  ],
  "seller_address": [],
  "invoice_number": "",
  "tax_number": "",
  "detail": [
    {
      "content": "Departure Booking",
      "amount": "450.00",
      "ifTax": false
    },
    {
      "content": "Service Charge",
      "amount": "50.00",
      "ifTax": false
    }
  ]
}