{
  "type": "taxi",
  "std_start_time": "2024-07-24",
  "orig_start_time": "24/07/2024",
  "std_end_time": "2024-07-26",
  "orig_end_time": "26/07/2024",
  "std_invoice_time": "2024-07-28",
  "orig_invoice_time": "28 Jul, 2024",
  "place": "",
  "departure": "",
  "arrival": "",
  "std_curr": "",
  "orig_curr": [],
  "std_total": "11,700.00",
  "orig_total": "11,700.00",
  "seller_name": [
    "GAYATRI TRAVELS"
  ],
  "seller_address": [
    "India-Ahmedabad"
  ],
  "invoice_number": "MA0000056",
  "tax_number": "24AFVPR8242M1ZK",
  "detail": [
    {
      "content": "FULL DAY 3 Day/s = 900 Kms.(Min)",
      "amount": "10,800.00",
      "ifTax": false
    },
    {
      "content": "+Day Charges",
      "amount": "900.00",
      "ifTax": false
    }
  ]
}