{
  "type": "taxi",
  "std_start_time": "2018-10-12",
  "orig_start_time": "12-Oct-2018",
  "std_end_time": "",
  "orig_end_time": "",
  "std_invoice_time": "2018-10-12",
  "orig_invoice_time": "12-Oct-2018",
  "place": "United Kingdom-London",
  "departure": "",
  "arrival": "",
  "std_curr": "GBP",
  "orig_curr": [
    "GBP",
    "London"
  ],
  "std_total": "500.00",
  "orig_total": "500.00",
  "seller_name": [
    "VERIFONE TAXI "
  ],
  "seller_address": [
    "United Kingdom-London"
  ],
  "invoice_number": "",
  "tax_number": "",
  "detail": [
    {
      "content": "FARE",
      "amount": "500.00",
      "ifTax": false
    },
    {
      "content": "ADMIN",
      "amount": "0.00",
      "ifTax": false
    },
    {
      "content": "TIP",
      "amount": "0.00",
      "ifTax": false
    }
  ]
}