{
  "type": "taxi",
  "std_start_time": "2025-05-02",
  "orig_start_time": "May 2nd 2025",
  "std_end_time": "",
  "orig_end_time": "",
  "std_invoice_time": "",
  "orig_invoice_time": "",
  "place": "India",
  "departure": "India-Gurugram",
  "arrival": "India-Faridabad",
  "std_curr": "INR",
  "orig_curr": [
    "₹",
    "India"
  ],
  "std_total": "908.00",
  "orig_total": "908",
  "seller_name": [
    "rapido"
  ],
  "seller_address": [],
  "invoice_number": "",
  "tax_number": "",
  "detail": [
    {
      "content": "Selected Price",
      "amount": "908.00",
      "ifTax": false
    }
  ]
}