{
  "type": "taxi",
  "std_start_time": "",
  "orig_start_time": "",
  "std_end_time": "",
  "orig_end_time": "",
  "std_invoice_time": "2024-04-20",
  "orig_invoice_time": "20 April 2024",
  "place": "Indonesia",
  "departure": "Indonesia-Tangerang City",
  "arrival": "Indonesia-Jakarta",
  "std_curr": "IDR",
  "orig_curr": [
    "Rp",
    "Indonesia"
  ],
  "std_total": "113,500.00",
  "orig_total": "113.500",
  "seller_name": [
    "GoCar"
  ],
  "seller_address": [
    "Indonesia"
  ],
  "invoice_number": "RB-109542-6878208",
  "tax_number": "",
  "detail": [
    {
      "content": "Trip fare",
      "amount": "95,000.00",
      "ifTax": false
    },
    {
      "content": "Location fee",
      "amount": "19,000.00",
      "ifTax": false
    },
    {
      "content": "Platform fee",
      "amount": "8,500.00",
      "ifTax": false
    },
    {
      "content": "SafeTrip+fee",
      "amount": "1,000.00",
      "ifTax": false
    },
    {
      "content": "Discount",
      "amount": "-10,000.00",
      "ifTax": false
    }
  ]
}