{
  "type": "taxi",
  "std_start_time": "2023-07-03",
  "orig_start_time": "July 3, 2023",
  "std_end_time": "",
  "orig_end_time": "",
  "std_invoice_time": "",
  "orig_invoice_time": "",
  "place": "India-Bengaluru",
  "departure": "",
  "arrival": "",
  "std_curr": "INR",
  "orig_curr": [
    "₹",
    "India"
  ],
  "std_total": "527.00",
  "orig_total": "527.00",
  "seller_name": [
    "Uber"
  ],
  "seller_address": [],
  "invoice_number": "",
  "tax_number": "",
  "detail": [
    {
      "content": "Trip charge",
      "amount": "526.94",
      "ifTax": true
    },
    {
      "content": "Rounding",
      "amount": "0.06",
      "ifTax": true
    }
  ]
}