{
  "type": "taxi",
  "std_start_time": "2024-02-01",
  "orig_start_time": "02/01/24",
  "std_end_time": "",
  "orig_end_time": "",
  "std_invoice_time": "2024-02-01",
  "orig_invoice_time": "02/01/24",
  "place": "",
  "departure": "",
  "arrival": "",
  "std_curr": "AUD",
  "orig_curr": [
    "AUD"
  ],
  "std_total": "78.75",
  "orig_total": "78.75",
  "seller_name": [
    "GM taxipay"
  ],
  "seller_address": [],
  "invoice_number": "000056",
  "tax_number": "52485384351",
  "detail": [
    {
      "content": "FARE INC GST",
      "amount": "75.00",
      "ifTax": true
    },
    {
      "content": "SERVICE FEE",
      "amount": "3.37",
      "ifTax": false
    },
    {
      "content": "SERVICE FEE GST",
      "amount": "0.38",
      "ifTax": true
    }
  ]
}