{
  "type": "taxi",
  "std_start_time": "2025-10-11",
  "orig_start_time": "11 October 2025",
  "std_end_time": "",
  "orig_end_time": "",
  "std_invoice_time": "",
  "orig_invoice_time": "",
  "place": "India-Surat",
  "departure": "",
  "arrival": "",
  "std_curr": "INR",
  "orig_curr": [
    "₹",
    "India"
  ],
  "std_total": "49.00",
  "orig_total": "49.00",
  "seller_name": [
    "Uber"
  ],
  "seller_address": [],
  "invoice_number": "",
  "tax_number": "",
  "detail": [
    {
      "content": "Suggested fare",
      "amount": "49.00",
      "ifTax": false
    }
  ]
}