{
  "type": "taxi",
  "std_start_time": "",
  "orig_start_time": "",
  "std_end_time": "",
  "orig_end_time": "",
  "std_invoice_time": "2025-06-17",
  "orig_invoice_time": "17/06/2025",
  "place": "India",
  "departure": "India-Mumbai",
  "arrival": "",
  "std_curr": "INR",
  "orig_curr": [
    "₹",
    "INR",
    "India"
  ],
  "std_total": "888.15",
  "orig_total": "888.15",
  "seller_name": [
    "ANI Technologies Private Limited"
  ],
  "seller_address": [],
  "invoice_number": "DINBXDILY502368",
  "tax_number": "",
  "detail": [
    {
      "content": "Ride Fee",
      "amount": "745.86",
      "ifTax": false
    },
    {
      "content": "Additional Fee (Tolls/Parking)",
      "amount": "100.00",
      "ifTax": false
    },
    {
      "content": "CGST 2.5%",
      "amount": "21.15",
      "ifTax": true
    },
    {
      "content": "SGST 2.5%",
      "amount": "21.15",
      "ifTax": true
    }
  ]
}