{
  "type": "taxi",
  "std_start_time": "2024-10-23",
  "orig_start_time": "10/23/24",
  "std_end_time": "",
  "orig_end_time": "",
  "std_invoice_time": "2024-10-23",
  "orig_invoice_time": "October 23, 2024",
  "place": "Egypt",
  "departure": "Egypt-Giza",
  "arrival": "Egypt-Cairo",
  "std_curr": "EGP",
  "orig_curr": [
    "EGP",
    "Egypt"
  ],
  "std_total": "235.00",
  "orig_total": "235.00",
  "seller_name": [
    "Uber"
  ],
  "seller_address": [],
  "invoice_number": "",
  "tax_number": "",
  "detail": [
    {
      "content": "Trip fare",
      "amount": "251.58",
      "ifTax": false
    },
    {
      "content": "Discounts and Adjustments",
      "amount": "-16.37",
      "ifTax": false
    },
    {
      "content": "Rounding",
      "amount": "-0.21",
      "ifTax": false
    }
  ]
}