{
  "type": "taxi",
  "std_start_time": "2025-01-02",
  "orig_start_time": "Jan 2nd 2025",
  "std_end_time": "",
  "orig_end_time": "",
  "std_invoice_time": "",
  "orig_invoice_time": "",
  "place": "India-Chennai",
  "departure": "",
  "arrival": "",
  "std_curr": "INR",
  "orig_curr": [
    "₹",
    "Chennai"
  ],
  "std_total": "185.00",
  "orig_total": "185",
  "seller_name": [
    "rapido"
  ],
  "seller_address": [],
  "invoice_number": "",
  "tax_number": "",
  "detail": [
    {
      "content": "Selected Price",
      "amount": "185.00",
      "ifTax": false
    }
  ]
}