{
  "type": "taxi",
  "std_start_time": "2019-09-21",
  "orig_start_time": "Sep 21, 2019",
  "std_end_time": "",
  "orig_end_time": "",
  "std_invoice_time": "",
  "orig_invoice_time": "",
  "place": "India-Bengaluru",
  "departure": "",
  "arrival": "",
  "std_curr": "INR",
  "orig_curr": [
    "₹",
    "Bengaluru"
  ],
  "std_total": "282.91",
  "orig_total": "282.91",
  "seller_name": [
    "Uber"
  ],
  "seller_address": [],
  "invoice_number": "",
  "tax_number": "",
  "detail": [
    {
      "content": "Trip Fare",
      "amount": "282.91",
      "ifTax": true
    }
  ]
}