{
  "type": "taxi",
  "std_start_time": "2024-11-21",
  "orig_start_time": "21 Nov 2024",
  "std_end_time": "",
  "orig_end_time": "",
  "std_invoice_time": "2024-12-16",
  "orig_invoice_time": "16/12/2024",
  "place": "United Arab Emirates-Dubai",
  "departure": "",
  "arrival": "",
  "std_curr": "AED",
  "orig_curr": [
    "AED",
    "UAE"
  ],
  "std_total": "157.17",
  "orig_total": "157.17",
  "seller_name": [
    "Careem"
  ],
  "seller_address": [],
  "invoice_number": "",
  "tax_number": "",
  "detail": [
    {
      "content": "Starting",
      "amount": "10.60",
      "ifTax": false
    },
    {
      "content": "Moving",
      "amount": "84.37",
      "ifTax": false
    },
    {
      "content": "Waiting",
      "amount": "16.20",
      "ifTax": false
    },
    {
      "content": "UAE-Dudai-AD Airport",
      "amount": "29.00",
      "ifTax": false
    },
    {
      "content": "RTA fee",
      "amount": "5.00",
      "ifTax": false
    },
    {
      "content": "Al Garhoud（11/21/24, 5:25 AM ）、Al Safa（11/21/24, 5:36 AM ）、Al Barsha（11/21/24, 5:47 AM ）",
      "amount": "12.00",
      "ifTax": false
    }
  ]
}