{
  "type": "taxi",
  "std_start_time": "2024-08-27",
  "orig_start_time": "Aug 27th 2024",
  "std_end_time": "",
  "orig_end_time": "",
  "std_invoice_time": "",
  "orig_invoice_time": "",
  "place": "India",
  "departure": "",
  "arrival": "",
  "std_curr": "INR",
  "orig_curr": [
    "₹",
    "India"
  ],
  "std_total": "26.00",
  "orig_total": "26.00",
  "seller_name": [
    "rapido"
  ],
  "seller_address": [],
  "invoice_number": "",
  "tax_number": "",
  "detail": [
    {
      "content": "Ride Charge",
      "amount": "23.10",
      "ifTax": true
    },
    {
      "content": "Booking Fees & Convenience Charges",
      "amount": "2.90",
      "ifTax": true
    }
  ]
}