{
  "type": "taxi",
  "std_start_time": "",
  "orig_start_time": "",
  "std_end_time": "",
  "orig_end_time": "",
  "std_invoice_time": "2024-05-13",
  "orig_invoice_time": "13/05/2024",
  "place": "India",
  "departure": "",
  "arrival": "",
  "std_curr": "INR",
  "orig_curr": [
    "₹",
    "India"
  ],
  "std_total": "820.48",
  "orig_total": "820.47",
  "seller_name": [
    "ANI Technologies Private Limited"
  ],
  "seller_address": [],
  "invoice_number": "DIXLDCXNL456152",
  "tax_number": "",
  "detail": [
    {
      "content": "Ride Fee",
      "amount": "736.40",
      "ifTax": false
    },
    {
      "content": "Additional Fee (Tolls/Parking)",
      "amount": "45.00",
      "ifTax": false
    },
    {
      "content": "CGST 2.5%",
      "amount": "19.54",
      "ifTax": true
    },
    {
      "content": "CGST 2.5%",
      "amount": "19.54",
      "ifTax": true
    }
  ]
}