{
  "type": "taxi",
  "std_start_time": "",
  "orig_start_time": "",
  "std_end_time": "",
  "orig_end_time": "",
  "std_invoice_time": "2016-03-15",
  "orig_invoice_time": "15/03/2016",
  "place": "Australia-Victoria",
  "departure": "",
  "arrival": "",
  "std_curr": "AUD",
  "orig_curr": [
    "$"
  ],
  "std_total": "21.30",
  "orig_total": "21.30",
  "seller_name": [
    "SILVERTOP"
  ],
  "seller_address": [
    "Australia-Victoria"
  ],
  "invoice_number": "",
  "tax_number": "",
  "detail": [
    {
      "content": "FARE",
      "amount": "19.30",
      "ifTax": true
    },
    {
      "content": "EXTRAS",
      "amount": "2.00",
      "ifTax": true
    },
    {
      "content": "OTHERS",
      "amount": "0.00",
      "ifTax": true
    }
  ]
}