{
  "type": "taxi",
  "std_start_time": "2025-09-30",
  "orig_start_time": "30/09/2025",
  "std_end_time": "",
  "orig_end_time": "",
  "std_invoice_time": "2025-09-30",
  "orig_invoice_time": "30/09/2025",
  "place": "",
  "departure": "",
  "arrival": "",
  "std_curr": "AED",
  "orig_curr": [
    "AED"
  ],
  "std_total": "35.00",
  "orig_total": "35.00",
  "seller_name": [
    "Cars Taxi"
  ],
  "seller_address": [],
  "invoice_number": "",
  "tax_number": "",
  "detail": [
    {
      "content": "Trip Amount",
      "amount": "35.00",
      "ifTax": false
    }
  ]
}