{
  "type": "taxi",
  "std_start_time": "2020-01-15",
  "orig_start_time": "JANUARY 15, 2020 ",
  "std_end_time": "",
  "orig_end_time": "",
  "std_invoice_time": "",
  "orig_invoice_time": "",
  "place": "USA-Seattle",
  "departure": "",
  "arrival": "",
  "std_curr": "USD",
  "orig_curr": [
    "$",
    "Seattle",
    "USD"
  ],
  "std_total": "13.68",
  "orig_total": "13.68",
  "seller_name": [
    "Lyft"
  ],
  "seller_address": [],
  "invoice_number": "",
  "tax_number": "",
  "detail": [
    {
      "content": "Lyft fare (2.97mi, 10m 27s)",
      "amount": "13.68",
      "ifTax": false
    }
  ]
}