{
  "type": "taxi",
  "std_start_time": "2018-06-08",
  "orig_start_time": "June 8th 2018",
  "std_end_time": "",
  "orig_end_time": "",
  "std_invoice_time": "",
  "orig_invoice_time": "",
  "place": "Australia",
  "departure": "",
  "arrival": "",
  "std_curr": "AUD",
  "orig_curr": [
    "$",
    "VIC"
  ],
  "std_total": "57.75",
  "orig_total": "57.75",
  "seller_name": [
    "Cabcharge"
  ],
  "seller_address": [],
  "invoice_number": "37756",
  "tax_number": "",
  "detail": [
    {
      "content": "Fare",
      "amount": "48.90",
      "ifTax": true
    },
    {
      "content": "Servive fee",
      "amount": "2.75",
      "ifTax": false
    },
    {
      "content": "CITYLINK WESTERN",
      "amount": "6.10",
      "ifTax": true
    }
  ]
}