{
  "type": "taxi",
  "std_start_time": "2013-11-10",
  "orig_start_time": "November 10, 2013",
  "std_end_time": "",
  "orig_end_time": "",
  "std_invoice_time": "",
  "orig_invoice_time": "",
  "place": "USA-California",
  "departure": "United States-Anaheim",
  "arrival": "United States-Los Angeles",
  "std_curr": "USD",
  "orig_curr": [
    "$",
    "CA"
  ],
  "std_total": "171.00",
  "orig_total": "171.00",
  "seller_name": [
    "Uber"
  ],
  "seller_address": [
    "USA-San Francisco"
  ],
  "invoice_number": "",
  "tax_number": "",
  "detail": [
    {
      "content": "Base Fare",
      "amount": "3.00",
      "ifTax": false
    },
    {
      "content": "Distance",
      "amount": "0.09",
      "ifTax": false
    },
    {
      "content": "Time",
      "amount": "0.97",
      "ifTax": false
    },
    {
      "content": "$5.00 Minimum",
      "amount": "0.94",
      "ifTax": false
    },
    {
      "content": "Adjustment",
      "amount": "83.00",
      "ifTax": false
    }
  ]
}