{
  "type": "taxi",
  "std_start_time": "2024-11-25",
  "orig_start_time": "25th November 2024",
  "std_end_time": "",
  "orig_end_time": "",
  "std_invoice_time": "",
  "orig_invoice_time": "",
  "place": "India-New Delhi",
  "departure": "",
  "arrival": "",
  "std_curr": "INR",
  "orig_curr": [
    "₹",
    "New Delhi"
  ],
  "std_total": "467.00",
  "orig_total": "467.00",
  "seller_name": [
    "BluSmart"
  ],
  "seller_address": [],
  "invoice_number": "",
  "tax_number": "07AAHCG6286C1ZJ",
  "detail": [
    {
      "content": "Base Fare (4.5 km)",
      "amount": "237.10",
      "ifTax": false
    },
    {
      "content": "Airport Charges (inc. taxes)",
      "amount": "218.40",
      "ifTax": true
    },
    {
      "content": "GST (5%)",
      "amount": "11.80",
      "ifTax": true
    }
  ]
}