{
  "type": "taxi",
  "std_start_time": "2019-09-10",
  "orig_start_time": "09/10/19",
  "std_end_time": "",
  "orig_end_time": "",
  "std_invoice_time": "2019-09-10",
  "orig_invoice_time": "09/10/19",
  "place": "",
  "departure": "",
  "arrival": "",
  "std_curr": "",
  "orig_curr": [
    "$"
  ],
  "std_total": "17.45",
  "orig_total": "17.45",
  "seller_name": [
    "GOPHER TAXI"
  ],
  "seller_address": [],
  "invoice_number": "",
  "tax_number": "",
  "detail": [
    {
      "content": "FARE",
      "amount": "17.45",
      "ifTax": false
    },
    {
      "content": "EXTRA",
      "amount": "0.00",
      "ifTax": false
    }
  ]
}