{
  "type": "taxi",
  "std_start_time": "",
  "orig_start_time": "",
  "std_end_time": "",
  "orig_end_time": "",
  "std_invoice_time": "2024-09-26",
  "orig_invoice_time": "September 26, 2024",
  "place": "India-Delhi",
  "departure": "",
  "arrival": "",
  "std_curr": "INR",
  "orig_curr": [
    "Rs.",
    "India"
  ],
  "std_total": "201.00",
  "orig_total": "201.00",
  "seller_name": [
    "indrive"
  ],
  "seller_address": [],
  "invoice_number": "IN07-e9Q46i-gNA8",
  "tax_number": "09AAGCI0467A1ZV",
  "detail": [
    {
      "content": "Ride fare (in INR)",
      "amount": "191.42",
      "ifTax": true
    },
    {
      "content": "CGST 2.5%",
      "amount": "4.79",
      "ifTax": true
    },
    {
      "content": "SGST/UTGST 2.5%",
      "amount": "4.79",
      "ifTax": true
    }
  ]
}