{
  "type": "taxi",
  "std_start_time": "04-24",
  "orig_start_time": "Apr 24",
  "std_end_time": "",
  "orig_end_time": "",
  "std_invoice_time": "",
  "orig_invoice_time": "",
  "place": "USA-Las Vegas",
  "departure": "",
  "arrival": "",
  "std_curr": "USD",
  "orig_curr": [
    "$",
    "Las Vegas"
  ],
  "std_total": "",
  "orig_total": "",
  "seller_name": [
    "Uber"
  ],
  "seller_address": [
    "USA-Las Vegas"
  ],
  "invoice_number": "",
  "tax_number": "",
  "detail": [
    {
      "content": "ride with Andrew",
      "amount": "75.29",
      "ifTax": false
    },
    {
      "content": "tip added",
      "amount": "9.94",
      "ifTax": false
    }
  ]
}