{
  "type": "taxi",
  "std_start_time": "2024-02-21",
  "orig_start_time": "21 February 2024",
  "std_end_time": "",
  "orig_end_time": "",
  "std_invoice_time": "",
  "orig_invoice_time": "",
  "place": "",
  "departure": "",
  "arrival": "",
  "std_curr": "RP",
  "orig_curr": [
    "RP"
  ],
  "std_total": "195,000.00",
  "orig_total": "195.000",
  "seller_name": [
    "PT Grab Teknologi Indonesia"
  ],
  "seller_address": [
    "Indonesia-Jakarta"
  ],
  "invoice_number": "",
  "tax_number": "74.220.169.2-071.000",
  "detail": [
    {
      "content": "Metered fare",
      "amount": "133,000.00",
      "ifTax": true
    },
    {
      "content": "Platform Fee",
      "amount": "10,000.00",
      "ifTax": false
    },
    {
      "content": "Toll",
      "amount": "52,000.00",
      "ifTax": false
    },
    {
      "content": "Tax Base",
      "amount": "9,009.00",
      "ifTax": true
    },
    {
      "content": "VAT",
      "amount": "991.00",
      "ifTax": true
    }
  ]
}