{
  "type": "taxi",
  "std_start_time": "2023-06-07",
  "orig_start_time": "7 June 2023",
  "std_end_time": "",
  "orig_end_time": "",
  "std_invoice_time": "2023-06-07",
  "orig_invoice_time": "7 June 2023",
  "place": "Indonesia-Tangerang City",
  "departure": "",
  "arrival": "",
  "std_curr": "IDR",
  "orig_curr": [
    "Rp",
    "Indonesia"
  ],
  "std_total": "152.50",
  "orig_total": "152.500",
  "seller_name": [
    "GoCar"
  ],
  "seller_address": [
    "Indonesia-Jakarta"
  ],
  "invoice_number": "RB-11875-3641840",
  "tax_number": "",
  "detail": [
    {
      "content": "Trip fare",
      "amount": "141.50",
      "ifTax": false
    },
    {
      "content": "Platform fee",
      "amount": "10.00",
      "ifTax": false
    }
  ]
}