{
  "type": "taxi",
  "std_start_time": "",
  "orig_start_time": "",
  "std_end_time": "",
  "orig_end_time": "",
  "std_invoice_time": "2022-07-16",
  "orig_invoice_time": "Jul 16th 2022",
  "place": "India-Telangana",
  "departure": "",
  "arrival": "",
  "std_curr": "INR",
  "orig_curr": [
    "₹",
    "Telangana"
  ],
  "std_total": "260.65",
  "orig_total": "260.65",
  "seller_name": [
    "rapido"
  ],
  "seller_address": [],
  "invoice_number": "2223TS0018614275",
  "tax_number": "36AAHCR1710J1ZH",
  "detail": [
    {
      "content": "Captain Fee",
      "amount": "248.23",
      "ifTax": false
    },
    {
      "content": "CGST(2.5%)",
      "amount": "6.21",
      "ifTax": true
    },
    {
      "content": "SGST(0%)",
      "amount": "6.21",
      "ifTax": true
    },
    {
      "content": "IGST (0%)",
      "amount": "0.00",
      "ifTax": true
    }
  ]
}