{
  "type": "taxi",
  "std_start_time": "2024-09-30",
  "orig_start_time": "Sep 30th 2024",
  "std_end_time": "",
  "orig_end_time": "",
  "std_invoice_time": "",
  "orig_invoice_time": "",
  "place": "India-Bangalore",
  "departure": "",
  "arrival": "",
  "std_curr": "INR",
  "orig_curr": [
    "₹",
    "India"
  ],
  "std_total": "131.00",
  "orig_total": " 131.00",
  "seller_name": [
    "rapido，Roppen Transportation Services Private Limited"
  ],
  "seller_address": [
    "India-Bangalore"
  ],
  "invoice_number": "2425KA0022664248",
  "tax_number": "29AAHCR1710J1ZC",
  "detail": [
    {
      "content": "Ride Charge",
      "amount": "129.82",
      "ifTax": true
    },
    {
      "content": "Booking Fees & Convenience Charges",
      "amount": "1.18",
      "ifTax": true
    }
  ]
}