{
  "type": "taxi",
  "std_start_time": "2017-08-01",
  "orig_start_time": "01 AUG 17",
  "std_end_time": "",
  "orig_end_time": "",
  "std_invoice_time": "2017-08-01",
  "orig_invoice_time": "01 AUG 17",
  "place": "",
  "departure": "",
  "arrival": "",
  "std_curr": "AUD",
  "orig_curr": [
    "$",
    "AUSTRALIA"
  ],
  "std_total": "72.00",
  "orig_total": "72.00",
  "seller_name": [
    "GM CABS "
  ],
  "seller_address": [],
  "invoice_number": "",
  "tax_number": "",
  "detail": [
    {
      "content": "FARE INC GST",
      "amount": "72.00",
      "ifTax": true
    }
  ]
}