{
  "type": "taxi",
  "std_start_time": "2020-08-09",
  "orig_start_time": "09 AUG 20",
  "std_end_time": "",
  "orig_end_time": "",
  "std_invoice_time": "2020-08-09",
  "orig_invoice_time": "09 AUG 20",
  "place": "Australia-Suburbs",
  "departure": "",
  "arrival": "",
  "std_curr": "AUD",
  "orig_curr": [
    "AUD",
    "$",
    "AUSTRALIA"
  ],
  "std_total": "41.74",
  "orig_total": " 41.74",
  "seller_name": [
    "GM CABS AUSTRALIA"
  ],
  "seller_address": [
    "Australia"
  ],
  "invoice_number": "001020",
  "tax_number": "",
  "detail": [
    {
      "content": "FARE INC GST",
      "amount": "35.00",
      "ifTax": true
    },
    {
      "content": "SERVICE FEE",
      "amount": "1.81",
      "ifTax": false
    },
    {
      "content": "SVC FEE GST",
      "amount": "0.18",
      "ifTax": true
    },
    {
      "content": "OTHERS",
      "amount": "4.75",
      "ifTax": false
    }
  ]
}