{
  "type": "taxi",
  "std_start_time": "",
  "orig_start_time": "",
  "std_end_time": "",
  "orig_end_time": "",
  "std_invoice_time": "2024-04-13",
  "orig_invoice_time": "13 Apr, 2024",
  "place": "India-Maharashtra",
  "departure": "India-Pimpri-Chinchwad ",
  "arrival": "India-Pune",
  "std_curr": "INR",
  "orig_curr": [
    "₹",
    "Maharashtra"
  ],
  "std_total": "467.00",
  "orig_total": "467",
  "seller_name": [
    "OLA"
  ],
  "seller_address": [],
  "invoice_number": "",
  "tax_number": "",
  "detail": [
    {
      "content": "Your Trip",
      "amount": "466.77",
      "ifTax": true
    }
  ]
}