{
  "type": "taxi",
  "std_start_time": "2025-02-02",
  "orig_start_time": "02/02/2025",
  "std_end_time": "",
  "orig_end_time": "",
  "std_invoice_time": "2025-02-02",
  "orig_invoice_time": "02/02/2025",
  "place": "Australia-Brisbane",
  "departure": "",
  "arrival": "",
  "std_curr": "AUD",
  "orig_curr": [
    "AUD",
    "BRISBANE",
    "$"
  ],
  "std_total": "56.64",
  "orig_total": "56.64",
  "seller_name": [
    "YELLOW CABS QLD"
  ],
  "seller_address": [],
  "invoice_number": "",
  "tax_number": "",
  "detail": [
    {
      "content": "FARE",
      "amount": "45.10",
      "ifTax": true
    },
    {
      "content": "BNE INTERNATIONAL A.",
      "amount": "4.71",
      "ifTax": true
    },
    {
      "content": "MY AIRPORT LINK LUT",
      "amount": "6.83",
      "ifTax": true
    }
  ]
}