{
  "type": "taxi",
  "std_start_time": "2025-09-01",
  "orig_start_time": "Sep 1st 2025",
  "std_end_time": "",
  "orig_end_time": "",
  "std_invoice_time": "",
  "orig_invoice_time": "",
  "place": "India",
  "departure": "",
  "arrival": "",
  "std_curr": "INR",
  "orig_curr": [
    "₹",
    "India"
  ],
  "std_total": "481.00",
  "orig_total": "481",
  "seller_name": [
    "rapido"
  ],
  "seller_address": [],
  "invoice_number": "",
  "tax_number": "",
  "detail": [
    {
      "content": "Selected Price",
      "amount": "481.00",
      "ifTax": false
    }
  ]
}