{
  "type": "taxi",
  "std_start_time": "2019-10-03",
  "orig_start_time": "03 October 2019",
  "std_end_time": "",
  "orig_end_time": "",
  "std_invoice_time": "",
  "orig_invoice_time": "",
  "place": "Indonesia-Jakarta",
  "departure": "",
  "arrival": "",
  "std_curr": "IDR",
  "orig_curr": [
    "Rp",
    "Indonesia"
  ],
  "std_total": "23,000.00",
  "orig_total": "23.000",
  "seller_name": [
    "GO-RIDE"
  ],
  "seller_address": [],
  "invoice_number": "RB-2852075577",
  "tax_number": "",
  "detail": [
    {
      "content": "Price (10.9 km)",
      "amount": "28,000.00",
      "ifTax": false
    },
    {
      "content": "Voucher",
      "amount": "-5,000.00",
      "ifTax": false
    }
  ]
}