{
  "type": "taxi",
  "std_start_time": "2024-03-14",
  "orig_start_time": "3/14/24 ",
  "std_end_time": "",
  "orig_end_time": "",
  "std_invoice_time": "2024-03-14",
  "orig_invoice_time": "March 14, 2024",
  "place": "US-Austin",
  "departure": "US-Austin",
  "arrival": "US-Kyle",
  "std_curr": "USD",
  "orig_curr": [
    "$",
    "US"
  ],
  "std_total": "49.29",
  "orig_total": "49.29",
  "seller_name": [
    "Uber"
  ],
  "seller_address": [
    "US-Austin"
  ],
  "invoice_number": "",
  "tax_number": "",
  "detail": [
    {
      "content": "Trip fare",
      "amount": "33.01",
      "ifTax": false
    },
    {
      "content": "Wait Time",
      "amount": "0.21",
      "ifTax": false
    },
    {
      "content": "Booking Fee",
      "amount": "4.97",
      "ifTax": false
    },
    {
      "content": "Airport Surcharge",
      "amount": "2.50",
      "ifTax": false
    },
    {
      "content": "Tip",
      "amount": "8.18",
      "ifTax": false
    }
  ]
}