{
  "type": "taxi",
  "std_start_time": "2023-10-06",
  "orig_start_time": "October 6, 2023",
  "std_end_time": "",
  "orig_end_time": "",
  "std_invoice_time": "",
  "orig_invoice_time": "",
  "place": "US-Dallas",
  "departure": "",
  "arrival": "",
  "std_curr": "USD",
  "orig_curr": [
    "$",
    "Dallas"
  ],
  "std_total": "32.61",
  "orig_total": "32.61",
  "seller_name": [
    "Uber"
  ],
  "seller_address": [],
  "invoice_number": "",
  "tax_number": "",
  "detail": [
    {
      "content": "Trip fare",
      "amount": "26.84",
      "ifTax": false
    },
    {
      "content": "Tips",
      "amount": "5.43",
      "ifTax": false
    },
    {
      "content": "Texas Regulatory Recovery Fee",
      "amount": "0.34",
      "ifTax": false
    }
  ]
}