{
  "type": "taxi",
  "std_start_time": "2023-07-19",
  "orig_start_time": "7/19/23",
  "std_end_time": "",
  "orig_end_time": "",
  "std_invoice_time": "2023-06-19",
  "orig_invoice_time": "June 19, 2023",
  "place": "India-Bengaluru",
  "departure": "",
  "arrival": "",
  "std_curr": "INR",
  "orig_curr": [
    "₹",
    "Bengaluru"
  ],
  "std_total": "641.00",
  "orig_total": "641.00",
  "seller_name": [
    "Uber"
  ],
  "seller_address": [],
  "invoice_number": "",
  "tax_number": "",
  "detail": [
    {
      "content": "Trip charge",
      "amount": "620.60",
      "ifTax": true
    },
    {
      "content": "Rounding",
      "amount": "0.40",
      "ifTax": true
    },
    {
      "content": "Bookingfee",
      "amount": "20.00",
      "ifTax": true
    }
  ]
}