{
  "type": "taxi",
  "std_start_time": "2023-10-31",
  "orig_start_time": "10/31/23",
  "std_end_time": "",
  "orig_end_time": "",
  "std_invoice_time": "2023-10-31",
  "orig_invoice_time": "October 31, 2023",
  "place": "Saudi Arabia",
  "departure": "",
  "arrival": "",
  "std_curr": "SAR",
  "orig_curr": [
    "SAR"
  ],
  "std_total": "53.00",
  "orig_total": "53.00",
  "seller_name": [
    "Uber"
  ],
  "seller_address": [],
  "invoice_number": "",
  "tax_number": "",
  "detail": [
    {
      "content": "Trip fare",
      "amount": "52.09",
      "ifTax": true
    },
    {
      "content": "Rounding",
      "amount": "0.33",
      "ifTax": true
    },
    {
      "content": "Government Fee",
      "amount": "0.58",
      "ifTax": true
    }
  ]
}