{
  "type": "taxi",
  "std_start_time": "2023-11-13",
  "orig_start_time": "2023-11-13",
  "std_end_time": "",
  "orig_end_time": "",
  "std_invoice_time": "",
  "orig_invoice_time": "",
  "place": "",
  "departure": "Malaysia-Alor Setar",
  "arrival": "Malaysia-Bayan Lepas",
  "std_curr": "MYR",
  "orig_curr": [
    "RM",
    "Alor Setar",
    "Bayan Lepas"
  ],
  "std_total": "188.80",
  "orig_total": "188.80",
  "seller_name": [
    "Grab"
  ],
  "seller_address": [],
  "invoice_number": "",
  "tax_number": "",
  "detail": [
    {
      "content": "Ride Fare (RM173) including Toll (RM15.80)",
      "amount": "188.80",
      "ifTax": false
    }
  ]
}