{
  "type": "taxi",
  "std_start_time": "2018-12-12",
  "orig_start_time": "12/12/2018",
  "std_end_time": "",
  "orig_end_time": "",
  "std_invoice_time": "",
  "orig_invoice_time": "",
  "place": "",
  "departure": "",
  "arrival": "",
  "std_curr": "GBP",
  "orig_curr": [
    "£",
    "London"
  ],
  "std_total": "5.72",
  "orig_total": "5.72",
  "seller_name": [
    "MAXI TAXI"
  ],
  "seller_address": [],
  "invoice_number": "CFAF",
  "tax_number": "",
  "detail": [
    {
      "content": "TAX",
      "amount": "5.72",
      "ifTax": true
    }
  ]
}