{
  "type": "taxi",
  "std_start_time": "",
  "orig_start_time": "",
  "std_end_time": "",
  "orig_end_time": "",
  "std_invoice_time": "2024-01-08",
  "orig_invoice_time": "08 Jan, 2024",
  "place": "India",
  "departure": "India-Gurugram",
  "arrival": "India-Delhi",
  "std_curr": "INR",
  "orig_curr": [
    "₹",
    "India"
  ],
  "std_total": "618.00",
  "orig_total": "618",
  "seller_name": [
    "OLA"
  ],
  "seller_address": [],
  "invoice_number": "",
  "tax_number": "",
  "detail": [
    {
      "content": "Your Trip",
      "amount": "635.20",
      "ifTax": true
    },
    {
      "content": "Coupon Savings (40DEL)",
      "amount": "-60.00",
      "ifTax": true
    },
    {
      "content": "Toll/Parking Fee",
      "amount": "32",
      "ifTax": false
    },
    {
      "content": "Insurance premium",
      "amount": "2.00",
      "ifTax": false
    },
    {
      "content": "Health Pack fee",
      "amount": "8.00",
      "ifTax": false
    }
  ]
}