{
  "type": "taxi",
  "std_start_time": "2023-01-08",
  "orig_start_time": "08 Jan, 2023",
  "std_end_time": "",
  "orig_end_time": "",
  "std_invoice_time": "",
  "orig_invoice_time": "",
  "place": "India-Mumbai",
  "departure": "",
  "arrival": "",
  "std_curr": "INR",
  "orig_curr": [
    "₹",
    "Mumbai"
  ],
  "std_total": "315.00",
  "orig_total": "315",
  "seller_name": [
    "OLA"
  ],
  "seller_address": [],
  "invoice_number": "",
  "tax_number": "",
  "detail": [
    {
      "content": "Your Trip",
      "amount": "236.25",
      "ifTax": true
    },
    {
      "content": "Total Access Fee",
      "amount": "76.11",
      "ifTax": true
    },
    {
      "content": "Wait time charge",
      "amount": "2.60",
      "ifTax": true
    }
  ]
}