{
  "type": "train",
  "std_start_time": "06-28",
  "orig_start_time": "28/06",
  "std_end_time": "",
  "orig_end_time": "",
  "std_invoice_time": "",
  "orig_invoice_time": "",
  "place": "",
  "departure": "Germany-Stuttgart",
  "arrival": "France-Paris",
  "std_curr": "EUR",
  "orig_curr": [
    "EUR",
    "Paris",
    "Stuttgart"
  ],
  "std_total": "19.00",
  "orig_total": "19,00",
  "seller_name": [
    "SNCF Voyageurs"
  ],
  "seller_address": [],
  "invoice_number": "724735590",
  "tax_number": "",
  "detail": [
    {
      "content": "TICKET",
      "amount": "19.00",
      "ifTax": false
    }
  ]
}