{
  "type": "train",
  "std_start_time": "2019-08-03",
  "orig_start_time": "3 August 2019",
  "std_end_time": "",
  "orig_end_time": "",
  "std_invoice_time": "",
  "orig_invoice_time": "",
  "place": "Indonesia",
  "departure": "Indonesia-Bandung",
  "arrival": "Indonesia-Jakarta",
  "std_curr": "IDR",
  "orig_curr": [
    "Rp",
    "Bandung"
  ],
  "std_total": "226,622.00",
  "orig_total": "226.622",
  "seller_name": [
    "PT KERETA API INDONESIA (PERSERO)"
  ],
  "seller_address": [],
  "invoice_number": "",
  "tax_number": "",
  "detail": [
    {
      "content": "Argo Parahyangan Tambahan",
      "amount": "220,000.00",
      "ifTax": false
    },
    {
      "content": "Convenience Fee",
      "amount": "7,500.00",
      "ifTax": false
    },
    {
      "content": "Unique Code",
      "amount": "-878",
      "ifTax": false
    }
  ]
}