{
  "type": "train",
  "std_start_time": "2024-04-08",
  "orig_start_time": "08-Apr-2024",
  "std_end_time": "2024-04-10",
  "orig_end_time": "10-Apr-2024",
  "std_invoice_time": "",
  "orig_invoice_time": "",
  "place": "India",
  "departure": "India-Gorakhpur",
  "arrival": "India-Ahmedabad",
  "std_curr": "INR",
  "orig_curr": [
    "Gorakhpur",
    "Ahmedabad"
  ],
  "std_total": "871.80",
  "orig_total": "871.8",
  "seller_name": [
    "Indian Railways"
  ],
  "seller_address": [
    "India-New Delhi"
  ],
  "invoice_number": "PS24231278846711",
  "tax_number": "07AAAGM0289C1ZL",
  "detail": [
    {
      "content": "Ticket Fare",
      "amount": "860.00",
      "ifTax": false
    },
    {
      "content": "IRCTC Convenience Fee (Incl. GST)",
      "amount": "11.80",
      "ifTax": true
    }
  ]
}