{
  "type": "train",
  "std_start_time": "2025-10-05",
  "orig_start_time": "05-OCT-2025",
  "std_end_time": "",
  "orig_end_time": "",
  "std_invoice_time": "",
  "orig_invoice_time": "",
  "place": "India",
  "departure": "India-Warangal",
  "arrival": "India-Khammam",
  "std_curr": "INR",
  "orig_curr": [
    "₹",
    "Warangal"
  ],
  "std_total": "139.70",
  "orig_total": "139.70",
  "seller_name": [
    "One97 Communications Ltd.，IRCTC"
  ],
  "seller_address": [],
  "invoice_number": "",
  "tax_number": "",
  "detail": [
    {
      "content": "Ticket Fare",
      "amount": "85.00",
      "ifTax": false
    },
    {
      "content": "RCTC Convenience Fee（incl. of GST）",
      "amount": "17.70",
      "ifTax": true
    },
    {
      "content": "Agent Service Charge（incl. of GST）",
      "amount": "20.00",
      "ifTax": true
    },
    {
      "content": "Fee Cancellation Charges（incl. of GST）",
      "amount": "17.00",
      "ifTax": true
    },
    {
      "content": "Travel Insurance Premium(incl. of GST)",
      "amount": "0.00",
      "ifTax": true
    },
    {
      "content": "PG Charges (incl. of GST)",
      "amount": "0.00",
      "ifTax": true
    },
    {
      "content": "Catering Charges (incl. of GST)",
      "amount": "0.00",
      "ifTax": true
    }
  ]
}