{
  "type": "train",
  "std_start_time": "2025-10-14",
  "orig_start_time": "14-Oct-2025",
  "std_end_time": "",
  "orig_end_time": "",
  "std_invoice_time": "",
  "orig_invoice_time": "",
  "place": "India",
  "departure": "India-Kurnool City",
  "arrival": "India-Tiruchchirapali",
  "std_curr": "INR",
  "orig_curr": [
    "₹",
    "KURNOOL CITY "
  ],
  "std_total": "6,499.35",
  "orig_total": "6,499.35",
  "seller_name": [
    "CSC E GOVERNANCE SERVICES INDIA LIMITED"
  ],
  "seller_address": [
    "India-Karaikudi"
  ],
  "invoice_number": "4226515863",
  "tax_number": "",
  "detail": [
    {
      "content": "Ticket Fare",
      "amount": "6,360.00",
      "ifTax": false
    },
    {
      "content": "IRCTC Convenience Fee (Incl. of GST)",
      "amount": "35.40",
      "ifTax": true
    },
    {
      "content": "Travel Agent Service Charge",
      "amount": "40.00",
      "ifTax": false
    },
    {
      "content": "PG Charges",
      "amount": "63.95",
      "ifTax": false
    },
    {
      "content": "Travel Insurance Premium",
      "amount": "0.00",
      "ifTax": true
    }
  ]
}