{
  "type": "train",
  "std_start_time": "2021-07-15",
  "orig_start_time": "15-JUL-2021",
  "std_end_time": "",
  "orig_end_time": "",
  "std_invoice_time": "2021-07-14",
  "orig_invoice_time": "14-JUL-2021",
  "place": "Bangladesh",
  "departure": "Bangladesh-THAKURGAON",
  "arrival": "Bangladesh-DHAKA",
  "std_curr": "BDT",
  "orig_curr": [
    "BDT",
    "THAKURGAON"
  ],
  "std_total": "520.00",
  "orig_total": "520",
  "seller_name": [
    "BANGLADESH RAILWAY"
  ],
  "seller_address": [],
  "invoice_number": "",
  "tax_number": "",
  "detail": [
    {
      "content": "FARE",
      "amount": "520.00",
      "ifTax": false
    },
    {
      "content": "VAT",
      "amount": "0.00",
      "ifTax": true
    }
  ]
}