{
  "type": "train",
  "std_start_time": "09-18",
  "orig_start_time": "18 . SEP ",
  "std_end_time": "",
  "orig_end_time": "",
  "std_invoice_time": "",
  "orig_invoice_time": "",
  "place": "Saudi Arabia",
  "departure": "Saudi Arabia-Madinah",
  "arrival": "Saudi Arabia-Makkah",
  "std_curr": "SAR",
  "orig_curr": [
    "SAR",
    "Madinah"
  ],
  "std_total": "190.90",
  "orig_total": "190.90",
  "seller_name": [
    "Haramain High Speed Railway"
  ],
  "seller_address": [],
  "invoice_number": "",
  "tax_number": "3000008086600003",
  "detail": [
    {
      "content": "Price",
      "amount": "166.00",
      "ifTax": false
    },
    {
      "content": "Vat (0.0%)",
      "amount": "24.90",
      "ifTax": true
    },
    {
      "content": "Mgnt Fee (0.0% VAT Incl.)",
      "amount": "0.00",
      "ifTax": true
    },
    {
      "content": "Pymt Fee (0.0% VAT Incl.)",
      "amount": "0.00",
      "ifTax": true
    }
  ]
}