{
  "type": "train",
  "std_start_time": "2023-08-24",
  "orig_start_time": "24-Aug-2023",
  "std_end_time": "2023-08-25",
  "orig_end_time": "25-Aug-2023",
  "std_invoice_time": "",
  "orig_invoice_time": "",
  "place": "India",
  "departure": "India-Chennai",
  "arrival": "India-Bengaluru",
  "std_curr": "INR",
  "orig_curr": [
    "₹",
    "Chennai",
    "Bengaluru"
  ],
  "std_total": "2,599.10",
  "orig_total": "2,599.10",
  "seller_name": [
    "IRCTC"
  ],
  "seller_address": [],
  "invoice_number": "",
  "tax_number": "",
  "detail": [
    {
      "content": "Ticket Fare",
      "amount": "2,580.00",
      "ifTax": false
    },
    {
      "content": "IRCTC Convenience Fee (Incl. of GST)",
      "amount": "17.70",
      "ifTax": true
    },
    {
      "content": "Travel Insurance Premium (Incl. of GST)",
      "amount": "1.40",
      "ifTax": true
    }
  ]
}