{
  "type": "other",
  "std_start_time": "2019-09-23",
  "orig_start_time": "Sep 23, 2019",
  "std_end_time": "2019-10-22",
  "orig_end_time": "Oct 22, 2019",
  "std_invoice_time": "",
  "orig_invoice_time": "",
  "place": "USA-SPRING",
  "departure": "",
  "arrival": "",
  "std_curr": "USD",
  "orig_curr": [
    "$",
    "Houston"
  ],
  "std_total": "7.55",
  "orig_total": "7.55",
  "seller_name": [
    "ThinkEnergy"
  ],
  "seller_address": [
    "USA-San Antonio"
  ],
  "invoice_number": "5610244109901",
  "tax_number": "",
  "detail": [
    {
      "content": "Total Think Energy Charges",
      "amount": "0.59",
      "ifTax": false
    },
    {
      "content": "Total CENTERPOINT ENERGY Charges",
      "amount": "6.42",
      "ifTax": false
    },
    {
      "content": "Total Taxes / Assessments",
      "amount": "0.52",
      "ifTax": true
    }
  ]
}