{
  "type": "plane",
  "std_start_time": "06-25",
  "orig_start_time": "25JUN",
  "std_end_time": "07-02",
  "orig_end_time": "2JUL",
  "std_invoice_time": "2025-06-06",
  "orig_invoice_time": "06 JUN 2025",
  "place": "",
  "departure": "Venezuela-Maracay",
  "arrival": "Venezuela-Maracay",
  "std_curr": "USD",
  "orig_curr": [
    "USD"
  ],
  "std_total": "84.84",
  "orig_total": "84.84",
  "seller_name": [
    "CONVIASA"
  ],
  "seller_address": [],
  "invoice_number": "308-0130821807",
  "tax_number": "",
  "detail": [
    {
      "content": "FARE CALC",
      "amount": "74.27",
      "ifTax": false
    },
    {
      "content": "6B",
      "amount": "2.00",
      "ifTax": true
    },
    {
      "content": "6D",
      "amount": "1.93",
      "ifTax": true
    },
    {
      "content": "6S",
      "amount": "3.00",
      "ifTax": true
    },
    {
      "content": "EU",
      "amount": "0.64",
      "ifTax": true
    },
    {
      "content": "AK",
      "amount": "3.00",
      "ifTax": true
    }
  ]
}