{
  "type": "plane",
  "std_start_time": "2025-06-24",
  "orig_start_time": "24 Jun2025",
  "std_end_time": "",
  "orig_end_time": "",
  "std_invoice_time": "2025-06-12",
  "orig_invoice_time": "12 Jun2025",
  "place": "",
  "departure": "Italy-Milan",
  "arrival": "Italy-Rome",
  "std_curr": "EUR",
  "orig_curr": [
    "EUR"
  ],
  "std_total": "155.72",
  "orig_total": "155.72",
  "seller_name": [
    "ITA Airways"
  ],
  "seller_address": [],
  "invoice_number": "055 3591066359",
  "tax_number": "",
  "detail": [
    {
      "content": "Supplemento Imposto Dal Vettore / Carrier",
      "amount": "5.00",
      "ifTax": false
    },
    {
      "content": "Tasse",
      "amount": "2.43",
      "ifTax": true
    },
    {
      "content": "Taxes",
      "amount": "6.50",
      "ifTax": true
    },
    {
      "content": "Taxes",
      "amount": "14.29",
      "ifTax": true
    },
    {
      "content": "Taxes",
      "amount": "1.02",
      "ifTax": true
    },
    {
      "content": "Taxes",
      "amount": "2.48",
      "ifTax": true
    },
    {
      "content": "Imposed Fees",
      "amount": "13.00",
      "ifTax": false
    },
    {
      "content": "Tariffa / Fare:\t",
      "amount": "111.00",
      "ifTax": false
    }
  ]
}