{
  "type": "plane",
  "std_start_time": "2023-01-23",
  "orig_start_time": "23Jan2023",
  "std_end_time": "",
  "orig_end_time": "",
  "std_invoice_time": "2023-01-20",
  "orig_invoice_time": "20Jan2023",
  "place": "",
  "departure": "Romania-Bucharest",
  "arrival": "United Kingdom-London",
  "std_curr": "EUR",
  "orig_curr": [
    "EUR",
    "Bucharest"
  ],
  "std_total": "264.32",
  "orig_total": "264.32",
  "seller_name": [
    "TAROM"
  ],
  "seller_address": [
    "Romania-Bucharest"
  ],
  "invoice_number": "281 2403450803",
  "tax_number": "",
  "detail": [
    {
      "content": "Fare",
      "amount": "219.00",
      "ifTax": false
    },
    {
      "content": "Taxes",
      "amount": "6.00",
      "ifTax": true
    },
    {
      "content": "Carrier Imposed Fees",
      "amount": "14.32",
      "ifTax": false
    },
    {
      "content": "Suprataxe Companie",
      "amount": "20.00",
      "ifTax": true
    },
    {
      "content": "Taxa/Fee",
      "amount": "5.00",
      "ifTax": true
    }
  ]
}