{
  "type": "bus",
  "std_start_time": "2024-01-15",
  "orig_start_time": "15 janv. 2024",
  "std_end_time": "01-16",
  "orig_end_time": "16 janv.",
  "std_invoice_time": "",
  "orig_invoice_time": "",
  "place": "",
  "departure": "France-Paris",
  "arrival": "Italy-Milan",
  "std_curr": "EUR",
  "orig_curr": [
    "EUR",
    "Paris",
    "Milan"
  ],
  "std_total": "57.98",
  "orig_total": "57,98 ",
  "seller_name": [
    "FlixBus"
  ],
  "seller_address": [],
  "invoice_number": "",
  "tax_number": "",
  "detail": [
    {
      "content": "Total price",
      "amount": "57.98",
      "ifTax": false
    }
  ]
}