{
  "type": "train",
  "std_start_time": "2024-08-06",
  "orig_start_time": "06/08/2024",
  "std_end_time": "",
  "orig_end_time": "",
  "std_invoice_time": "",
  "orig_invoice_time": "",
  "place": "",
  "departure": "Spain-MADRID",
  "arrival": "Spain-BARCELONA",
  "std_curr": "EUR",
  "orig_curr": [
    "€",
    "MADRID"
  ],
  "std_total": "9.50",
  "orig_total": "9,50",
  "seller_name": [
    "RENFE VIAJEROS S.M.E., S"
  ],
  "seller_address": [
    "Spain-Madrid"
  ],
  "invoice_number": "",
  "tax_number": "A86868189",
  "detail": [
    {
      "content": "TOTAL",
      "amount": "9.50",
      "ifTax": true
    }
  ]
}