{
  "type": "plane",
  "std_start_time": "05-21",
  "orig_start_time": "21May",
  "std_end_time": "05-24",
  "orig_end_time": "24May",
  "std_invoice_time": "",
  "orig_invoice_time": "",
  "place": "",
  "departure": "Brazil-Brasília",
  "arrival": "Brazil-Brasilia",
  "std_curr": "BRL",
  "orig_curr": [
    "BRL"
  ],
  "std_total": "242.12",
  "orig_total": "242.12",
  "seller_name": [
    "AVIANCA BRASIL"
  ],
  "seller_address": [],
  "invoice_number": "247 2410493918",
  "tax_number": "",
  "detail": [
    {
      "content": "Base Tariff / Fare Basis",
      "amount": "198.00",
      "ifTax": false
    },
    {
      "content": "Taxes / Taxes",
      "amount": "44.12",
      "ifTax": true
    }
  ]
}