{
  "type": "other",
  "std_start_time": "2022-08-24",
  "orig_start_time": "24/08/22",
  "std_end_time": "",
  "orig_end_time": "",
  "std_invoice_time": "2022-08-24",
  "orig_invoice_time": "24/08/2022",
  "place": "France",
  "departure": "",
  "arrival": "",
  "std_curr": "EUR",
  "orig_curr": [
    "€",
    "France"
  ],
  "std_total": "360.00",
  "orig_total": "360.00",
  "seller_name": [
    "NIKE ROUBAIX CLEARANCE STORE"
  ],
  "seller_address": [
    "France"
  ],
  "invoice_number": "T121308008715",
  "tax_number": "572 233 864 00832",
  "detail": [
    {
      "content": "SHORT",
      "amount": "360.00",
      "ifTax": true
    }
  ]
}