{
  "type": "train",
  "std_start_time": "2022-06-22",
  "orig_start_time": "22 JUIN 2022",
  "std_end_time": "",
  "orig_end_time": "",
  "std_invoice_time": "",
  "orig_invoice_time": "",
  "place": "",
  "departure": "France-Rennes",
  "arrival": "",
  "std_curr": "EUR",
  "orig_curr": [
    "EUR"
  ],
  "std_total": "93.00",
  "orig_total": "93,00",
  "seller_name": [
    "FCE OBERTHUR FIDUCIAIRE SAS"
  ],
  "seller_address": [],
  "invoice_number": "889973711",
  "tax_number": "",
  "detail": [
    {
      "content": "Prix",
      "amount": "93.00",
      "ifTax": false
    }
  ]
}