{
  "type": "plane",
  "std_start_time": "2025-07-14",
  "orig_start_time": "14 Jul 2025",
  "std_end_time": "",
  "orig_end_time": "",
  "std_invoice_time": "2025-06-28",
  "orig_invoice_time": "28 Jun 2025",
  "place": "",
  "departure": "Indonesia-Jakarta",
  "arrival": "Indonesia-Yogyakarta",
  "std_curr": "",
  "orig_curr": [
    "Rp"
  ],
  "std_total": "1,938,017.00",
  "orig_total": "1.938.017",
  "seller_name": [
    "Trinus Travelindo"
  ],
  "seller_address": [
    "Indonesia-Banten"
  ],
  "invoice_number": "1836128465777087164",
  "tax_number": "0316163203031000",
  "detail": [
    {
      "content": "Tiket Pesawat Super Air Jet (Dewasa) CGK - TTE | 14 Jul 2025",
      "amount": "1,912,400.00",
      "ifTax": true
    },
    {
      "content": "Potongan Poin",
      "amount": "-3,383.00",
      "ifTax": false
    },
    {
      "content": "BIAYA LAYANAN",
      "amount": "29,000.00",
      "ifTax": true
    }
  ]
}