{
  "type": "plane",
  "std_start_time": "",
  "orig_start_time": "",
  "std_end_time": "",
  "orig_end_time": "",
  "std_invoice_time": "2019-06-24",
  "orig_invoice_time": "24-JUN-19",
  "place": "Brazil-São Paulo",
  "departure": "",
  "arrival": "",
  "std_curr": "BRL",
  "orig_curr": [
    "BRL",
    "São Paulo"
  ],
  "std_total": "20.00",
  "orig_total": "20,00",
  "seller_name": [
    "LATAM AIRLINES"
  ],
  "seller_address": [
    "Brazil-São Paulo"
  ],
  "invoice_number": "957-1519722239",
  "tax_number": "02.012.862/0001-60",
  "detail": [
    {
      "content": "Venda de assento",
      "amount": "20.00",
      "ifTax": false
    }
  ]
}