{
  "type": "taxi",
  "std_start_time": "2023-07-19",
  "orig_start_time": "19 de julio de 2023",
  "std_end_time": "",
  "orig_end_time": "",
  "std_invoice_time": "",
  "orig_invoice_time": "",
  "place": "Mexico",
  "departure": "Mexico-Coyoacán",
  "arrival": "Mexico-Ciudad de México",
  "std_curr": "MXN",
  "orig_curr": [
    "MXN",
    "Coyoacán"
  ],
  "std_total": "58.89",
  "orig_total": "58,89",
  "seller_name": [
    "Uber"
  ],
  "seller_address": [],
  "invoice_number": "",
  "tax_number": "",
  "detail": [
    {
      "content": "Tarifa del viaje",
      "amount": "34.48",
      "ifTax": true
    },
    {
      "content": "Descuentos y ajustes",
      "amount": "-0.21",
      "ifTax": true
    },
    {
      "content": "Cuota de solicitud",
      "amount": "4.62",
      "ifTax": true
    },
    {
      "content": "Viaje anterior con la app de Uber sin pagar",
      "amount": "20.00",
      "ifTax": true
    }
  ]
}