{
  "type": "plane",
  "std_start_time": "2022-09-08",
  "orig_start_time": "08Sep2022",
  "std_end_time": "2022-09-14",
  "orig_end_time": "14Sep2022",
  "std_invoice_time": "2022-08-03",
  "orig_invoice_time": "03Aug2022",
  "place": "",
  "departure": "Romania-Bucharest",
  "arrival": "Romania-Bucharest",
  "std_curr": "EUR",
  "orig_curr": [
    "EUR"
  ],
  "std_total": "316.45",
  "orig_total": "316.45",
  "seller_name": [
    "TAROM"
  ],
  "seller_address": [
    "Romania-Bucharest"
  ],
  "invoice_number": "281 2403198015",
  "tax_number": "",
  "detail": [
    {
      "content": "Taxe / Taxes",
      "amount": "6.00",
      "ifTax": true
    },
    {
      "content": "Taxe / Taxes",
      "amount": "14.32",
      "ifTax": true
    },
    {
      "content": "Suprataxe",
      "amount": "50.00",
      "ifTax": true
    },
    {
      "content": "Taxa",
      "amount": "5.00",
      "ifTax": true
    },
    {
      "content": "Tarif/Fare",
      "amount": "208.00",
      "ifTax": false
    },
    {
      "content": "Taxe",
      "amount": "0.39",
      "ifTax": true
    },
    {
      "content": "Taxe / Taxes",
      "amount": "0.39",
      "ifTax": true
    },
    {
      "content": "Taxe / Taxes",
      "amount": "32.35",
      "ifTax": true
    }
  ]
}