{
  "type": "plane",
  "std_start_time": "2024-11-30",
  "orig_start_time": "30 Nov 2024",
  "std_end_time": "",
  "orig_end_time": "",
  "std_invoice_time": "2024-11-26",
  "orig_invoice_time": "26 Nov, 2024",
  "place": "",
  "departure": "Indonesia-Batam",
  "arrival": "Indonesia-Jakarta",
  "std_curr": "IDR",
  "orig_curr": [
    "IDR",
    "Batam"
  ],
  "std_total": "9,889,600.00",
  "orig_total": "9.889.600",
  "seller_name": [
    "Lion Group"
  ],
  "seller_address": [],
  "invoice_number": "",
  "tax_number": "",
  "detail": [
    {
      "content": "Published Fare",
      "amount": "7,056,000.00",
      "ifTax": false
    },
    {
      "content": "Total Taxes",
      "amount": "2,833,600.00",
      "ifTax": true
    }
  ]
}