{
  "type": "taxi",
  "std_start_time": "2024-09-17",
  "orig_start_time": "17 septembre 2024",
  "std_end_time": "",
  "orig_end_time": "",
  "std_invoice_time": "",
  "orig_invoice_time": "",
  "place": "Canada",
  "departure": "",
  "arrival": "",
  "std_curr": "CAD",
  "orig_curr": [
    "$CA",
    "Canada"
  ],
  "std_total": "36.96",
  "orig_total": "36,96",
  "seller_name": [
    "Uber"
  ],
  "seller_address": [],
  "invoice_number": "",
  "tax_number": "",
  "detail": [
    {
      "content": "Prix de la course",
      "amount": "18.69",
      "ifTax": false
    },
    {
      "content": "Frais de réservation",
      "amount": "4.61",
      "ifTax": false
    },
    {
      "content": "Redevance MTQ",
      "amount": "0.90",
      "ifTax": false
    },
    {
      "content": "Frais d'aéroport de Québec",
      "amount": "3.75",
      "ifTax": false
    },
    {
      "content": "Pourboire",
      "amount": "4.82",
      "ifTax": false
    },
    {
      "content": "TPS",
      "amount": "1.40",
      "ifTax": true
    },
    {
      "content": "TVQ",
      "amount": "2.79",
      "ifTax": true
    }
  ]
}